
//{{BLOCK(bg_bottom)

//======================================================================
//
//	bg_bottom, 256x256@8, 
//	Transparent color : FF,00,FF
//	+ palette 256 entries, not compressed
//	+ 770 tiles (t|f reduced) not compressed
//	+ regular map (in SBBs), not compressed, 32x32 
//	Total size: 512 + 49280 + 2048 = 51840
//
//	Time-stamp: 2026-09-01, 01:40:06
//	Exported by Cearn's GBA Image Transmogrifier, v1.23.0
//	( http://www.coranac.com/projects/#grit )
//
//======================================================================

const unsigned int bg_bottomTiles[12320] __attribute__((aligned(4))) __attribute__((visibility("hidden")))=
{
	0x00000000,0x00000000,0x00000000,0x00000000,0x00000000,0x00000000,0x00000000,0x00000000,
	0x00000000,0x00000000,0x00000000,0x00000000,0x00000000,0x00000000,0x00000000,0x00000000,
	0x91928989,0x8C919191,0x90919187,0x96919191,0x91919189,0x91919191,0x9191918C,0x8C8C8C91,
	0x878C9189,0x88878786,0xA9A19692,0xB0B0AFAA,0xABABABAB,0xA09FA8AC,0x8D8D8D95,0x8D88888D,
	0x8C8D9192,0x918C9191,0x91919191,0x91919191,0x91919191,0x91919196,0x8792928C,0x91968987,
	0xA8898C8D,0x9191ABAF,0xA9B0B0B0,0x9191A5A8,0x8D97A0A0,0x92919187,0x878D8888,0x898D8C89,
	0x87878A8C,0x89878787,0x87899191,0x87878787,0x89919191,0x89878987,0x91919191,0x8C899191,
	0x92919191,0x95919191,0x91919291,0x8C919191,0x91969191,0x83838791,0x86868686,0xACAC9783,

	0x9191918D,0x918C8C91,0x91919191,0x91919191,0x91919191,0x918C9196,0x91919191,0x868C8996,
	0x8C919191,0xAF898C87,0x8989918C,0xA1838387,0x83838383,0xA8A8A187,0xACACACAF,0xB4B2ACAC,
	0x87899191,0x87878787,0x89899191,0x88878887,0x83899291,0x82838383,0xAA838686,0xACACAFAF,
	0xAFB2B3B2,0xACACACAF,0x83A5A5A8,0x83838382,0xA8A5A6A5,0x8787A2A9,0xB3B3B3B3,0x8783ABB4,
	0x928D9187,0x92929292,0x87878387,0x87898787,0xAAABAA89,0xABABABAB,0xB2B2B2AF,0xB2B2B2B0,
	0x868383AB,0x86868686,0x91918883,0x91969696,0x91918C89,0x91919191,0x91919187,0x91929291,
	0x8387928D,0x89898787,0xA0928787,0xA0A1A0A0,0xB8B0A8AB,0xB8B8B8B8,0x89A9B3B2,0x91909091,
	0x91918486,0x91919191,0x91919191,0x91919191,0x92919191,0x91919291,0x91919091,0x8D878D8C,

	0x87878789,0x87878783,0x99A0A1A1,0x9999A1A0,0xB8B4B8B4,0xB8B4B4B8,0x8C909090,0x8C8D8D8C,
	0x91919191,0x8D878D8D,0x97919191,0xB0B0A894,0x928D9292,0xA1A09592,0x8D8D8D8E,0x928D8D8D,
	0x89878383,0x92928D89,0x8387A099,0x87878883,0xA8AFB8B4,0xAAAAAAAA,0xB2AB848C,0xB0B0B1B0,
	0x82838C8C,0x83838383,0xB0B0B0B0,0xB0AFB0B0,0xA0A0A1A1,0xA1A1A0A0,0x928A928D,0x94929292,
	0x8987898D,0x8C8C8D8C,0x89878787,0x91908C87,0x92A0A9A9,0x91918C8D,0xA0AAB2B0,0x929289A0,
	0x89838383,0x89878789,0xB0B0B0B0,0xB0AFAFB0,0xA1A4A1A1,0xA0A0A1A1,0x95979794,0x8D8D928D,
	0x8D8C9191,0x8A89898C,0x92919191,0x91919191,0x91919191,0x918C9191,0x91919194,0x8D88888C,
	0x8C918C89,0x87878787,0xB0AFAFAF,0xA9AFAFAF,0xA0A0A0A0,0xA19999A0,0x928D928C,0x92929292,

	0x91918C8C,0x89898989,0x91919191,0x918C8C91,0x91919191,0x91919191,0x91919191,0x91919191,
	0x91919191,0x91919191,0x91919191,0x91919191,0x91919191,0x91919191,0x92929292,0x92959191,
	0x91919190,0x87898991,0x91919191,0x878C9191,0x91969191,0x87899191,0x91919191,0x8788898C,
	0x8C909091,0x87898687,0xB4B8A989,0xB2B4B4B4,0x99A09691,0x9796A099,0x89899191,0x878C8989,
	0x8C898987,0x87878989,0x91918988,0x8787878C,0x91918987,0x87878789,0x89878787,0x87878789,
	0x87878787,0x87878787,0x87878791,0x87878787,0x87878989,0x87878787,0x87878987,0x878C8C87,
	0x87878787,0x898C958C,0x91878787,0x89919191,0x91878787,0x8C919191,0x8C878787,0x89898989,
	0x87878787,0x89878787,0x89878787,0x89878787,0x83838387,0x8C878783,0xA9A9A995,0x838383A5,

	0x91918989,0x91919191,0x91878787,0x91919191,0x91878787,0x91919191,0x918C8989,0x92919191,
	0x91919191,0x918C9192,0x9291918D,0x898C9191,0x9191908C,0x87878C91,0x86868683,0x83838387,
	0x8787898C,0x87878787,0x87899191,0x87878787,0x89929191,0x87878787,0x91919191,0x87888989,
	0x91919191,0x898A898C,0x91918C8A,0x898C9191,0x918D8887,0x92919191,0x83838383,0x87878787,
	0x8C898787,0x91919191,0x91918787,0x91919191,0x90898787,0x91919191,0x91898987,0x898D9191,
	0x8C898987,0xAF87878A,0x87878989,0xB4868787,0x87878787,0x91878787,0x83838383,0x87878383,
	0x92929192,0x928D8E88,0x92929292,0x87878789,0x83878A95,0xAAAAAA92,0xAFB0A587,0xB2B2B3AF,
	0xAFAF94A1,0x878383AB,0x8C96B0B8,0xA8A0A197,0xB8B8AA92,0xB8B8B8B8,0x9090898C,0x91919190,

	0x8D8D8D8D,0x8E918C8D,0x87878787,0x91919187,0xABAAABAB,0x929186A9,0xAFAFAFAF,0x8999AFB0,
	0xAFAFAFAF,0xA0B8B3AC,0xAFD0D2D0,0xC5CBB0A5,0x84ACC0C5,0xA199A092,0x96918990,0x89919191,
	0x8C919191,0x89898C8C,0x91919191,0x91919191,0x91919191,0x91919191,0x91919192,0x91919191,
	0x91919689,0x91919191,0x919190B1,0x91919191,0x91919199,0x91919191,0x89898C8C,0x91868989,
	0x9191918C,0x918C8C91,0x91919191,0x91919691,0x91919191,0x91919191,0x91919191,0x91909191,
	0x91919191,0x95919191,0x91919191,0x95919191,0x92919191,0x92929192,0x8D929292,0x92929292,
	0x91918C8C,0x91919191,0x91919191,0x91919291,0x91919190,0x91919191,0x91919191,0x91919191,
	0x8A8A9191,0x8A8D8D8A,0xA1A4A092,0xA1A1A4A1,0xB4B8ACA4,0xB4B4B4B4,0x8D8C9091,0x8D8D888A,

	0x91919196,0x91919191,0x91919191,0x91919191,0x91919191,0x91919191,0x91919191,0x91919191,
	0x8A91898A,0x91918C8C,0xA0A1A1A4,0xB4B4B4A9,0xB8B8B8B4,0xA1A4A0B2,0x928D8D8D,0x928D9291,
	0x91918D91,0x89898991,0x91919191,0x87899191,0x91919191,0x87919191,0x91919191,0x87878C91,
	0x89919191,0x87878789,0xB4B4B4B4,0xB4B8B4B4,0xA5A1A1A4,0xA5A1A1A5,0x8D899292,0x8A8A8A8D,
	0x87878787,0x89898787,0x87878787,0x918C8887,0x87878787,0x91919187,0x87878787,0x918C8D8A,
	0x86898786,0x89878989,0xB4B4B4B4,0xB4B4B4B8,0xA1A1A1A4,0xA1A1A1A1,0x8D8A8A92,0x87888A88,
	0x91979789,0x91929291,0x91919191,0x91929291,0x91919191,0x91919191,0x91919191,0x92929291,
	0x91918991,0x8C929292,0xB4B4B4B4,0xB4B4B4B4,0xA1A5A2A1,0xA1A5A1A1,0x83838783,0x83838387,

	0x92919191,0x8C899189,0x91919191,0x91919191,0x91969191,0x91919191,0x91919191,0x84969191,
	0x8C919191,0xAC84918C,0xB4B4B4B4,0xABB8B4B4,0x9796A0A1,0x97969799,0xA9A9A283,0xABA9A9A9,
	0x918C8991,0x8A898989,0x91919191,0x91919191,0x91969191,0x96919191,0x89848686,0x86868986,
	0xB2B2B0B2,0xB2B1B1B2,0xA9A9A9A8,0xABABABAB,0x91898795,0xACACAFA8,0x969491A9,0x8C8C8C91,
	0x87898989,0x8C8A8887,0x898C9191,0x918C8C89,0x91929191,0x91919191,0x83838786,0x83838383,
	0xB2B2B2B2,0xB0B1B1B1,0xABABABAB,0xA9A8A9AB,0xACAFAFAC,0x9592A9B0,0x91919191,0xB0A8A89F,
	0x91919191,0x91919191,0x91919791,0x91919191,0x91949591,0x86868C91,0x86838383,0xACAFA186,
	0xB2B1B0B0,0xAFAFB0B2,0xA8A8A8A8,0x8783A1A9,0x9797978C,0xA1A4A097,0xB3B0B0B2,0xB4B4B4B8,

	0x95919191,0x8787878C,0x91919191,0x8C878891,0x86868686,0x86838386,0xAFAFAFAF,0xAFACAFAF,
	0xAFAFAFAF,0xAFACAFAF,0x87878787,0x86838A92,0xA6A5A8A5,0xB2B2B2B2,0xB4B4B4B4,0xB3B3B3B4,
	0x8C8C9191,0x8D8C8C89,0xB8B4B4B4,0xB4B4B4B4,0xA0A1A1A1,0xA1A1A1A1,0x83838383,0x83838383,
	0xACACACAF,0xACACACAC,0xA6A8A8A8,0xA8A8A5A5,0x89898989,0x87878789,0x91919191,0x8C919194,
	0x8989898C,0xAC868687,0xB4B4B4B4,0xACB8B4B4,0xA0A0A0A1,0x83969697,0x83838383,0xA9A9A8A8,
	0xABACACAC,0xA9ACABAB,0xA8A8A5A8,0x8989898C,0x89878585,0x98979797,0x9191928D,0x89899294,
	0xB2B0B0B2,0xACACB0B2,0xABABAAA9,0x8383A2AB,0x898C8788,0x92888786,0x96969294,0x918D9191,
	0x91918D92,0x92919191,0x928D9292,0x87838991,0x83879292,0xA9A88783,0xACA88389,0xB0B8B2AA,

	0xAFAFAFAF,0x868986AB,0x86868686,0x91919189,0x91969191,0x91919191,0x91919192,0x91919191,
	0x8C8C9694,0x91898C89,0xA1A19691,0xB0A1A1A1,0xB8B8AFA8,0xA8B4B4B8,0x9892ACB3,0x878C9897,
	0x89898989,0x87878686,0x95949694,0x87878891,0x89969191,0x88898C87,0x888C9191,0x83838383,
	0x8C878791,0xB2B2B0AF,0xB2B3B2B2,0xAAABAAA9,0x99969795,0x86868686,0x87878783,0x89878888,
	0x91918787,0x92929292,0x8D878787,0x878D928D,0x83878C87,0xA8A18387,0xACA28383,0xB3B0ABAB,
	0xACB0B2B2,0x829FACAC,0x8399ABAA,0x8D958683,0x92878386,0xB3B8AA86,0x8C88888A,0x918A8A88,
	0x8A8D8D91,0x87878787,0x97A0A08C,0xB8B8B4A8,0xB8B8B8AB,0xA1A099B2,0x878385AC,0x83838383,
	0xA1A8A08C,0xB0B2B2AC,0xB4B2A987,0xA9B2D0CB,0x91898396,0x83839191,0xACACACAF,0xACACACAC,

	0x8888898C,0x92888888,0xA095AFB8,0xA0A09FA0,0xB4B8AB99,0xB4B4B4B4,0x83838383,0x97979287,
	0xB2B0B0B2,0x97978CAC,0xAFABAAA8,0x9289ACCB,0xB0B2AA94,0x918994A1,0x8C87ACB2,0x8A878788,
	0x92959592,0x97969592,0xA1A1A1A1,0xA1A1A1A1,0xB4B4B4B4,0xB4B4B4B4,0x99979799,0x97949997,
	0x97979797,0x97989F97,0x97979691,0x97979797,0x98979191,0x97989797,0x93939292,0x98959898,
	0x91979797,0x92929292,0xA1A1A1A1,0xA0A1A1A1,0xB4B4B4B4,0xB4B4B4B4,0x97979797,0x97999997,
	0x97979897,0x97989797,0x97979797,0x97979497,0x92929497,0x92949292,0x92939398,0x93929392,
	0x92929292,0x95929292,0xA1A0A1A0,0xA1A1A1A1,0xB4B4B4B4,0xB4B4B4B4,0x97979696,0x97979797,
	0x97979795,0x97979797,0x97979691,0x97979797,0x92929292,0x95989794,0x93939393,0x93939393,

	0x8D929294,0x91918D8D,0xA0A1A1A1,0x898C96A0,0xB4B4B3B4,0xA8B0B8B2,0x97979794,0xB2B4A991,
	0x97979797,0x8C899297,0x97919797,0x93949294,0x92969192,0x92929392,0x93959292,0x92939893,
	0x97919191,0x91969191,0x87868689,0x86878687,0xA9A9A8AA,0xA9A9A9A9,0xB2B2B3B3,0xB3B4B4B3,
	0x89918991,0x8C89918C,0x97979494,0x99979F9F,0x92919191,0x95979792,0x9395928D,0x93939393,
	0x87878C91,0x8C8E8C87,0x83868686,0x958C8C83,0xAAA9A8A9,0x838383A5,0xB4B4B3B3,0xAFACACB3,
	0x87918C89,0xAFACAF97,0x94989799,0xA1AB8391,0x92949297,0xB8AF8996,0x92929393,0x86838D92,
	0xAEABAB9F,0xACACACB3,0x8788868C,0xA8A9A9A1,0x87878783,0x83838383,0xACACACAC,0xACACACAC,
	0xACAFACAC,0xAFAFACAC,0x91918C86,0x92949289,0xB4B3B4B3,0xB4B4B4B3,0x8A868787,0x8D8C898C,

	0xABABABAB,0xABABABAB,0xA8A5A9A8,0xA8A8A8A8,0x83838383,0x83838383,0xAFACACAF,0xACAFACAC,
	0xACACAFAF,0xACACACAF,0x8C8D9591,0x9191918C,0xB4B4B4B4,0xB4B4B4B4,0x8E8C8D8E,0x918D8C8E,
	0xABABABAB,0xABABABAB,0xA5A8A8A8,0xA8A5A5A8,0x8C888887,0x87878788,0x92928D97,0x8C919493,
	0x8D8C8D8D,0x83878D89,0xA1A1A199,0x9999A1A1,0xB4B4B3B3,0xB4B4B3B3,0x8C8D8E8D,0x95929292,
	0xACACACAB,0x8986A8AE,0xA1A5A5A5,0x918CA0A8,0x87838386,0x90918986,0x8C8C8C8C,0x91919292,
	0x87878787,0x87898787,0xA0999999,0xA0A0A0A1,0xB4B4B4B4,0xB4B4B4B4,0x95959595,0x8C8D8E92,
	0x91919191,0x91919191,0x91929191,0x91929191,0x91919191,0x91919191,0x91969692,0x91919091,
	0x89898789,0x918C8989,0xA1A099A0,0xA0999999,0xB4B4B4B4,0xB4B4B4B4,0x97979595,0xA0959797,

	0x96919191,0x91919191,0x91919191,0x91919191,0x91919191,0x91919191,0x91919195,0x91919191,
	0x91919195,0x91919191,0x86868686,0x91919691,0xAAA9A8AA,0x86898691,0xB4B4B4B3,0xACACACB2,
	0xACACA891,0x9FACACAC,0xA8A8A191,0xACA5A8A8,0x89898991,0x94878787,0x91919191,0x89919196,
	0x91919191,0x92919191,0x96979191,0x91919191,0x83878686,0x91919186,0xACACACAE,0x8D8887AB,
	0x8A8D8C89,0x91928C8D,0xAFAFB0B0,0xB0AFAFB0,0x99A09797,0x9996A0A0,0x91918989,0x91919191,
	0x91919191,0x91919191,0x91919191,0x91919191,0x91919191,0x91919191,0x92929592,0x92929292,
	0x878C8C91,0x8D8D8789,0xACB0AFB0,0x96A9AFAC,0xA0A0A096,0xB2AB96A1,0x91918C91,0x91919191,
	0x91919191,0x91919191,0x91919291,0x91919190,0x91919191,0x91919191,0x92929393,0x92929292,

	0x88888D8D,0x95949292,0x9FA09FA0,0xA0A1A1A0,0xB2B2B0B0,0xB2B1B0B0,0x91919291,0x92919191,
	0x92919191,0x91919194,0x91969191,0x91919191,0x91919191,0x91919191,0x91929292,0x92919191,
	0x928A9292,0x9292928D,0x99A0A0A0,0xB0B0ACA1,0xB2B0B0B0,0x9F9F97AF,0x91919191,0x8C929191,
	0x91919191,0x91919691,0x91919191,0x91919091,0x91919191,0x91929191,0x92949292,0x94929292,
	0x8C929292,0xA989958D,0xB0B0B0B0,0xA9AFB0B0,0x9797979F,0x8CA09798,0x88878991,0x8D88888D,
	0x878D9191,0x888C8D8C,0xB08C9191,0xB3B3B3B4,0x99919191,0xA1A1A1A4,0x8A928D92,0x8D8C8D92,
	0xACACACAC,0xABABACAC,0xA8A8A8A8,0xA1A8A5A8,0x888A8788,0x87888888,0x8787838D,0x83878783,
	0xB2B2B2A0,0xB2B0B0B0,0xABABABB2,0xABABABAB,0x91919199,0x8989898C,0x9FA0A092,0x93989898,

	0xAEA9AEAE,0x97ABABA9,0x87838DA1,0x91898987,0x918C8986,0x96979497,0x86838383,0x86868686,
	0xB2B2B2B2,0xB2B2B2B2,0xABABAAAB,0xAAABAAAB,0x8789898A,0x87878787,0x92959393,0x93928D95,
	0x91919189,0x91919191,0x91919191,0x91919191,0x92919191,0x94919192,0x86868686,0x86838387,
	0xB2B2B2B0,0xB4B2B2B2,0xABABABAA,0xABABABAB,0x89878A89,0x8A89898A,0x98989393,0x98989F98,
	0x91919191,0xA1919091,0x91919191,0x89919191,0x91919191,0x92919191,0x91919189,0x92939391,
	0x918A91AF,0x8C918D91,0xB4B4B4AC,0xB4B4B4B4,0xA5A5A592,0xA6A8A5A5,0x95958D93,0x92919292,
	0xACC5C5AB,0xAAAAAAA9,0x95A9AAA0,0x91928989,0x92898993,0x97979792,0x92929292,0x97979892,
	0x928A9289,0x94919292,0xB4B3B4B4,0xB4B4B4B4,0xA5A5A5A5,0xA5A5A5A5,0x92929291,0x95959495,

	0xAAABAAAB,0xA8A8A8AA,0x92918E92,0xAFACAFA0,0xA0979797,0xA0A1A0A0,0x97989797,0x8D8A9297,
	0x96949596,0x8D899195,0xB8B8B4B4,0xB4B4B4B4,0xA5A5A5A5,0xA1A1A5A5,0x95929592,0x898C9292,
	0x898D9191,0x86868989,0xB2979699,0xB4B4B4B4,0xABB8B8B8,0xA8A6A8A5,0x959F9796,0x92929192,
	0xA0979697,0x96979797,0x97979797,0x91929597,0x97979797,0x91929597,0x97979797,0x91929494,
	0x91898986,0xB3B4A884,0xB3B4B4B8,0xABAAB1B4,0xA5A5A5A6,0x898497A6,0x92929595,0x91919189,
	0x92979597,0x91919191,0x91919191,0x91919191,0x91919191,0x91929291,0x92919191,0x92939893,
	0xACB1B3B3,0x8182A9AE,0x83A1ACAB,0xE7ECBE82,0x84949189,0x5252A8D1,0xD1909494,0x16445CCB,
	0xEEA69191,0x76BB765D,0xDBA69296,0xAD736646,0xDBA68C91,0x65536D44,0xDA998C92,0x4F7B6744,

	0x84848282,0x84848484,0xEAECE9E9,0xEEEEEBEA,0x52525252,0x58585A52,0x1E1E2234,0x5A0F0D34,
	0x9A7F7B6D,0xDE7D4775,0x60676064,0x9DCD5D50,0x59595CAD,0x7EADCD63,0xBA9E7E5C,0xB7B7BAB7,
	0x84848484,0x84848484,0xE8EAEBE8,0xE8E9E9E9,0x5852747D,0x58525858,0x110D5CBC,0x0F0F0F0F,
	0x7275769E,0x6D6D6D6D,0x62606273,0x60606060,0x63646469,0x63616263,0xBABABABA,0xBABABABA,
	0x84848484,0x82848284,0xE8E8E9E9,0xECEAECEA,0x52525252,0x58585852,0x19191913,0x11111319,
	0x5F5B5B5B,0x6D6D605B,0x6B686B67,0x605C626B,0x69696969,0x61616469,0xB7B7B7B9,0xB9B9B7B7,
	0xACACAC84,0xABACACAC,0xE7E7E7EA,0xE6E6E6E7,0x58535858,0x58585858,0x11131111,0x13111111,
	0x6D6D6D6D,0x6D6D6D6D,0x5F5F5F60,0x5F606060,0x61616161,0x61616161,0xB9B9B9B9,0xB9B9B9B9,

	0x84828284,0x84848284,0xEAEAEAEA,0xE9ECEAEA,0x52535858,0x58535858,0x19191311,0x19191919,
	0x5B5B666D,0x5B5B5B5B,0x675F5B60,0x68676867,0x69646161,0x69696969,0xB7B7B7B9,0xB7B7B7B7,
	0x84848484,0x84848484,0xEAEAECEA,0xEAEAEAEA,0x58535858,0x58585858,0x13161916,0x13131113,
	0x6B5F5F5F,0x6D6D6D6D,0x60676667,0x5C5F5F5C,0x61696969,0x61616161,0xB7B7B7B7,0xB7B9B9B9,
	0x84848484,0x84848484,0xEBEBEBEC,0xECECEAE9,0x58525358,0x52525258,0x13131313,0x13131311,
	0x6D6D6D6D,0x6D6D6D6D,0x5F5F5F5F,0x5F5F5F5F,0x61616161,0x61616161,0xB9B9B7B7,0xB7B7B7B7,
	0x84848484,0x84848484,0xEAECECEC,0xEAEAE9E9,0x53535352,0x53585853,0x11111313,0x13131313,
	0x6D6D6D6D,0x5F6D6D6D,0x605F5F5F,0x565F5F5F,0x61616161,0x61616161,0xB7B7B7B7,0xB7B7B7B7,

	0x84848484,0x84848484,0xE8EAEAEA,0xEAEBEBEB,0x52525252,0x53535858,0x19191919,0x19191919,
	0x5B5B5B5B,0x5F5F5F5B,0x67676766,0x56555F67,0x69696964,0x62626469,0xB6B6B6B6,0xB9B9B7B6,
	0x84848484,0x84848484,0xE9EAEAEA,0xEAE9EAEA,0x53585252,0x58525252,0x19191919,0x16191919,
	0x5F5F5F5F,0x5F5F5F5F,0x56565656,0x56565656,0x62626262,0x62626262,0xB7B9B9B9,0xB7B7B7B9,
	0x84848484,0x83848484,0xE8EAEAE8,0xE8E8E8E8,0x52525258,0x53535852,0x13131919,0x19191919,
	0x5F5F5F5F,0x5F5F5F5F,0x56565656,0x56565656,0x62626262,0x62626462,0xB7B7B7B9,0xB7B7B7B7,
	0x84848482,0x84848484,0xE8E8E8E8,0xEAE8E7E8,0x53525353,0x53535358,0x19191919,0x19191919,
	0x5F5F5F5F,0x5F5F5F5F,0x56565656,0x56565655,0x62626262,0x62626262,0xB7B7B7B7,0xB7B7B7B7,

	0x84848484,0x84848484,0xEAEAE8EA,0xE8E8E8EA,0x58585353,0x52525253,0x19191919,0x13191919,
	0x5F5F5F5F,0x5F5F5F5F,0x56565656,0x56565656,0x62616261,0x62626262,0xB7B7B7B7,0xB7B7B9B7,
	0x84848484,0x84848484,0xE8E8E8E8,0xEAE8E8E8,0x52525252,0x52525352,0x19191919,0x19191919,
	0x5F5F5F5F,0x5F5F5F5F,0x56565656,0x56565656,0x62626262,0x62626262,0xB7B7B7B7,0xB7B7B7B7,
	0x84848484,0x84848484,0xEAEAEAE8,0xEAEAEAEC,0x53525252,0x52535858,0x19191919,0x19191919,
	0x5F5F5F5F,0x5F5F5F5F,0x56565656,0x56565656,0x62646262,0x62646262,0xB7B7B9B9,0xB7B7B7B7,
	0x84848484,0x84848484,0xEAEBE8EB,0xEAEBEAEA,0x52525258,0x52525252,0x13191913,0x19191919,
	0x5F5F5F5F,0x5F5F5F5F,0x56565656,0x56565656,0x64646262,0x62626462,0xB7B9B7B7,0xB7B7B7B7,

	0x84848284,0xACACACAB,0xE8EAEAEA,0xE6E7E7E7,0x52525252,0x52525852,0x13191919,0x19191919,
	0x5F5F5F5F,0x5F5F5F5F,0x56565656,0x56565656,0x62626262,0x62626262,0xB7B7B7B9,0xB7B7B7B7,
	0xACACACAC,0x848482AA,0xE4E6E6E6,0xE8E8EAE6,0x52525253,0x52525853,0x19191319,0x19161919,
	0x5B5F5F5F,0x5B5F5B5B,0x6B605556,0x66676766,0x69646161,0x68646969,0xB6B7B7B7,0xB7B6B6B6,
	0x84848484,0x84848484,0xECEAEAEA,0xEAECE9EC,0x52525252,0x52535252,0x0F130F19,0x110F0F0F,
	0x6D6D6D5F,0x6D6D6D6D,0x5F5F5F56,0x5F5F5F5F,0x61616061,0x61616161,0xB9B9B7B7,0xB9B9B9B7,
	0x84848484,0x84848484,0xEAEAECEA,0xEBEAEAEA,0x53535252,0x52535353,0x13111311,0x13111313,
	0x6D6D6D6D,0x6D6D6D6D,0x5F5C5F5F,0x5F5F5F5F,0x61616160,0x61616161,0xB7B9B9B7,0xB9B7B9B9,

	0x84848484,0x84848484,0xEAEAEAE8,0xEAEAE9E8,0x52525358,0x58525252,0x0F0F1113,0x13131311,
	0x6D6D6D6D,0x5B5B5B67,0x5C5F5F5F,0x67676760,0x61616161,0x69696961,0xB7B7B7B9,0xB6B6B6B7,
	0x84848484,0x84848484,0xE9E9E9E9,0xECEAEAEA,0x53585253,0x58585853,0x19191916,0x0F111919,
	0x5F5F5F5F,0x6D665B5F,0x67676767,0x605B5F67,0x69696969,0x61616469,0xB7B7B6B7,0xB9B7B7B7,
	0x84848484,0x84848484,0xEAEBEAEA,0xEAEAEAE9,0x58535353,0x53585353,0x1311110F,0x11131313,
	0x6D6D6D6D,0x6D6D6D6D,0x5F5C5F5F,0x605F5F5F,0x61616161,0x61616161,0xB7B9B9B9,0xB7B9B7B9,
	0x84848484,0x84848484,0xEAECEAEA,0xEBECEAEC,0x52535253,0x58525252,0x13131313,0x19191913,
	0x5B666D6D,0x5B5B5B5B,0x6B625F60,0x66676867,0x69646161,0x69696969,0xB7B7B7B7,0xB7B7B7B7,

	0x84848484,0x84848484,0xEBEBEAEA,0xE8EBE8EA,0x58585853,0x807D5258,0x13111313,0xBC611319,
	0x6D6D6D6B,0xAD797575,0x60606060,0x75616060,0x64646161,0x64646464,0xB9B9B9B7,0xB7B9B9B9,
	0x84848484,0x84848484,0xEDEBEEEB,0xE9EAECEC,0x52585A5A,0x52525252,0x3C0D0F63,0x221E1622,
	0x75477CDE,0x6B7F7F9A,0x505CCD9E,0x5C5B6B60,0x5DBCAD7E,0x9E535555,0xB6B7B6B6,0x63809DBB,
	0x97878484,0x97999497,0x83CFEEE9,0x97979498,0xCFA95252,0x97979782,0xC55A4510,0x94A091D1,
	0x5D73BB72,0x979299EE,0x46606F9D,0xA097A6E8,0x466B5965,0xB8B4DAF6,0x44667F52,0x83C7E2EE,
	0x97979794,0x97979797,0x94979797,0x91919497,0x92979797,0x91919192,0x92929295,0x91909192,
	0x8D8D8D8D,0x8C8D8D8D,0x95979797,0x91959697,0xB8B8B8B8,0xB4B8B8B8,0x95959595,0x97979697,

	0x97979797,0x91919297,0x91919191,0x8C899291,0x91919191,0x87878791,0x92919191,0x89878892,
	0x91898989,0x898A878C,0x91969696,0x87838386,0xABB8B4B4,0xA8A5A5A5,0xB0919695,0xB4B3B4B4,
	0x99979897,0x928C9597,0x92979597,0x9799A095,0xA8A1A1A2,0xB8B8B8AC,0xB1A0A1A1,0x8D8C89AF,
	0xAFAFAFAF,0xAFB0AFAF,0xD2D1D1D1,0xD1D1D2D1,0xE3E4E4E4,0xE2E3E3E3,0xCFCFCFCF,0xCFCFCFCF,
	0x90919292,0x898C898A,0xB1969497,0xB4B8B4B8,0xACB8B8B8,0xAAAAAAAA,0xA0A19689,0x9FA094A0,
	0x9287AAB1,0x92929292,0xB3B2CBD1,0xB3B3B3B3,0xE4E5E3E3,0xE4E4E4E3,0xCFCFCFCF,0xCFCFCFCF,
	0xDA848789,0x6E795F17,0xDBB2B2B4,0x68715417,0xD5A6A2AA,0x667F5517,0xDBA19394,0x54756017,
	0xDBA69296,0x535F5F44,0xE3C1B3BD,0x9E455146,0xEEEEE5E6,0xBC9D4934,0xEEDFCFD0,0x7EBC9D46,

	0xE1DCA952,0xEDE4E4EF,0xFAEDD76F,0xCDCDD7E1,0xDDFAD75C,0x67617EBA,0xBAECE153,0x5561649C,
	0xADDEDE78,0x24435B6F,0xADDEDABA,0x401A2861,0x9BDEDDAD,0x471B1634,0x80DEDEB6,0x40111109,
	0xEFEFEFED,0xEFEFEFEF,0xD7D7D7D2,0xD7D7D7D7,0x6A686867,0x6C6C6C69,0x55535155,0x59595553,
	0x120D0D12,0x14121515,0x34617A78,0x7853101F,0x709A5DAD,0xBB731415,0x7F454D9C,0x80B55334,
	0xEFEFEFEF,0xEFEFEFEF,0xD7D7D7D7,0xD7D7D7D7,0x6F6C6C6C,0x6C6C6C6C,0x59595959,0x59595959,
	0x14141414,0x14141412,0x7C7C7C7C,0x7C7C7C7C,0x9C9D9C9C,0x9C9C9C9C,0x5A585252,0x585A5A5A,
	0xEFEFEFEF,0xEFEFEDEF,0xD7D7D7D7,0xD7D7D7D7,0x6C6C6C6C,0x6C6C6C6C,0x59595959,0x59595959,
	0x14141414,0x14141414,0x7C7C7C7C,0x7C7C7C7A,0x9C9C9C9B,0x9C9C9C9C,0x58585858,0x58585858,

	0xEFEFEFEF,0xEFEFEDED,0xD7D7D7D7,0xD7D7D7D7,0x6C6C6C6C,0x6C6C6C6C,0x59595959,0x59595659,
	0x14141414,0x14141414,0x7C7C7C7C,0x7C7C7C7C,0x9C9C9C9C,0x9C9C9C9C,0x58585858,0x58585858,
	0xEFEFEFEF,0xEFEFEFEF,0xD7D7D7D7,0xD7D7D7D7,0x6C6C6C6C,0x6C6C6C6C,0x59595959,0x59595656,
	0x14121414,0x14141214,0x7C7C7C7C,0x7C7C7C7C,0x9C9C9C9C,0x9C9C9C9C,0x58585858,0x58585858,
	0xEFEFEFEF,0xEFEFEFED,0xD7D7D7D7,0xD7D7D7D7,0x6C6C6C6C,0x6C6C6C6C,0x56595959,0x5959595B,
	0x14121414,0x14141414,0x7C7C7C7C,0x7C7C7C7C,0x9C9C9C9C,0x9C9C9C9C,0x5A585858,0x5A5A585A,
	0xEDEFEFEF,0xEDEFEFED,0xD7D7D7D7,0xD7D7D7D7,0x6C6C6C6C,0x6C6C6C6C,0x59565959,0x59565656,
	0x14141414,0x14121214,0x7C7C7C7C,0x7C7C7C7C,0x9B9B9B9C,0x9B9B9B9B,0x595A5A5A,0x5A5A5959,

	0xEFEFEFEF,0xEDEFEFEF,0xD7D7D7D7,0xD7D7D7D7,0x6A6A6A6C,0x6C6C6C6C,0x59595559,0x59595959,
	0x14141414,0x14141414,0x7C7C7C7C,0x7C7C7C7C,0x9B9C9C9C,0x9B9C9C9C,0x5A5A5A5A,0x5A5A5A5A,
	0xEFEFEFEF,0xEFEFEFEF,0xD7D7D7D7,0xD7D7D7D7,0x6A6A6C6C,0x6C6A6C6A,0x56595959,0x56565659,
	0x14141414,0x14141414,0x7C7C7C7C,0x7C7C7C7C,0x9B9B9B9B,0x9B9B9B9B,0x595A5A5A,0x5A595959,
	0xEFEDEFED,0xEFEFEFED,0xD7D7D7D7,0xD7D7D7D7,0x6C6C6C6C,0x6C6C6C6C,0x59565959,0x59595659,
	0x14141414,0x14141414,0x7C7C7C7A,0x7C7C7C7C,0x9B9B9B9B,0x9B9C9B9B,0x5A5A5A5A,0x59595A5A,
	0xEFEFEFEF,0xEFEFEFEF,0xD7D7D7D7,0xD7D7D7D7,0x6C6C6C6C,0x6C6C6C6C,0x59595959,0x59565659,
	0x14141414,0x12141414,0x7C7A7C7C,0x7C7C7C7C,0x9B9B9B9B,0x9E9C9C9C,0x5A5A5A5A,0x5A5A5A5A,

	0xEFEFEDED,0xEFEFEFEF,0xD7D7D7D7,0xDDDDD7D7,0x6C6C6C6C,0x6C6C6C6C,0x59595959,0x55555559,
	0x2F141212,0x151F1F31,0x4C78787A,0x3F1A3A3A,0x9BBCB99E,0x7E431D3D,0xB5B5524D,0xB5590D4D,
	0xEFEFEFEF,0xEFEFEDED,0xD7D7D7D7,0xD7D7D7D7,0x6C6C6C6C,0x6C6C6C6C,0x59555555,0x56595959,
	0x392E2E15,0x12121422,0x3B3B1D3C,0x7A78784C,0x3C2C457A,0x9EB9BC9A,0x4D0D59B5,0x4D4FB5B5,
	0xEFEFEFEF,0xEFEFEFEF,0xD7D7D7D7,0xD7D7D7D7,0x6C6C6C6C,0x6C6C6C6C,0x59595959,0x59595959,
	0x14141412,0x12141414,0x787C7C78,0x7C7C7C7C,0x9B9B9C9E,0x9B9B9B9B,0x5A5A5A59,0x5A5A5A5A,
	0xEFEFEFED,0xEFEFEFEF,0xDDD7D7D7,0xD7D7D7DD,0x6C6C6C6C,0x6C6C6C6C,0x59595959,0x59565959,
	0x12121414,0x14141414,0x7C7C7C7A,0x7C7C7C7C,0x9C9C9C9B,0x9C9C9C9C,0x5A5A5A5A,0x5A5A5A5A,

	0xEDEFEDED,0xEFEDEFEF,0xD7D7D7D7,0xD7D7D7D7,0x6C6C6C6C,0x6C6C6C6C,0x59595659,0x59565959,
	0x14141214,0x14141412,0x7C7C7C7C,0x7C7C7C7C,0x9C9C9C9C,0x9C9C9C9C,0x5A5A5A5A,0x5A5A5A5A,
	0xEFEFEDEF,0xEFEFEFEF,0xD7D7D7D7,0xD7D7D7D7,0x6C6C6C6C,0x6C6C6C6C,0x56595659,0x565B5656,
	0x14141414,0x14141414,0x7C7C7C7C,0x7C7C7C7C,0x9C9C9C9C,0x9C9C9C9C,0x5A5A5A59,0x5A5A5A5A,
	0xEFEFEFEF,0xEFEFEDEF,0xD7D7D7D7,0xD7DDD7D7,0x6C6C6C6C,0x6C706C6C,0x59595959,0x595B5959,
	0x14141414,0x14121414,0x7C7C7C7C,0x7C7C7C7A,0x9C9B9C9C,0x9C9C9C9B,0x585A5A5A,0x5A5A5A5A,
	0xEDEFEFEF,0xEDEFEFEF,0xD7D7DDD7,0xD7D7D7D7,0x6C6C6C70,0x6C6C6C6C,0x56595959,0x59595656,
	0x14141414,0x14141414,0x7C7C7C7A,0x7C7C7C7A,0x9C9C9C9B,0x9C9C9C9C,0x5A5A5A5A,0x5858585A,

	0xEFEFEFED,0xEFEFEFEF,0xD7D7D7D7,0xD7D7D7D7,0x6C6C6C6C,0x706C6C6C,0x59595959,0x59595959,
	0x14141414,0x14121414,0x7C7C7C7C,0x7C7C7C7C,0x9C9C9C9C,0x9C9C9C9C,0x58585858,0x5A5A5A5A,
	0xEFEFEFEF,0xEFEFEFEF,0xDDD7D7D7,0xD7D7D7D7,0x6C6C6C6C,0x6C6C6C6C,0x59565959,0x56595659,
	0x14141515,0x12151514,0x7C7C7C7C,0x7C7C7C7C,0x9C9C9C9C,0x9C9C9C9C,0x5858585A,0x5A585858,
	0xEFEDEDEF,0xEFEFEDEF,0xD7D7D7D7,0xD7DDDDD7,0x6C6C6C6C,0x6F6C6C6C,0x5B5B595B,0x59595959,
	0x15151415,0x15121512,0x7C7C7C7C,0x7C7C7C7C,0x9C9C9C9C,0x9C9C9C9C,0x53585858,0x58535859,
	0xEFEFEFEF,0xEFEFEFEF,0xD7DDD7D7,0xD7D7D7D7,0x6C6C6C6C,0x6C6C6C6C,0x59595959,0x59595956,
	0x15161512,0x12121515,0x7C7C7C7C,0x7C7C7C7C,0x9C9C9C9B,0x9C9C9D9C,0x5A5A5858,0x52585A5A,

	0xEFEFEDED,0xEDEFEDEF,0xD7D7D7D7,0xD7D7D7D7,0x6A6C6C6C,0x68686869,0x55555959,0x55515555,
	0x1B1B1512,0x12100D15,0x27125978,0x787E6134,0x391573BB,0x9E5A7E75,0x3950B57E,0x9C45459A,
	0xEFE4E4EC,0x5AADDCE1,0xE1DED7D7,0x69CDE5F7,0xBA806468,0x5CD7FADF,0x9C696159,0x53E1E7BA,
	0x6F5B4021,0x7DDEDEB6,0x61281B40,0xBCDDDAB5,0x341B2145,0xB5DDDE9D,0x0B12103F,0xB5DEDA80,
	0x175F726A,0xC7DFE2E8,0x17546E68,0xE2DFE2EB,0x17517B66,0xDFDFE2EB,0x175F7151,0xE2DFE2EE,
	0x44565B50,0xDBDFE4EE,0x46544580,0xE2E2E6F0,0x343F8BBC,0xF6F6F7F6,0x4680CD7D,0xE9EEF6F6,
	0x92958D89,0x91919192,0xA09894CF,0x91919295,0x9999D1E4,0x91919498,0x89BDE7DF,0x929798A0,
	0xA0D4E2DF,0x8C898C89,0xC6DFDFDB,0xB3B3B3B1,0xE8F0F0F6,0xE4E7E7E4,0xD1E8E7E9,0xCFCFCFCE,

	0x8C919191,0x84868684,0x91919191,0x89878991,0x91919191,0x89878991,0x96919294,0x87878C91,
	0x87898789,0x83838387,0xB2B2B2B2,0xB2B1B2B2,0xE7E7E7E7,0xE4E4E4E7,0xCFCFCFD0,0xCFD1CFCF,
	0x82828282,0x82828282,0xA8A7A7A7,0xA5A5A5A8,0xA0A0A0A0,0xA0A0A0A0,0xA0A0A0A0,0xA0A0A0A0,
	0x9494A094,0x98949494,0x9497A094,0xA9949994,0x97979494,0xA1979797,0x97979994,0x97979797,
	0x82828282,0x82828282,0xA2A2A2A2,0xA2A5A2A7,0xA0A09FA0,0xA0A0A0A0,0xA0A0A0A0,0x9F9FA0A0,
	0x95959895,0x8D8C8E8E,0xB0B0B2B0,0xB2B0B2B2,0xA8A9A9A9,0xA9A9A9A9,0x91929292,0x95929292,
	0xF6B17D82,0x697AB9AE,0xF0CE8DA0,0x647571B6,0xEBCE879F,0x67665B5A,0xE6CE88A0,0x66665F52,
	0xE6CE8398,0x67675B4C,0xE8D1A8B0,0x66675445,0xE8CF95A9,0x676B5545,0xE8CF8794,0x666B5545,

	0x9EDEE1B7,0x49403F53,0xB5E1E5B6,0x5151495A,0x9EE5E5B5,0x3939310B,0x9EE5E5B5,0x28233314,
	0x9EE5E1B5,0x40323B14,0x9DE1E1B5,0x42313D14,0x9CE1E1B5,0x4021330C,0x9CE1E1B5,0x4C42420C,
	0x9E739C78,0x5ABB694F,0x64706951,0x6178B95A,0x4D3F2215,0x7B4DADB5,0xB59E5C49,0x4F73659E,
	0x64BBB9B5,0x16516E44,0x61537EB5,0x3B134F6A,0x5C5965BB,0x1F211040,0x537A73BB,0x3E3E401A,
	0x7979799A,0x7979797A,0x3D3C1E79,0x3D3D3E3D,0x2124154C,0x26262B29,0x35363815,0x302F2C35,
	0x2C35363C,0x2C2F2C2B,0x2C303639,0x2F302F2C,0x1B1B1C21,0x211F211C,0x40414040,0x41414141,
	0x79797979,0x79797979,0x3D3D3D3D,0x3D3D3D3D,0x27262627,0x2B2F2627,0x3131362F,0x37323231,
	0x2F2F2C2C,0x352F3638,0x2C352B2C,0x35372F2F,0x3D3C3B26,0x37323B3D,0x484A4A41,0x3523424A,

	0x79797979,0x79797979,0x3D3D3D3D,0x3D3D3D3D,0x2B2B2B29,0x262B2C1D,0x37353536,0x3835352F,
	0x2B352C38,0x2F2C2C2B,0x2D2C3637,0x201C1C1D,0x32322F2F,0x3C3D3C3C,0x32302C2B,0x4A4A4A4A,
	0x79797979,0x79797979,0x3D3D3D3D,0x3D3D3D3D,0x26262632,0x23272626,0x32323232,0x32323239,
	0x32322F31,0x32323232,0x2C2F2C20,0x2F2F2F2F,0x2C2C2B3A,0x2B2C2C2C,0x2C2C2947,0x2C2C2C2C,
	0x6F7A797A,0x64646464,0x423D3D3D,0x42424242,0x3D221E1B,0x41414141,0x2F313131,0x1D1C1C1C,
	0x36313332,0x362F3635,0x2C2E2E2F,0x2C2C2C35,0x2B2C362B,0x32302C2F,0x2C2C2C2C,0x47313B21,
	0x64646464,0x64646464,0x42424342,0x43424242,0x41414141,0x514E3E41,0x1D1D1C1A,0x382F1D1C,
	0x2C2C2C2D,0x322C2F21,0x2F2F2F2C,0x3926202E,0x4A4A4A3E,0x2124434A,0x39393948,0x40474038,

	0x64646464,0x64646464,0x16434242,0x0F0F0F10,0x50515151,0x4B4E4E4B,0x39313831,0x3A3B3B3B,
	0x33323233,0x32323238,0x33333239,0x33393932,0x2626261F,0x21272726,0x41414141,0x41414141,
	0x64646464,0x69646464,0x0F0F110F,0x100F0D0D,0x4B4E4B4B,0x3E3C3D3D,0x3C393B3A,0x4A4A4B4A,
	0x2F323332,0x1A1C1B1C,0x30383832,0x32262C2D,0x351F2125,0x26262C2D,0x2E414141,0x31262F1A,
	0x64646464,0x68646464,0x11111111,0x11111111,0x3232253D,0x3C3B3B3B,0x4140404A,0x20242124,
	0x48484A39,0x47474747,0x1B1A1626,0x42424242,0x2C363026,0x1A1A1A1A,0x2C2B2626,0x2C2F2F36,
	0x69686964,0xB5696969,0x11111311,0x520F1313,0x3B3B3B3C,0x1B3A3B3B,0x20252121,0x31303821,
	0x48474747,0x2C2F2C42,0x47424242,0x2C2C2941,0x1A1B1A1A,0x2C2C2C1C,0x2F2C2C2C,0x2C2C2C2C,

	0xAD454DB5,0x590D4D9E,0x4F0959AD,0x254F9EB5,0x12323945,0x4FB5B54F,0x32322515,0xB5B54F10,
	0x25273232,0xB952123B,0x31323236,0x53153A2E,0x2B2C2C2B,0x193A352B,0x2F262F2C,0x3A2C2C2F,
	0x9E4C105C,0xB5454DB5,0xB5AD5223,0xB5640952,0x52B5B54F,0x433C2113,0x1352B5B5,0x1A1C353A,
	0x3A1353B9,0x37362C35,0x35361353,0x2B2F2F2B,0x2C2C3A15,0x2C2C2C2C,0x2C2C2B36,0x262C2C2C,
	0x696969B5,0x64646469,0x12121052,0x12121211,0x3B3B3216,0x3D3D3B3B,0x26313038,0x26262523,
	0x422F2C2F,0x47474747,0x41352C2D,0x42424242,0x1B2C2C2C,0x1C1A1C1A,0x2C2C2C26,0x362C2C2C,
	0x64646464,0x64646464,0x11111111,0x11131311,0x3B3B3B3B,0x3D333232,0x20212121,0x48414240,
	0x48474747,0x3A484848,0x42424242,0x231B1A21,0x1B1B1B1A,0x26263232,0x2626242E,0x26262626,

	0x68646464,0x64646464,0x0F0F0F11,0x0F0F0F0F,0x3E3E3D3E,0x4B4B4B4B,0x4A4B4A4B,0x3B39393B,
	0x2029291A,0x32323232,0x322C2F24,0x32333332,0x32352A26,0x21272132,0x21302A26,0x41414131,
	0x64646464,0x64646464,0x0F110F0F,0x43434716,0x4B4E4E4B,0x51515150,0x3B393B3B,0x3A3A383A,
	0x32323232,0x32303232,0x39383832,0x32333339,0x26262621,0x21262126,0x41414141,0x41414141,
	0x64646864,0x64646464,0x42424747,0x43434342,0x413E4E54,0x41404041,0x1C292B38,0x1C1C1C1C,
	0x2C2F3032,0x2F302C2B,0x2E263333,0x1D2B2B2E,0x4B43221F,0x3E4B4A4A,0x39414741,0x4A3B393B,
	0x64646464,0x79797A69,0x42424342,0x3D3D3D43,0x41404141,0x3032253E,0x1A1C1B1A,0x38333921,
	0x2C2F2C2C,0x362E2F30,0x2C2C2F2C,0x2C2B2B2C,0x2D212B3A,0x2C2B2B35,0x2B3A3848,0x392C2D2F,

	0x79797979,0x7A79797A,0x3D3D3D3D,0x3D3D3D3D,0x2B2A292C,0x1E1E2B2B,0x35353536,0x282E362F,
	0x2B362C2F,0x2A2B302C,0x2D2C2C2B,0x1B2B352C,0x2C2C2C2B,0x3B302C2C,0x212F2F39,0x4826372C,
	0x79797979,0x79797979,0x3C3C3D3D,0x3C3C3C3D,0x1E1C221E,0x2624201E,0x2222222E,0x3931322F,
	0x2B2A2222,0x2E2C2C2C,0x21211C1E,0x2C2B2C2F,0x3B3B3C3C,0x2C2C2C2E,0x4A4A4A4B,0x2C2D2C38,
	0x79797979,0x79797979,0x3D3D3D3D,0x3D3D3D3D,0x30323027,0x3232302C,0x38383238,0x39333338,
	0x3232322F,0x32383836,0x3030302F,0x32211D32,0x3230302C,0x263D3C33,0x31312C2D,0x424A4E3D,
	0x7A797979,0x7F767879,0x3C3D3D3C,0x7B163B3C,0x26323232,0x4D12212F,0x32323239,0x12323231,
	0x32323232,0x3B313232,0x32323232,0x39393333,0x21212121,0x26272625,0x40414141,0x41414040,

	0x4D63BB59,0x7A9B739E,0x5DB67D6F,0x51647064,0xB5B5527F,0x15163F4F,0x9D65734F,0x455CADB5,
	0x45734F1A,0xADB5B55D,0x684C123B,0xB57E5264,0x340D261F,0xBB69595C,0x12403E40,0xBB787A53,
	0x59424149,0xB6E5DAAD,0x53495151,0xB6E5E1AD,0x081B3B39,0xB5E5E5AD,0x14332328,0xB5E1E1AD,
	0x143A3140,0xB5E1E1AD,0x143B3941,0xADE1E19E,0x0C30213F,0xADE1E19E,0x0C41414C,0xADE1E19D,
	0xAEBC9C6F,0xD5D5DAF0,0xB7787969,0xDFDFDFF0,0x5A606B68,0xDFDFDFEB,0x525F6664,0xDFDFE2EB,
	0x4D566667,0xDFDFE2EB,0x46516762,0xE2DFE2EE,0x45546662,0xDFE9EEEE,0x4D516662,0xDFDFE4EE,
	0x86D5D5D5,0x8282827D,0xB1E2DFDF,0xA9A9A9A2,0xAFDFDFDF,0xA0A0A198,0xAFDFDFDF,0xA1A1A298,
	0xABDFDFDF,0x94999987,0xD0EAEBE2,0xB8B8B8B4,0xBDE3E2DF,0xACABACAA,0xAFE2DFDF,0xA0A1A198,

	0x82828282,0x81828282,0xA9A9A9A7,0xAAAAAAA9,0xA2A2A0A0,0xA1A1A1A4,0x9598A1A1,0x89898C92,
	0xB2AC9F97,0xB2B1B0B0,0xAFA9AFC5,0xACACACAC,0x9592A8AB,0x83838D8E,0x9295959F,0xABA48995,
	0x97979497,0x97979797,0xA0A0A0A0,0x94979797,0x99A0A0A0,0x97979797,0xA0A0A0A0,0x97979797,
	0xA0A0A0A0,0x9797A0A0,0xA0A1A1A2,0xA0A0A0A0,0x97979FA0,0xA0A0A198,0xACACACAB,0xA19591A9,
	0x97979797,0x97A09797,0x97979794,0x97979797,0x97979797,0x97979797,0x97979797,0x97979797,
	0x97979797,0x97979797,0x979494A0,0x97979797,0xB2A8AEA1,0x978CAFC5,0xA5A0A1A0,0x9792A1A8,
	0xEBCF87A0,0x67675445,0xEBCE8799,0x646B5445,0xEECE8798,0x64675545,0xEECF8797,0x64675546,
	0xEECE87A0,0x626B5445,0xEBCF8999,0x62675445,0xEBCE8999,0x61685545,0xEECF8D99,0x59605F45,

	0x9CE1E1B5,0x4E47480C,0x9CE1E1B5,0x3412150B,0x9DE5E5B5,0x341B250B,0x9DE5E1B5,0x34153208,
	0xADE1E1B5,0x34161244,0xB6E1E5B5,0x34224F9B,0xB5DEE1AD,0x6F709BB5,0xB5DEE1B5,0x340C3F6F,
	0x617878B6,0x47474847,0x536F6FB5,0x16162211,0x537065B5,0x2E2E3A16,0x536F63B5,0x2F243919,
	0x52615DB5,0x30313A15,0x4F615DB5,0x22313910,0x707878B5,0x6464645C,0x465D63BB,0x0B0B0B08,
	0x48474847,0x48484848,0x1B1A1616,0x1F231B1B,0x2C2E2A2E,0x32323238,0x2E2B2B2A,0x31323230,
	0x322F362D,0x32323332,0x28313831,0x28282831,0x64646464,0x64646464,0x0B0B0C0B,0x0C0C0C0C,
	0x222C1E42,0x2B2B2A1E,0x2A2E2F26,0x2A2A2A2A,0x2A2A2F32,0x1E1E2A2A,0x2A243232,0x1E1E2A2A,
	0x20313333,0x2420221E,0x32383831,0x31313131,0x51515060,0x51515151,0x0C0B090C,0x0C0C0C0C,

	0x312C2F2B,0x1B1E1E1E,0x2B2F262B,0x20222A2A,0x262E261E,0x2C2B2B26,0x2C202A1E,0x2B2F2C2C,
	0x352F2424,0x33323136,0x39313131,0x39393138,0x51515151,0x51515151,0x0C0C0B09,0x09090B09,
	0x2C2C2C20,0x2C2C2C2E,0x352C2C2C,0x2C2C2F2C,0x2F302C2B,0x2C303635,0x1A1A2131,0x2F21161A,
	0x48483D26,0x213D4847,0x43473C31,0x313C4343,0x47474C50,0x3C424747,0x09090909,0x09090909,
	0x2D2D2C2C,0x4E4A471B,0x2C2F262C,0x50423C26,0x2F2F262C,0x3C232532,0x31262C2F,0x26303128,
	0x31313232,0x322E2F27,0x32313332,0x32363832,0x211B1F23,0x1B1F1B21,0x09080809,0x09090809,
	0x33301B31,0x48411F32,0x392E3D4B,0x1B212631,0x4B4B5047,0x3C3D3C48,0x3A3B3B26,0x4A4A4B3E,
	0x26262632,0x1C1C2030,0x39333238,0x30323738,0x211D1B16,0x38201F2F,0x07080808,0x0D050605,

	0x48484848,0x48484848,0x1F1B1B1D,0x25251F21,0x23283C3C,0x26262127,0x40424A4A,0x41414141,
	0x4A411B21,0x4A484848,0x1F212D2C,0x153D3E1B,0x382F2137,0x4A504321,0x3A3A3A15,0x3E3E3B3B,
	0x47484848,0x26361C41,0x3E1F231F,0x361C4148,0x16272525,0x1A3E4A39,0x41404041,0x3D2F424E,
	0x4A484848,0x42302342,0x1B1B1B1B,0x24262F21,0x4A4A4A4A,0x2F404B4A,0x3D3D3E3E,0x32393C3C,
	0x2C362F26,0x2C2F212C,0x2C2C2B2C,0x2F26262C,0x362C2F37,0x24242C2C,0x1A2C1A1C,0x24272E2C,
	0x473D4248,0x25262038,0x423C4142,0x26242B38,0x21251F1F,0x242A3632,0x32313232,0x2A2C2C32,
	0x2F2C2C2C,0x212F262F,0x2C21262F,0x2F2C2D2C,0x2C2F212E,0x242F2C2C,0x262F2124,0x302C2C2C,
	0x262C2F24,0x2C2C2B2C,0x2C2F2C2B,0x352F2C2C,0x2B2B2C2B,0x1A2C2C36,0x2B2B2C2A,0x09383536,

	0x26262626,0x2C2B2E31,0x2F262626,0x2C2C2C30,0x2C262626,0x2C2C2C2C,0x2C262626,0x2621212C,
	0x2C2C2C2C,0x2C2F2621,0x36373036,0x3832312F,0x16161616,0x481A1616,0x08080808,0x09080808,
	0x2C2C2C2C,0x2C2C2C2C,0x2F262626,0x2C2F2626,0x2C26262C,0x2C2C2F2C,0x2C2F2C26,0x2C262C2F,
	0x2C26272F,0x2C2C2C2C,0x2C2F312F,0x322F362E,0x4B4A4A4A,0x3D434E4B,0x3B120909,0x0909091E,
	0x2C2C2C2C,0x2B2C2C2C,0x2C2C2C2D,0x2B2B2C2C,0x2B2C2C2C,0x2C2B2C2C,0x2B2C2C2C,0x2C2F2C2C,
	0x352B2A2B,0x2C2C2C2C,0x352A2A36,0x2B292C2C,0x1C3E423E,0x2F2C2F2C,0x2F383B09,0x32312F26,
	0x2626242A,0x26252326,0x2426262B,0x24232523,0x222E2C2C,0x30242528,0x2B262C2C,0x1C1B201B,
	0x31262C27,0x48423E47,0x382C2F2B,0x43413D43,0x31322F2F,0x211E241B,0x31263032,0x32323932,

	0x41242F2B,0x48484848,0x48401C2C,0x25262141,0x384A3E1A,0x26262716,0x5040243D,0x41414142,
	0x411B3147,0x4A484848,0x1E313131,0x1B151516,0x4A4B4239,0x4A4A4A4A,0x3C3C3B31,0x3C3C3C3C,
	0x48484848,0x484A4848,0x1F1F2025,0x15151B1F,0x26252625,0x3C3C3225,0x41414141,0x4A4A4740,
	0x4848484A,0x261B414A,0x1B3F3C15,0x26312425,0x2F434E48,0x3932393B,0x3B3A3C3D,0x153B3C3C,
	0x321F424A,0x381D3033,0x31271F1F,0x4A403139,0x483B3C3C,0x42504B4B,0x3D4A4A4A,0x213A3A38,
	0x291C1D20,0x2C1D1D20,0x352F2F36,0x35373A35,0x1C1C1C38,0x1615161B,0x0505060D,0x08080805,
	0x1A474A4E,0x3B2C2C2F,0x213B4250,0x202C2C2D,0x2C291A3B,0x302F2F2C,0x2C2F361D,0x2F2C2C2C,
	0x2B20272F,0x30212730,0x38363238,0x31323239,0x311B201B,0x531B1B4A,0x090D0D08,0x0C08080D,

	0x2F2C2C3B,0x26302F2C,0x21262F21,0x2F282630,0x2C2C2627,0x4C4E411E,0x202F212F,0x3C474038,
	0x372F2021,0x3E3B2638,0x38382E28,0x40283939,0x343F595C,0x55515050,0x08090C0C,0x0C0C0C09,
	0x1C202120,0x2C2C2C2B,0x3529202E,0x2C2D2F2C,0x1B1B474B,0x2C2C2C36,0x3E4A4216,0x2C2C3538,
	0x4A4A413E,0x30263033,0x1E3C4242,0x28312831,0x55555153,0x55555555,0x0D0C0C0C,0x0D0D0D0D,
	0x2F2C2C2C,0x421B202F,0x2626262C,0x1F26262F,0x2F26262C,0x2F2C2526,0x2F26262F,0x2C2F2B26,
	0x27322626,0x30272C2F,0x31313228,0x31283131,0x55555555,0x55555555,0x0C0D0D0D,0x0D0D0D0D,
	0x48484748,0x48484748,0x1B1B1A1B,0x16161A1A,0x382F352D,0x22222F2B,0x2F2F2C2C,0x2B2E2B2F,
	0x32323231,0x35303332,0x31313931,0x31313122,0x69615155,0x68686464,0x0C0C090D,0x0C0C0C0C,

	0x42474747,0xBB7C785C,0x11221616,0xB56F6F53,0x1538312A,0xB56F7053,0x1239282A,0xB5636953,
	0x1131312F,0xB5636352,0x10342831,0xB563634F,0x5C646468,0xB57C7873,0x080C0C0C,0xBB655D46,
	0x0C47474C,0xADE1E19D,0x0B151234,0xB5E1E19E,0x0B211F34,0xB5E1E19E,0x0B251F34,0xB5E1E19E,
	0x34152134,0xB5E1E1AD,0x9A4F2234,0xADE1DEB6,0xB580696F,0xADE1DEB5,0x6F440C17,0xB5DEDDAD,
	0x4D516662,0xDFDFE2EE,0x45546662,0xEAE9EEEE,0x45546662,0xE2E2E8EE,0x45546662,0xDFDFE2EE,
	0x45546662,0xDBDFE2EE,0x45516062,0xDFDFE3EE,0x45516662,0xDFDFE2EE,0x455F6059,0xDFDFE4EE,
	0xB1E2DFDF,0x92929997,0xD1EAEBEB,0xB2B4B4B4,0xBDE4E2E3,0xACA9AEAB,0xB1DFDFDF,0xB2A8A9A7,
	0xBDDFDFDF,0xACACAFAB,0xACDFDFDF,0x98A0A086,0xAFDFDFDF,0xA0A2A595,0xAFDFDFDF,0xA0A1A295,

	0xB0B2A98C,0xB4B2B0B0,0xACACB2B4,0x91A8AFAF,0xA097A9AC,0xA4A19799,0xB4B8B3B8,0xB3B2B4B4,
	0xABABACAC,0xABAAAAAB,0x98A0A0A0,0x94949498,0xA0A0A0A1,0x989499A0,0xA0A0A0A0,0x9794A0A0,
	0xB3B3B2B2,0xA1B0AFB0,0x8D929597,0xB2AFB0A2,0xA0A1A1A0,0xA98C92A0,0x8D939592,0x89928C87,
	0xB0B0B0B0,0xA9B0B0B0,0xB0B0AFAF,0xACB0B0B0,0x97959795,0xA1929595,0xA1A0A0A0,0x99A1A0A0,
	0x8D929291,0x91929292,0xB4B3B4B4,0xB3B3B3B3,0xACABABAB,0xABACACAB,0x9292928D,0x98989895,
	0x91919191,0xA0A0A198,0xB2B4B3B2,0xA0A0A0A1,0xABABABAB,0xA0A0A0A0,0x95979897,0xA0A0A0A0,
	0xEBCE8392,0x595F5F44,0xEED5AFB4,0x5B5F5F44,0xEBD1A8AC,0x5B5F5F44,0xE8CE8697,0x61675545,
	0xEBCE87A1,0x62675445,0xEED187A1,0x62675445,0xEBCE87A0,0x62675446,0xEBC787A0,0x62675446,

	0x9EDEE1B5,0x40270E44,0x80DEDEB5,0x453B3208,0x9ADEE1B5,0x45383C0B,0x9CE1E1B5,0x43393B0B,
	0x9CE1E1B5,0x3F1F380B,0x9CE1E5B5,0x4C484B0C,0x9DE5E5B5,0x453D410C,0x9EE5E5B5,0x3416310B,
	0x4F696FBB,0x1B1B1B0F,0x53706FBB,0x2A2A2E11,0x536F65BB,0x29292A11,0x53706FBB,0x202B2E13,
	0x526963BB,0x1A1B200F,0x5C6F69B5,0x484A4A47,0x536463B5,0x4141423C,0x4F615DB5,0x3C31250E,
	0x1D1D1C21,0x1D1D1D1D,0x2C36362A,0x2F36362B,0x362F2C2C,0x1B2B362C,0x1B25372C,0x413B161B,
	0x47411B1A,0x4A484747,0x4240424A,0x163B4342,0x47283F41,0x4A4A4848,0x4B4A4A4C,0x3A3B393B,
	0x21212D21,0x29291D2D,0x2C352F2F,0x36362C2E,0x1B1A1A1B,0x1C1C1B1C,0x3E3E3E41,0x3E3E3E3E,
	0x4848484A,0x48484848,0x1A1B2025,0x1A1C1A1C,0x2F2C2F3A,0x35302C36,0x2C2C2C2C,0x2F2F2C2C,

	0x2C292B2B,0x27272121,0x36373535,0x31323332,0x1C1B1C1C,0x32323332,0x3E3E3E3E,0x31212133,
	0x484A4848,0x1B151533,0x1F1F1B1B,0x31313132,0x3232382F,0x4B472339,0x3C3B3B21,0x3C3C3C3D,
	0x32272727,0x32322730,0x32323226,0x32323132,0x32333333,0x32323232,0x26111112,0x32383032,
	0x16090909,0x2F2C2937,0x373B3B3A,0x2C2C2C2C,0x1B414B4B,0x2C2C2C2C,0x2B3A3B3B,0x2C2C2C2C,
	0x38393333,0x2D2C2F38,0x31393132,0x2C2C3031,0x33323232,0x2C353738,0x33323232,0x2C2C2F32,
	0x32382F2F,0x2C2C3232,0x2C2C2C2B,0x2C2C2C2F,0x2C2C2C2C,0x2F2F262C,0x262C2F2C,0x2F2F262F,
	0x0D362E38,0x09090909,0x3A2C2C2C,0x3A3A3A3A,0x212C2C2C,0x2B2C2C2C,0x2C2C2C2C,0x2C2B2B2C,
	0x2C2C262C,0x2C2B2C2C,0x2C2C2F2C,0x2C2C2C2C,0x2C2C2F2F,0x2C2C2C2C,0x262C2F2C,0x26262626,

	0x0D0D0D09,0x0D0D0D0D,0x0D0D0D1E,0x0D0D0D0D,0x3A3A3A2C,0x3A3A3A3A,0x2B2C2B2C,0x2C2B2B2C,
	0x2B2C2C2B,0x2C2C2B2C,0x2C2C2C2B,0x2F2C2C2C,0x2C2B2C2C,0x2C262F2C,0x302B2C2C,0x26262626,
	0x0D0D0D09,0x39393A10,0x0D0D0D0D,0x09090908,0x3B3B3A3A,0x09151415,0x21322B2C,0x21333232,
	0x41262C2C,0x4747473C,0x412F2C2C,0x4747473D,0x1B2C2C2C,0x1A1A1A1D,0x2C2C262F,0x2C2C2F2F,
	0x31383332,0x3A3A3931,0x32323333,0x0909091B,0x09080909,0x11121516,0x1B15261B,0x3A3A372E,
	0x3E423147,0x2C2C2B2B,0x3D422042,0x2C2C2F2C,0x1C1B361C,0x2F2C2F2F,0x2C2C2B2C,0x262F2F2C,
	0x2C2B383B,0x2C362B2C,0x2C370F09,0x2C2C2C2C,0x2C371610,0x2C2C2C2C,0x2C2C373A,0x2C2F2F2F,
	0x2C2C2C2C,0x2C2C2C2C,0x2C262C2C,0x2C2C2C26,0x212F2C2C,0x2C2C2C2C,0x2F2C2F26,0x2C2B2C30,

	0x2D302F2D,0x2B30302D,0x2C2C2C2C,0x2B2B2B2C,0x2C2C2C2C,0x2B2B2B2B,0x2C2C2C2C,0x362B2C2C,
	0x2D2D2C2C,0x352A2C2C,0x2C2C2C2C,0x36362C2C,0x2B2C2C2B,0x50362C2C,0x2C2D2C2C,0x4C2F382F,
	0x2B2B2C20,0x322C2D2B,0x2E2A3535,0x36352C35,0x2F2B2C35,0x2C2C2C2C,0x2F2C2C2E,0x2C2C2C2F,
	0x2F2C362B,0x2C2C2C26,0x2C2F2F36,0x2F2F2C2C,0x2F2C1D36,0x2F262C2C,0x3138304C,0x2C2C2626,
	0x2F212C32,0x3B333132,0x2C2C2C2C,0x090D332F,0x2C2C2C2C,0x1115362C,0x2B2F2F2C,0x3A362C2B,
	0x2C2C2C2C,0x2B2B2C2C,0x2C2C2C2C,0x2C2B2B2C,0x2C2C2C2C,0x2B2B2B2C,0x2C2C2C2C,0x2A2A2C2C,
	0x31333B3B,0x32393631,0x240D0909,0x26333031,0x161E1112,0x09090808,0x36383A3A,0x161B1516,
	0x2D2B2B2C,0x422F423D,0x212B2C2B,0x421B413B,0x2C2C2C2B,0x1B2D1B21,0x202B2B2A,0x2F2C2F26,

	0x103B3333,0x0909090D,0x06090909,0x0D0D0D09,0x12111111,0x3A3A3A3A,0x312C2C2B,0x292C1C1B,
	0x3C474747,0x2C2C2C41,0x3D474747,0x2B2C2C41,0x211B1A1A,0x362C2C1C,0x2F2F2C35,0x2C2C2C2C,
	0x0D0D090D,0x090D0D0D,0x0D0D0D0D,0x2B0D0D0D,0x3A3A3A3A,0x2B3A3A3A,0x2B2B2B2C,0x2C2B292C,
	0x2B2B2C2C,0x2C2C2C2C,0x2C2C2C2C,0x2C2C2C2C,0x2C2C2C2C,0x2C2C2C2C,0x2C2C2C2C,0x2F262F26,
	0x09090909,0x2F2C360D,0x3A3A3A3A,0x2C2B2C3A,0x2C2C2B2B,0x2C2B2C2B,0x2C2C2C2D,0x2B2B2C2F,
	0x2C2F2C2C,0x2A2A2A2B,0x2026262C,0x2B2A201E,0x24252626,0x2C2C2020,0x2525262C,0x2C2C2625,
	0x2C2C2C2F,0x3033372C,0x2C2C2C2B,0x36362F2C,0x2C2C2B2A,0x352C2C2C,0x2C2C2C2B,0x2B2E2B2C,
	0x2C2B2C2C,0x2B2B2B2D,0x2C2C2C2C,0x2C2C2C2C,0x2C2C2C2C,0x2C2F2C2C,0x2D2E2C2C,0x262C2C2C,

	0x33332121,0x21252733,0x382F2F32,0x31262638,0x2B352C2B,0x3B3A3A2F,0x362C2D2C,0x1011101F,
	0x362C2C2C,0x0909091B,0x212C2C2C,0x3B3B3B37,0x262F2C2C,0x32323127,0x2F2F2626,0x3231312F,
	0x27262121,0x27262627,0x32323132,0x38323132,0x32323B3B,0x20272120,0x331B1011,0x3E3E403E,
	0x3A100909,0x48484848,0x2F383A3B,0x1A1B1A1C,0x2C2F3226,0x2F2F302C,0x2C2F3131,0x2C2C2C2C,
	0x272D2126,0x27262F2D,0x36363637,0x38373636,0x1C1C1A1C,0x2A1F1C1C,0x3E3E3E3E,0x3E3E403E,
	0x48484848,0x48484848,0x1B1C1A1C,0x1B1B1A1A,0x302C2C2F,0x3A2C2E2F,0x26262F2C,0x2C1E202F,
	0x21273227,0x21212121,0x32313238,0x32313132,0x3239211C,0x32313132,0x1F1B3B3E,0x3231251F,
	0x4747484A,0x1F1F4047,0x43473C16,0x4A474143,0x48484A4B,0x42413948,0x3D3A3B3B,0x504B4B4B,

	0x0E1B1B21,0xBB656953,0x11313231,0xBB6F6F53,0x13313231,0xBB6F6F53,0x133B3131,0xBB6F6F53,
	0x10312422,0xB5636953,0x474A4A4A,0xB569695C,0x3B414040,0xB5656453,0x0D3B3C41,0xB55D5D4F,
	0x460D3340,0xB5E1DAAD,0x0A1F3840,0xB5E1DE9C,0x0C333840,0xB5E1DE9D,0x0B213640,0xB5E1DE9D,
	0x0B151534,0xB5E1DE9E,0x0C484749,0xB5E1E19E,0x0C3E3D40,0xB5E5E19E,0x0B1F1534,0xB5E5E19E,
	0x445F5F59,0xDFDFE2EE,0x445F605B,0xE8ECEEEE,0x445F605B,0xE3E3EBEE,0x46546762,0xDFDFE2EE,
	0x45546662,0xDFDFE2EE,0x45546664,0xDFDFE2EE,0x45546662,0xDFDFE2EE,0x45516662,0xDFE2E6EE,
	0xACDFDFDF,0xA1A09487,0xD0ECE9E9,0x96ABB8B4,0xBDE4E3E3,0xB8B2ABAB,0xACDFDFDF,0xA6A09587,
	0xAFDFDFDF,0x9494A095,0xAFDFDFDF,0x94A0A092,0xAFDFDFDF,0xA0A0A193,0xACDFDADA,0x9192988A,

	0xA0A0A0A1,0x979794A0,0xA0A0A0A0,0x959794A0,0xB8B8B8B8,0xA5A1B0C5,0xA8A8A5A5,0xB8C5AFA6,
	0x9F989494,0x9FA0A0A0,0xA0A1A094,0x9FA0A0A0,0xA1A0A099,0x9FA1A0A0,0xA1A1A094,0x9FA0A0A1,
	0xA0A0A0A0,0xA0A2A0A0,0xA0A0A0A0,0xA0A0A0A0,0xA0A0A0A0,0xA0A0A0A0,0xA2A2A5A2,0xA5A5A5A2,
	0x83858583,0x85838385,0xA6A8A6A6,0xA6A6A6A6,0xE2E0E2E2,0xE2E2E2E2,0xD9D9D9D9,0xD9D9D9D9,
	0xA0A0A0A0,0x98A0A0A0,0xA0A0A0A0,0xA0A0A0A0,0xA0A0A0A0,0x9FA0A0A0,0xA5A5A5A5,0xA2A5A4A5,
	0x82828285,0x83838385,0xA6A6A6A6,0xA6A6A6A6,0xE2E2E2E2,0xE3E2E2E2,0xD8D8D5D9,0xD9D9D9D9,
	0xEBCA87A0,0x62665446,0xEBCE86A0,0x5C605644,0xEBCE87A0,0x565F5F44,0xEECE98A5,0x565F5F44,
	0xEECC8283,0x595F5F44,0xEED1A6AA,0x555F5F44,0xEEEBE3E3,0x565F5F44,0xEEE3D5D9,0x595F5F45,

	0x9EE5E5B5,0x34151F08,0x9DE1E5B5,0x4947480C,0x9CE1E1B5,0x55515122,0x9CE1E1B5,0x453D3D0C,
	0x9CE1E1B5,0x4533330C,0x9CDEE1B5,0x43333B0C,0x9CE1E1B5,0x43393B0C,0x9CDEE1B5,0x45333B0C,
	0x536463B5,0x504C493F,0x616E6FB5,0x49515150,0x616965B9,0x4751504E,0x536A6FBB,0x3B3B3B16,
	0x53706FBB,0x201D2F11,0x53716FBB,0x2B2F3613,0x536965BB,0x2B353613,0x4C7573BB,0x2B293619,
	0x202F3148,0x1C1C1C1C,0x2C2F382F,0x2C202A2B,0x3A2F3738,0x3A3A3A38,0x482F2C2C,0x4A4A4A4B,
	0x362C2C2C,0x2C2E3636,0x352C2C2B,0x2C353535,0x2B2B2C2F,0x2C2F2C2B,0x2A2A2B2C,0x2B26262B,
	0x2C2C2C2C,0x302C2C2C,0x2C2C2C2C,0x262F2F26,0x2F2C2C2C,0x2525262C,0x2C2C2C36,0x2126262C,
	0x2C2C2C2F,0x26262626,0x2C212C2F,0x2F2C2C2C,0x2C2C2C2C,0x2E2F2C2C,0x2C2C2E2C,0x2B362C36,

	0x31282626,0x1C3B3B26,0x2C2C2F26,0x362C2130,0x2C2C2F26,0x2B352C2C,0x2C2C2626,0x2C2B2C2B,
	0x362C2626,0x2C2B3635,0x362B352E,0x2C36362B,0x2C2B2E2A,0x2C2C2C2C,0x2B2C3536,0x2B2C2B2B,
	0x2C2C1D1D,0x2C2C352C,0x2C2C2C2B,0x2C2C292C,0x2F2C2C2C,0x26262B2C,0x2C2C2C2C,0x26262B2C,
	0x2B2C2C2C,0x26262C2B,0x2E2B2C2C,0x262F2A20,0x242B2C2C,0x262E2424,0x26262C2C,0x26262426,
	0x262F262C,0x2C2F212C,0x2626302F,0x2C2C2C2F,0x21232526,0x2B2C2C26,0x26262626,0x2C2E2626,
	0x26262626,0x35262426,0x26312626,0x2B2E2F26,0x2F322626,0x2E2A3535,0x362E2626,0x322B2A35,
	0x26262C2C,0x26262626,0x2F2F2C2C,0x26262626,0x2F2C352C,0x26262626,0x262C2C2C,0x26262626,
	0x302C2B35,0x26262626,0x262F2C35,0x26262626,0x2F262B2C,0x212F2626,0x2C212C2F,0x2C2C2426,

	0x2F2F2B26,0x262F2626,0x24242426,0x2C21262F,0x20252625,0x2C2C2C2E,0x26262626,0x2C2B2C24,
	0x26252526,0x2B2A2B2E,0x24262625,0x2F2B352B,0x2B2B262C,0x2C2B3535,0x2E2C2C2C,0x362C2C36,
	0x2B2C2C2F,0x2C2C2C2C,0x2C2C2C2F,0x2C2C2C2F,0x2C2C2C2C,0x2C2C2C2C,0x2C352C2C,0x2F2C2B2B,
	0x2C2C2F2F,0x262F262C,0x2C2B2C2B,0x26262F2C,0x2B362B36,0x262F2C2C,0x2C2C2C2C,0x262C2C2C,
	0x2C2C2C2C,0x2F2F262C,0x2C2C2C2C,0x2F2F2F2C,0x2C292C2C,0x2526262C,0x25262526,0x26252626,
	0x23262625,0x26262623,0x26262626,0x26262626,0x26262626,0x262F242F,0x2F2F2F26,0x2C352E2F,
	0x2F2F2F2C,0x2E2B2B35,0x2C2F2C2F,0x15242A29,0x2C2C2F26,0x591E2E26,0x2F263226,0x5C222631,
	0x2F262626,0x40283131,0x352F2426,0x45383226,0x2B2C2C2B,0x6F2E3828,0x2B2D2D2C,0x7E22382E,

	0x382F2626,0x5C0E111C,0x16211B15,0x5C52593F,0x5216154F,0x807FAD80,0x7F734943,0x5D45596F,
	0x4F73773F,0x5A112612,0x10537E78,0x4F4E3125,0x6459529D,0x45590F22,0x7322437C,0x3F411E6F,
	0x27151264,0x2C242638,0x405C5A6F,0x21362B12,0x7E9D9A9D,0x4515144F,0x644F4478,0x5140709B,
	0x22151077,0x4C7F7E53,0x3A1B4F78,0x78805A22,0x3C15647E,0xAD525969,0x78345D7E,0x78341478,
	0x2D2C2C2F,0x2A2A2B2B,0x2E2C351A,0x242A2B2B,0x2E2E1E59,0x26262B2B,0x2C361E64,0x26262B2C,
	0x2F2E3845,0x202B2B2C,0x2B2F2045,0x242A2B2C,0x30321B6F,0x2B2B3535,0x30381E7E,0x2C2C2C30,
	0x2220241E,0x2F262F21,0x26262625,0x262F2626,0x25252525,0x2F262626,0x26252626,0x26262631,
	0x26262526,0x26262626,0x26262626,0x26262626,0x26262E2E,0x26262426,0x262B352B,0x26322626,

	0x2C2C2C2C,0x2C2C2C2C,0x2B2C2C26,0x2C2C2C2C,0x2C2F262C,0x2C2C2C2C,0x2F262627,0x2C2F2C2F,
	0x26262624,0x2F2C2C26,0x26262626,0x2C2C2126,0x26263230,0x2C2C2C26,0x26263126,0x2B2C2C26,
	0x2C2F2C2C,0x2F262F21,0x262F2C2C,0x262C2F26,0x2C2C262C,0x2C2C262F,0x2F26262C,0x2C2C2C2C,
	0x26252626,0x2B2C2C2F,0x2626262F,0x262F2C32,0x2F26242B,0x26263231,0x2F322C29,0x26322726,
	0x26262C2C,0x2C2C2626,0x25252F2F,0x2F2C2427,0x2626262F,0x2C2C2E26,0x262F2F2C,0x2C2C2424,
	0x30263635,0x2C2C2E26,0x26262F2F,0x2C2C2B26,0x26272626,0x2C2C2E26,0x2E272626,0x2C2C2B2F,
	0x2C2C2C2C,0x2F2C2C35,0x2F2C2C2C,0x26262C2C,0x2C2F2C2C,0x262F2C2C,0x2C2C2C2C,0x262C2C2C,
	0x262C2C2C,0x2F2C2C2C,0x2C2C2C2C,0x2630262C,0x2C2C2C2C,0x26312F2C,0x2C2C2C2C,0x31262F2F,

	0x2F2F2F2F,0x30302F2F,0x2C262F26,0x302F2C2C,0x2C2F2F26,0x2C2C2C2C,0x2B2C2B2C,0x2B2B2C2B,
	0x2B2B2B2E,0x362A2A2A,0x2E352F26,0x2B2A2E2F,0x2C2F262F,0x2B2A2F2F,0x2F262626,0x2C242F27,
	0x2C2C2F2D,0x2C2F2B2C,0x2C2C2C2C,0x2C2C2C2C,0x262C2C2C,0x2A1E2B27,0x262F2C2C,0x24242526,
	0x262F2C2C,0x26262625,0x262E2B2C,0x26262526,0x262E2A2C,0x26262626,0x26232B2B,0x26262626,
	0x2C26262F,0x2C2F262F,0x2626262C,0x2C2B2A2F,0x26262B1E,0x362B2B2C,0x2C2C2C2C,0x382B2C2C,
	0x2B212626,0x2E36352B,0x26242626,0x2A2A2E36,0x262F2626,0x2A2A2F26,0x2F272626,0x2F362F2F,
	0x2D211C20,0x48383936,0x2B2C2B29,0x242F322B,0x3B3A3A3A,0x322F263A,0x4B4B4B4B,0x272F2448,
	0x2B2E362C,0x262C2C35,0x2C2C2E35,0x2E2C2C2C,0x2C2C2D35,0x2C2C2C2C,0x2C2C2C2C,0x2C2C2C2C,

	0x314C5150,0xB5635D53,0x4E504E3F,0xB573705C,0x40402839,0xBB787059,0x1231242F,0xBB6F6952,
	0x112E2C2C,0xBB6F6F53,0x112E2E2C,0xBB6F7053,0x11362A2C,0xBB696853,0x132E2A2C,0xBB6F704F,
	0x0B151234,0xB5E5E09E,0x0C48474C,0xB5E1E09D,0x17515159,0xB6E1DE9C,0x0B3C3C45,0xB5E1DE9C,
	0x0C332F40,0xB5E1DE9C,0x0C333841,0xB5E1DE9C,0x0B333240,0xB5E1DE9D,0x0B302F40,0xB5E1DE9D,
	0x45516662,0xE8EAEEEE,0x4556665C,0xE3DFE2EB,0x445F5F59,0xDFDFE2EE,0x445F5F5B,0xDFDFE3EE,
	0x445F5F56,0xE2DFE4EE,0x445F5F5B,0xDFDFE2EE,0x445F605B,0xF6F6F7F0,0x445F5F5B,0xF6F6F8F6,
	0xBFE7E3E4,0xAFB0B0AF,0xCFEBE8E8,0xB2B3B3B2,0xAFDFDFDF,0x97929F8D,0xB2E2DFE2,0xA2A5A8A7,
	0xABE2DFDB,0x85858382,0xB1DFDFDF,0xA6A6A699,0xE7F0F0F6,0xE3E3E3E3,0xDAF0F0F0,0xDADADAD5,

	0x94979294,0xA0989494,0xB4B3B3B3,0x94ABB4B4,0xACACACAB,0xC9B2ABAC,0xA0A0A0A0,0xABA598A0,
	0x82858383,0x85828283,0xA6A6A6A6,0x99A6A6A6,0xE2E2E2E2,0xE1E2E2E2,0xD9DAD9D9,0xD9D9D9D9,
	0x82827474,0x82828282,0xA7A7A0A0,0xA7A7A7A7,0xA4A4A7A8,0xA4A4A4A4,0xA4A4A4A7,0xA4A4A4A4,
	0xA5A5A2A2,0xA0A1A4A4,0x9FA0A0A0,0xB3AC94A0,0xB3BDB1AF,0xB3D0B8B4,0xABACACAF,0xA4ABAAAA,
	0x82828282,0x82828282,0xA7A7A7A7,0xA7A7A7A7,0xA4A4A1A4,0xA1A1A1A4,0xA4A1A4A4,0x9898A0A1,
	0x98A09494,0xAFACA8A0,0xB8B4B3B3,0xB3B0ACB3,0xAFAFAFAF,0xA0A1A7AF,0xA1A1A1A0,0xA4A4A7A1,
	0xEEBD8282,0x5B545445,0xEED29FA7,0x5B545445,0xEED098A1,0x5B545445,0xEECE88A0,0x5B545445,
	0xEBD1ACAF,0x5B545445,0xEBD4AFB3,0x5B545445,0xEBCE8898,0x5B555445,0xEBCF8DA1,0x5B545446,

	0x9CE1E1B5,0x3C383A0C,0x9CE1E1B5,0x1638360C,0x9DE1E1B5,0x2E2E2F0C,0x9DE1E1B6,0x34293A0C,
	0x9DE1E1B5,0x392E350B,0x9DE1E1B5,0x3A382D0B,0x9DE1E1B5,0x1A2E370C,0x9EE1E1B5,0x403B3E22,
	0x59B5B57C,0x2C2E3511,0xADAD6F22,0x2F361359,0xAD591422,0x361A59B5,0x5322797F,0x1359BBB5,
	0x70345C6E,0x164FADB5,0xAD6F3F1A,0x3812499C,0xADB99C49,0x26210E4F,0x59ADAD9B,0x1B393B1B,
	0x2A2A2B2C,0x2626262B,0x2B2C2C2C,0x26262624,0x2B2D2C2C,0x26262624,0x262D2C3A,0x26262626,
	0x242F3037,0x26262626,0x212F3030,0x26262624,0x2C2C2F2F,0x2F2F2F2F,0x1A1A1A1A,0x1B1A1B1A,
	0x2C2C2B26,0x2B2B2C2B,0x2F2C2C26,0x2C363635,0x2C2C2626,0x2C2C2C2C,0x2C352C26,0x2C2C2C2B,
	0x2C2C2F26,0x2C2C2C2C,0x2C2C2B2F,0x262C2C2C,0x2C2C2C35,0x26212C2C,0x1C2C1C1A,0x2C21262C,

	0x2B2C2C2C,0x2C2C2B2B,0x2C2C2B2B,0x2C2B2B2C,0x2F2C2C2C,0x2C2D2C2C,0x2C2C2C2C,0x2C2B242C,
	0x2F2C2F2C,0x1E1E2426,0x26262626,0x23242C26,0x2C262626,0x25202C2F,0x2C2C2626,0x242F2C2C,
	0x2626262B,0x24262626,0x26262620,0x24262626,0x26262624,0x2F262426,0x23252624,0x30262626,
	0x26252627,0x2F262426,0x262F3125,0x2B262626,0x26262726,0x2B1E2426,0x26242624,0x2A1E2A24,
	0x2B2A2626,0x262F352C,0x2A2E2E2E,0x26262F2A,0x2A2B2B2B,0x26262620,0x1E2C2C2B,0x25262526,
	0x2326302F,0x25232522,0x232E2C2F,0x25252525,0x2324262B,0x24252525,0x261E242A,0x26262631,
	0x2C2C2626,0x2C2C2C2C,0x2C2C2626,0x2C2B2C2C,0x2C2F2626,0x1C2C2C2C,0x2C262626,0x3E2F3535,
	0x26262623,0x4A382C2F,0x26262623,0x1C2B2F26,0x26262626,0x352B2426,0x261F2626,0x2C2F2626,

	0x2B2B352B,0x2C2C2B2C,0x35362F2E,0x2F2E2F2C,0x2C351C1C,0x2C2F262C,0x2C2C3D3E,0x2F2F2626,
	0x2D1C4750,0x31212F2F,0x302F201A,0x262F2626,0x2F2C2C2F,0x25212F21,0x2F2C2624,0x2626262F,
	0x2C2C2C2C,0x2C2C2C2C,0x2C2C352C,0x2F2C2C2F,0x1D1B1B1B,0x201C1B1C,0x3E3E3E3E,0x3E3E3E3E,
	0x4A4A4B4A,0x4A4A4A4A,0x1B1B1B1F,0x1B1C1A1B,0x30302F25,0x2C2F2C2F,0x2C2F2C26,0x2C2C2B2C,
	0x2C2C2C2F,0x35352C2C,0x2B2F2D2F,0x2C2C2F2F,0x2F38382F,0x262C3520,0x5050504E,0x32312C3E,
	0x4A4A4949,0x32312648,0x1B1A1A1A,0x2525311C,0x2F2C2C30,0x25232530,0x2C2C2C2C,0x23242626,
	0x2A2B2B2C,0x7722362E,0x1D2C2C2C,0x69142F20,0x3C2F2F31,0x64141B3C,0x551E3732,0x7379455B,
	0x2E2F3131,0x59644916,0x21262525,0x7810151B,0x26252525,0x7C34362C,0x26262625,0x7F223631,

	0x34371B53,0x22436969,0x15120D45,0x224F9C53,0x7369644D,0x4D7C9E80,0x736F7369,0x807C7D7C,
	0x4F534F45,0x7D4C1634,0x59615053,0x807C594F,0x0D15124F,0x7E7E9B52,0x49151262,0x7E644C64,
	0x73696F7E,0x5C15213F,0x539A9C7F,0x4F1B2815,0x45456580,0x344F6962,0x44444D80,0x524D524D,
	0x80809D78,0x64739B80,0x658B6545,0x3F455952,0x4DAD5228,0x4F11150E,0x685C4522,0x6F15384C,
	0x3836227A,0x2C2B2C2F,0x2C2F1673,0x362C362B,0x24151464,0x3636363A,0x593F7073,0x36372E59,
	0x4E49647C,0x36362B49,0x13160D73,0x2C352C1A,0x2C36347C,0x2C2B202C,0x2F3A1E9B,0x2C2C2B2B,
	0x2F352B2B,0x26262626,0x2936362E,0x241F202B,0x352B3635,0x23243838,0x4A3D2C36,0x3C514842,
	0x3E481C37,0x3E471B21,0x2120302D,0x1D1B2627,0x27302F30,0x2C2F2F26,0x26212C21,0x2C2F2F26,

	0x26263126,0x2C2C2C2F,0x2C2C2C26,0x35352C2D,0x2C211B1B,0x1C1C2C2D,0x20393E3B,0x3E3E372C,
	0x1C3E4E4A,0x4B483A2C,0x2B201B1F,0x1B1C2C2C,0x2C2C2F30,0x2C2C2C2C,0x2C2C362C,0x2C2C2C2C,
	0x2E2C2C2C,0x26262626,0x2E2F352F,0x26312F2F,0x2B1C1D1D,0x26262C2C,0x3A3E3E3E,0x26263030,
	0x3D4B4A4A,0x25252F20,0x2B1F201C,0x2525212C,0x2D2F3635,0x25252526,0x2C2C2C2C,0x25252521,
	0x26262626,0x2C2C2B26,0x26262626,0x2C352C26,0x25252626,0x2F2C2126,0x25252525,0x2C2C2626,
	0x26232525,0x2C262525,0x26232325,0x31263126,0x26232321,0x26263126,0x26262523,0x26262626,
	0x2C2C2C2C,0x27262626,0x26212C2C,0x26242F2F,0x26262C2C,0x26242626,0x26262F2C,0x26262626,
	0x2626262C,0x25262626,0x26262626,0x25252626,0x26262626,0x25252625,0x261F2626,0x25262626,

	0x262F2627,0x2C262426,0x26262726,0x26262F26,0x26262626,0x25262F26,0x2626212C,0x23262525,
	0x262C2C21,0x26252525,0x2F2F2F24,0x26252526,0x262F2F26,0x2626262C,0x2C2F2626,0x2626302C,
	0x26242624,0x26262626,0x26262626,0x26312626,0x261F2626,0x2626262E,0x24262625,0x2626312E,
	0x26262626,0x26262626,0x26262626,0x26262626,0x26262626,0x26262626,0x26262626,0x26262626,
	0x2F262626,0x26312630,0x26312626,0x26262626,0x26262626,0x26262626,0x26262626,0x25262625,
	0x25252526,0x25232525,0x25252526,0x25262525,0x26232526,0x2626262F,0x2B242626,0x1A1C2C1B,
	0x2C2C2C2C,0x2C2C2C2C,0x2C2F2F2C,0x352B262C,0x2C2C2C2C,0x2E242626,0x2C2C2626,0x3A2E2626,
	0x2C2C2625,0x382F2626,0x2C2C2C25,0x2C37302C,0x2C2C2F2C,0x35352C2C,0x1A1A1A1C,0x1A1A1A1A,

	0x12382E2C,0x76B5B55A,0x5A143836,0x2263B5AD,0xB55A1638,0x22175AAD,0xB5BB5913,0x7A7F3C59,
	0xADAD4F15,0x695C3470,0x9B4C1238,0x12346FB5,0x4C0E272C,0x4C9DBBAD,0x1B393121,0x9BB5B55A,
	0x0B2D2739,0xB5E1DE9D,0x0B213115,0xB5E1DE9E,0x0C1D2623,0xB6E1E19E,0x0B1D2334,0xB6E5DE9E,
	0x0B21313F,0xB6E1DE9E,0x0B1D393B,0xB6E1E09E,0x0B1D281B,0xB5E1E09E,0x173E393C,0xB5E1E1AD,
	0x4554565B,0xD5D5DFEE,0x4554545B,0xDFDFE4EE,0x4554545B,0xDFDFE3EE,0x4954545B,0xDFDFE3EE,
	0x4554545B,0xDFDFE3EE,0x4554545B,0xDBDFE3EE,0x4554545B,0xDBDFE3EE,0x4654545B,0xDFDFE3EE,
	0x84D5D5D5,0x82828274,0xB0E2DFDF,0xA8A9A8A0,0xB1DFDFDF,0xA4A4A599,0xB1DFDFDF,0xA4A4A494,
	0xB1E2DFDF,0xA4A4A498,0xB1E2DFDB,0xA4A4A494,0xB1E2DFDF,0xA4A4A4A0,0xB1E2DFDF,0xA4A4A4A0,

	0x82828282,0x81818182,0xA7A8A8A8,0xA1A6A7A7,0xA4A4A4A4,0xA1A1A4A4,0xA4A4A4A4,0xA5A4A4A4,
	0xA4A4A4A4,0xA5A4A4A4,0xA4A4A4A4,0xA1A4A4A4,0xA4A4A4A4,0xA5A4A4A4,0xA4A4A4A4,0xA4A4A4A4,
	0x9694999F,0xA4A1A096,0x999999A0,0xA4A7A4A1,0x999999A0,0x99A1A2A1,0x98989494,0xABABA598,
	0xAFAFAFAF,0xC5CBB4AF,0xB4B4B4B4,0xA1A8B2B8,0xA0A0A0A0,0xA8A8A2A0,0xA7A4A4A4,0xA1A8A8A7,
	0xA4A7A7A4,0xA4A4A7A7,0xA4A4A7A4,0x94A4A4A4,0xA4A1A1A1,0xBDA6A5A6,0xC5ABABAB,0xCCCBC5C5,
	0xB8C5C5C5,0xA8A9A6AB,0xA1A1A1A1,0xA8A5A8A1,0xA4A4A4A5,0xA5A1A4A4,0xA4A1A1A4,0xA4A4A4A4,
	0xEBCE88A4,0x5B545445,0xEBCE83A0,0x5B545445,0xEBD4B3C5,0x5B545445,0xEED1A8AF,0x5B545445,
	0xEED098A4,0x5B545445,0xEED19FA8,0x5B545445,0xEED198A5,0x5B545445,0xEED19FA5,0x5B545445,

	0x9EE1E1B5,0x55515545,0x9CE1E1B5,0x4F47490B,0x9CE1E1B5,0x3F1B210B,0x9CE1E1B6,0x3F23330B,
	0x9CE1E1B5,0x3F1B270B,0x9CE1E1B5,0x3F21300B,0x9CE1E1B5,0x4030330B,0x9CE1E1B5,0x3F20330C,
	0x5B6F6FB5,0x4750514E,0x596965B6,0x47474740,0x4F6965BB,0x1B1B1B0E,0x526A6FBB,0x32313111,
	0x4F6965BB,0x26243111,0x4F6865B9,0x302F3111,0x526865BB,0x262F3912,0x4F6463B6,0x1A1B2411,
	0x41414141,0x41414141,0x47474747,0x47474747,0x1A1A1A1B,0x1A1B1A1A,0x36363631,0x2E2F312F,
	0x2C2C2C2E,0x26262626,0x2C2C2B31,0x2626262F,0x2C2C2F2F,0x26272626,0x3232322F,0x2C373232,
	0x3E203D42,0x2C1F1F38,0x411C4148,0x2C2C2138,0x1B2C1C1A,0x2C2C2D2C,0x2C2B2B2E,0x352E2C2C,
	0x2A2A2B2B,0x2E2B2B35,0x2A2E2727,0x2F2E2A2A,0x2A2A2E26,0x2F2E2A2A,0x2A2A2B2B,0x262A2A2A,

	0x2C262F2C,0x2C2C2C2C,0x2C2D2C2C,0x2C2B2C2C,0x2B2B2B2C,0x2C2B352B,0x2C362E2B,0x2C2B362C,
	0x2C2B352E,0x2C2C2B35,0x2C352E2B,0x2B2C2C2C,0x2C2C272F,0x2A2C2C2C,0x2C2C2F2F,0x2B2C2C2C,
	0x2224242B,0x1E1E2223,0x2626242B,0x1E222424,0x2626242A,0x22222E24,0x24242A2B,0x22222222,
	0x2E2B2C2C,0x3132322E,0x2F2F2C2B,0x24252121,0x382C2B2A,0x47484A4A,0x2E2B2B2B,0x2F3D413E,
	0x262E2422,0x26262426,0x2F2A2222,0x26252626,0x2A2B2A1E,0x2624262A,0x35352B22,0x2626262A,
	0x352F3131,0x2626262F,0x1E1C1B32,0x262F261A,0x4E4E503C,0x2C2F1E4A,0x433D391B,0x2C1B4751,
	0x211F2626,0x26263125,0x23252626,0x2323261F,0x23262626,0x23241F1F,0x26212626,0x26242426,
	0x26262630,0x26262625,0x25262626,0x2E262625,0x26262626,0x2C323126,0x372C2C2C,0x2F211B1F,

	0x26232523,0x261F2324,0x26262626,0x261F2424,0x23212325,0x251F1B1F,0x26212026,0x26242026,
	0x272F352C,0x262F2626,0x262F3636,0x26262626,0x2B2F2C36,0x26262021,0x2C2C2C35,0x26262626,
	0x2F262626,0x2C2C2F2F,0x26262626,0x2C2C2C2F,0x24262626,0x2C212F26,0x26262626,0x26262626,
	0x26262626,0x26262626,0x26262626,0x26262626,0x26262626,0x26262626,0x23262626,0x2C262626,
	0x262F2C2C,0x201F2625,0x2626212C,0x1F1F2326,0x26252526,0x1F1B1F25,0x26262626,0x1F201B1F,
	0x26242626,0x1F1F1B1F,0x24262626,0x2020231F,0x24262526,0x24262620,0x31262F26,0x26262626,
	0x2F262623,0x631E3831,0x26262623,0x34203126,0x2F32261F,0x3F2E2E2F,0x2F302F20,0x6022352A,
	0x2C262626,0x5B1E362B,0x2C263126,0x16352C36,0x26262626,0x2C2C2C2F,0x26262F26,0x202C2026,

	0x623F407E,0x7C5A1045,0x40597E9B,0x785C1539,0x457DAD58,0x70451F15,0x7E805845,0x6F223C53,
	0x6F450F59,0x735D8080,0x151B2F16,0x7A5D694C,0x3A3A2F35,0x450F1329,0x2F2F2B2C,0x491C3636,
	0x4315403F,0x804C4964,0x2012624D,0x9E7D5D40,0x14154C4C,0x5AAD7C44,0x53391B4C,0x4C527F7F,
	0x7F7C5C73,0x590D4C78,0x4F635D7A,0x152B1A16,0x1C110F43,0x372F3939,0x24362F51,0x26263226,
	0x2F381E69,0x2B26262F,0x2F382D3F,0x26262626,0x2F353540,0x2F262626,0x2C2C2A62,0x2C2B2C2C,
	0x2C301B5C,0x2C2C2C2C,0x2C2F2A15,0x2D2C2C2C,0x2C2F2436,0x2C2C2C2C,0x20262426,0x352C352C,
	0x252B2F21,0x26262625,0x26262F2F,0x26262626,0x2424262C,0x26262626,0x2626212C,0x26262426,
	0x26262B2C,0x1F242426,0x31262E2C,0x1F232426,0x26262F2C,0x261F1F1F,0x2627262F,0x26262321,

	0x2E2F2626,0x26262626,0x24262626,0x25252626,0x26262631,0x26262626,0x1F1F1F26,0x2626251F,
	0x1F201F24,0x26262626,0x23262624,0x2E262625,0x26262626,0x2B262626,0x25262526,0x2F262626,
	0x262F212C,0x26252526,0x2C2C2C21,0x2626262F,0x2C2C2C26,0x2624262C,0x2C2C2C2C,0x2626242F,
	0x2B2C2B2C,0x26262F2C,0x2C2C2C2B,0x262E2F2C,0x2B2C2C2C,0x2F242F35,0x2C2C2C2D,0x2631352C,
	0x262F2625,0x26262426,0x26262626,0x26262626,0x26312626,0x26262626,0x26262626,0x26262626,
	0x26262626,0x1F262626,0x26262631,0x1F232626,0x26262626,0x1B1F2626,0x24262626,0x21262626,
	0x26252626,0x24252521,0x26262626,0x26262626,0x26262626,0x26252325,0x26262626,0x302F2F2E,
	0x2B2C261F,0x3635362A,0x2C37261F,0x241C1C1F,0x4820261F,0x4A4A4A4B,0x3D2B2E1F,0x3D3D3E3E,

	0x2C2C2625,0x26262F2C,0x2C2C2F26,0x2626262F,0x2B2C2C24,0x2626212C,0x2C352E2F,0x31312C35,
	0x38383636,0x38323232,0x26212024,0x21252624,0x4A4A4A4A,0x4A4A4A4A,0x3D3D3D3D,0x3D3D3D3D,
	0x26262626,0x25262623,0x24262626,0x26202020,0x2E262626,0x2B2A2A2B,0x2B2E2424,0x202B2B29,
	0x2C2F3131,0x2F2C2C2C,0x1F2F2521,0x2B2C2C2C,0x4839484A,0x352C1D3A,0x3D363D3D,0x2B2C2C36,
	0x381F2526,0x423D203E,0x3A202626,0x48412042,0x24262426,0x1A20351A,0x26262F24,0x362F2F36,
	0x26262626,0x2C2C2C2B,0x3026262F,0x2C292C2B,0x2F2F262F,0x2C2C2C2C,0x2C352C2C,0x2C2C2C2C,
	0x42424242,0x41424241,0x47484847,0x47474747,0x1A1A1A1A,0x1A1A1A1A,0x352D3536,0x32302C2C,
	0x2F2C2C2C,0x2F2C2C2C,0x2C2C2C2C,0x2F2C2C2C,0x2C2C2C2C,0x2C2C2C2C,0x36352D2C,0x32363035,

	0x4E505043,0xB56F7061,0x40474347,0xB5656459,0x0F241F1A,0xBB636453,0x11383133,0xBB656953,
	0x0F2E2E36,0xBB696953,0x1139382F,0xBB656953,0x133A3330,0xBB636953,0x11312531,0xB5636853,
	0x45555151,0xB5E1DEAD,0x0C484749,0xB6E1DE9E,0x0C1B1E3C,0xB6E1DE9E,0x0B272F3F,0xB5E1DE9E,
	0x0B21213F,0xB6E1DE9E,0x0B21213F,0xB5E1DE9E,0x0C33313F,0xB5E1DE9E,0x0C272134,0xB5E1DE9E,
	0x4554545B,0xDFDFE4EE,0x4554545B,0xDFDFE4EE,0x4554545B,0xDFDFE4EE,0x4554545B,0xE2DFE4EE,
	0x4554545B,0xDFDFE4EE,0x4554545B,0xDFDFE4EE,0x4554545B,0xDFDFE6EE,0x4554545B,0xE2E3E8EE,
	0xB1E2DFDF,0xA4A5A8A0,0xB1E2DFDF,0xA5A8A8A0,0xB1E2DFDF,0xA5A8A9A0,0xB1E2DFDF,0xA5A8A8A0,
	0xB1E2DFDF,0xA5A8A9A1,0xB1E2DFDF,0xA5A8A8A0,0xB1DFDFDF,0xA2A1A19F,0xBDE2E2E2,0xABABABAA,

	0xA4A4A4A5,0xA7A4A4A4,0xA4A4A4A1,0xA4A4A4A4,0xA4A4A4A4,0xA4A4A4A4,0xA4A4A4A4,0xA1A4A4A4,
	0xA4A4A4A4,0xA5A4A4A4,0xA4A4A4A4,0x999999A1,0xA6A599A1,0xC5C5CBAA,0xC9B4AAAB,0xACAFCBCB,
	0xA7A4A4A4,0xA4A5A5A5,0xA5A4A4A4,0xA4A2A4A4,0xA1A199A1,0xA5A4A4A1,0xAAAAAAAA,0xC5C5CBCB,
	0xB4B8CBCB,0xA9AAA8B8,0xA1A1A1A1,0xA7A7A1A1,0xA4A4A5A5,0xA5A4A5A4,0xC5C5C5CB,0xB3B3C5C5,
	0xA4A4A4A4,0xA1A1A1A1,0xA1A1A4A4,0xABABABA9,0xA6A5A4A4,0xABAAAAAF,0xC5C5C5C5,0xA9A8B2C9,
	0xAAA9A9A9,0xA5A5A8AA,0xA7A7A2A7,0xA1A7A7A7,0xA6A5A5A5,0xA1A4A4A5,0xB2B1B2B2,0xB0B1B0B0,
	0xEBCE8DA7,0x5B545445,0xEBD5AAAB,0x5B545445,0xEED5AAAB,0x5B555445,0xEECE8CA8,0x5B555445,
	0xEECF93A5,0x5B565445,0xEECF8AA1,0x5B545445,0xEBCE8A99,0x5B555445,0xEED8B0B1,0x5B565445,

	0x9CE1E1B5,0x453C3E0C,0x9DE1E1B5,0x49495017,0x9DE5E5B5,0x4049500C,0xADE5E1B5,0x534E140C,
	0xB9DEE1B5,0x341E447E,0xB5DEE1B5,0x767BBBBC,0xB6DEE1B5,0x4D4D4680,0xADE1E1B6,0x220D0434,
	0x596863B5,0x3E42423D,0x5C7173B6,0x50484842,0x4F6965BB,0x401B150D,0x5B7378BB,0x28284348,
	0x4F615DBB,0x1010130D,0x737878B5,0x5C5C615C,0x587078B5,0x4D4D4D46,0x456165BB,0x0D0D0907,
	0x1F1F1B1F,0x2C1B1F1F,0x4848484A,0x2F474848,0x42424347,0x4E4E4247,0x1F1F2121,0x3E3A1A1C,
	0x110F0F11,0x1313110F,0x5C5C5C5C,0x50535C5C,0x4D4D4D4D,0x34444D4D,0x0D0D0D09,0x0D0D0D0D,
	0x2E2B352F,0x202B2B2A,0x1A1A1B1A,0x2F2B2B2B,0x48484848,0x352B2138,0x3E3E3E3E,0x4A4B4B4A,
	0x1A131113,0x2E383131,0x3E4A5151,0x3C3C3E3E,0x09143F3F,0x09090909,0x100E0D0D,0x10101010,

	0x2C2C2B26,0x2B2C2F2C,0x2C2C202B,0x2C2C262C,0x2C263030,0x2C2C262B,0x3E4B4A4A,0x2B362B21,
	0x1B1E2F22,0x1A1A3831,0x47473C3C,0x4A43413D,0x14140909,0x14140909,0x10101410,0x0F101111,
	0x2C2D2B2C,0x41423B1B,0x2C2C292C,0x4B431F37,0x2C2F352C,0x161F3836,0x3833382C,0x37372C37,
	0x1B1F2F2C,0x30201616,0x4B483A3D,0x1B3D4848,0x43140909,0x2B3D4747,0x08121212,0x1A0D0707,
	0x4E4E3E42,0x35213D48,0x3B4B4B4B,0x302D261B,0x21161A1A,0x2F2C212F,0x262F322F,0x2C2F2626,
	0x2C2C2621,0x2F2F2C2F,0x2F26262C,0x2C2F2C2F,0x262C2C20,0x2B2C2C2F,0x2C1D373A,0x2C2C2C2C,
	0x1A16292C,0x203D473B,0x47483E1D,0x1B3E4B42,0x42473D21,0x351E1638,0x1B1A202F,0x2A2A362C,
	0x2C352C2B,0x22222A2D,0x2C2C2C2C,0x2B292C2C,0x2C2C2C2C,0x2C2C2C2C,0x2C2F2C2C,0x2F2F2C2C,

	0x2C2C2C2C,0x26262624,0x2C2C2C35,0x242E2E2C,0x2C2C2C2B,0x26242430,0x262C2C2B,0x2625242C,
	0x262C2F2B,0x23262525,0x2F2C2C2B,0x23253131,0x2C202C2C,0x26252626,0x26262C2B,0x26262626,
	0x26262626,0x2C2F2626,0x26232626,0x2C212626,0x23252420,0x3D3B2125,0x26262324,0x38382F26,
	0x26262526,0x2C2C2626,0x26262626,0x2C263026,0x262F2626,0x2C262626,0x26262626,0x2C262626,
	0x262F2F2C,0x26263132,0x2C2C2C2F,0x26261B1B,0x382C2C2C,0x2F1F434E,0x2F2C2C2C,0x2F263D40,
	0x2C262C2C,0x2F2F211A,0x2C2D262C,0x2E30262C,0x2C2C2C2C,0x25212C2C,0x2C2F2C2C,0x2526262F,
	0x26262626,0x24232523,0x25252126,0x26262526,0x26262626,0x26262525,0x26262626,0x26262626,
	0x26312F2F,0x25262626,0x26272F26,0x3126262F,0x262F2F24,0x26262626,0x2C2B2B26,0x26242F2C,

	0x24242626,0x591E2C20,0x26242424,0x3B213221,0x1F1B1F20,0x20313126,0x1B1B1F25,0x2726261F,
	0x1B1F1F23,0x2626261F,0x1F1F2126,0x2525251F,0x25262626,0x20232523,0x262F2626,0x1B1F2525,
	0x262C204F,0x26322626,0x262F3150,0x26262623,0x31262515,0x26232525,0x25252532,0x25252325,
	0x23232527,0x25201F1F,0x23252521,0x26251F1F,0x1F1F1F1F,0x2625231F,0x241B1B23,0x27262624,
	0x26252325,0x2C2C2C2C,0x24262626,0x26302B26,0x2E312625,0x26262C2B,0x24252525,0x26262F2B,
	0x26263126,0x26252C2F,0x26272626,0x26262626,0x26262627,0x26262626,0x26262626,0x26262526,
	0x1F26262F,0x26251F1F,0x1F262626,0x2625251F,0x25252626,0x25232523,0x25252626,0x25252326,
	0x25262626,0x26232325,0x26263126,0x26252631,0x2F262326,0x26262626,0x2C353526,0x26262C2C,

	0x26252526,0x2D2F2626,0x26252525,0x2C2C2626,0x26262525,0x2B2C2C2F,0x26262525,0x2C2C2C26,
	0x26262626,0x2C2C2C2C,0x26262626,0x2C2C2C2C,0x26262626,0x2C2C2C2F,0x26252626,0x2C2C2C2C,
	0x2C2C2C2C,0x26262C2C,0x2C2D2C2C,0x2626262C,0x2C2C2C2C,0x2525262C,0x2C2C2C2C,0x2625262F,
	0x2C2C2C2C,0x2525262F,0x2C2C2C2C,0x2625262F,0x2C2F2C2C,0x26242626,0x2C2F2C2C,0x262F262C,
	0x25262626,0x26262626,0x26262526,0x262F2626,0x26232525,0x2C2C2C2C,0x26262525,0x2C2C352C,
	0x26262525,0x2C2C2C2C,0x2F262626,0x2C292C2C,0x2C2C2426,0x292C2C2C,0x2B2B2626,0x2C2C2C2B,
	0x1C2C2F26,0x1C1C1C1B,0x35352C26,0x2C2C352C,0x2C2C2C2C,0x30212C2C,0x37372F2C,0x2F2D302C,
	0x1A1A1A29,0x211A1A1A,0x4747473A,0x3A474747,0x47424239,0x31424242,0x1B1A1629,0x2D1A161D,

	0x1C1D1C1C,0x1C1C1B1C,0x2F2C2C2C,0x2F2F262F,0x2F2C2F30,0x2D212C2E,0x2F272F30,0x2C2C302F,
	0x161B1F26,0x202C1B16,0x47413B1B,0x3B374248,0x423B3A1D,0x09090D40,0x07070D1D,0x11121008,
	0x1C2C201D,0x2C2E352C,0x2B2B2F2F,0x2C2C372F,0x2F2D2C2C,0x2E363131,0x2F293636,0x4E4E4E42,
	0x2E3D291C,0x16161B15,0x4748424A,0x48484949,0x0C090D14,0x22222222,0x10101010,0x0D0D0D0D,
	0x2C2C2C2C,0x2F30372C,0x2C2C2C2B,0x1A1F1B1B,0x382F2E2B,0x48484847,0x4A4B4A4A,0x403E3E3E,
	0x231E3822,0x13111215,0x42473942,0x51555048,0x0D100910,0x44443414,0x0F0F110E,0x0D0D0D0F,
	0x1B1A1B2D,0x1F1F1B1A,0x47484124,0x47474747,0x47424949,0x42424242,0x27263B3E,0x2C1D1D20,
	0x11121111,0x0F111111,0x605C5C5B,0x5C5C5C60,0x4D4D4D46,0x4D4D4D4D,0x0D0D0D0D,0x0D0D0D0D,

	0x3C42423C,0xB5636459,0x4149494A,0xBB737059,0x0D1E2141,0xBB6F694F,0x47433836,0xBB737861,
	0x0D111011,0xB55D6352,0x595C5C5C,0xB57C7C6F,0x444D4D4D,0xB573735A,0x0709090D,0xBB5D5C4C,
	0x0C414145,0xB5E1E09E,0x1750494C,0xB5E1E19E,0x0C50453F,0xB6E5E19D,0x17395153,0xB6E5E1AD,
	0x80440D14,0xB6E5DEB7,0xB9B56161,0xB6E5DEB6,0x7D4D4D4D,0xB6E5DEB6,0x17060D14,0xB6E5E0AD,
	0x4554545B,0xEEEEEEEE,0x4554545B,0xE2E2E4EE,0x4554545B,0xE2DFE3EE,0x4C54545B,0xDBDFE6EE,
	0x4C54545B,0xDFDFE4EE,0x4D54545B,0xDFDFE6EE,0x4C54545B,0xDFDFE4EE,0x4C54545B,0xDFDFE6EE,
	0xD0EBEEEB,0xB4B8B8B4,0xC1E2DBE2,0xB2B1B2B1,0xC6E2DBE2,0xB0B1B1B0,0xB1E2DFDF,0xA1A1A597,
	0xB1E2DFDF,0xA8A8A9A1,0xB1E2DFDF,0xA8A9A8A1,0xB1E2DFDF,0xA5A8A9A1,0xB1E2DFDF,0xA4A5A8A0,

	0xA1AFC5B4,0x989499A5,0xB1B2B2B2,0xAFAFB0B0,0xAFB0B0B0,0xACAFAFAF,0x99A0A0A1,0xA0999999,
	0xA4A4A4A8,0xA5A4A4A4,0xA4A4A4A4,0xA5A4A4A4,0xA4A4A4A4,0x99A4A4A4,0xA4A4A4A4,0xA1A1A4A4,
	0xABA5A5A8,0xA9AAA9A9,0xA5B2B3B2,0xA2A0A0A0,0xCBCBB2B2,0xB8B8B8B8,0xAFAAA1A7,0xACAFAFAF,
	0xA7A7A9A7,0xA7A7A7A7,0xA2A2A2A2,0xA1A1A1A4,0xBDBDBDBD,0xBDBDBDBD,0xE8EAEAE9,0xE9E9E9E9,
	0xA9A9A9A9,0xACACABA9,0xA0A2A0A2,0xA0A0A0A0,0xB8B8B8B8,0xB8C5B4B8,0xACAFACAC,0xAFAFACAF,
	0xA5A5A7A7,0xA5A7A8A8,0xA1A5A1A4,0xA5A4A5A5,0xBDBDBDBD,0xBDBDBDBD,0xE9E9E7E7,0xE7E9E9E7,
	0xEBD4AFAC,0x5B545445,0xEECE92A7,0x5B545445,0xEBD8B4C0,0x5B545445,0xEED4ACAF,0x5B545445,
	0xEED19FA9,0x5B545445,0xEECF93A8,0x5B545445,0xEBD4BDC1,0x5B545445,0xEBECE5E7,0x5B545445,

	0x9CE5E1B6,0x3F161508,0x9BE1E1B5,0x453E420B,0x9AE1E1B5,0x5150510C,0x9BE1E1B5,0x3F393B0B,
	0x9CE1E1B5,0x3F151F0A,0x9CE1E1B5,0x4332320A,0x9CE1E1B5,0x41323B0C,0x9CE1E1B5,0x45333B0C,
	0x4F6463BB,0x38383811,0x596463B5,0x4247473F,0x6A6963B5,0x51515551,0x597069B5,0x3E3E3E3A,
	0x536F6FBB,0x202B3613,0x536F6FBB,0x2C363A19,0x4F6A6FBB,0x1B1B2B11,0x4F6465BB,0x39313112,
	0x3B3A3A3B,0x3A3A3A3A,0x1A19191E,0x1B1A1A1A,0x4A4A4A4A,0x48484848,0x3E3E4141,0x3E3E3E3E,
	0x1B1C1C1C,0x1F211F1C,0x312F2B2B,0x32323232,0x25201F20,0x2F2F2F26,0x4E504228,0x50505050,
	0x3A3A3A3A,0x38382F33,0x1A1A1B16,0x292C1E1A,0x4A4A4848,0x411C474B,0x413E3E3E,0x3B2E3D41,
	0x21201C21,0x2F372620,0x32323332,0x33383232,0x2F2F2F2E,0x2F2E2626,0x4E4E5050,0x4E50504E,

	0x3A3A3839,0x3A3A383A,0x2E2A1616,0x2B2B2C2C,0x2C3C4B50,0x2C2C352C,0x2C384042,0x2C2C362F,
	0x322F2120,0x2F2F312F,0x32323332,0x32323233,0x2F2F2F32,0x2F262630,0x4E4E4E50,0x4E4E504E,
	0x213A3A3A,0x090D2E1F,0x2C2C2C2C,0x2E363737,0x2C2C2C2C,0x2C2C2C2C,0x2C2C2C2C,0x362C2B2C,
	0x362F2F2F,0x31363637,0x38323232,0x39323233,0x2F2F272C,0x2F26262F,0x4E4E4E4E,0x4E4E4E4E,
	0x2C3A1510,0x2B35361C,0x3A090909,0x3A1C133E,0x0D0D1C3D,0x09090909,0x1A3D3A31,0x121F1B12,
	0x3B333239,0x3637333B,0x32323832,0x211D3032,0x26263637,0x261D1C26,0x504E4E50,0x3B3B3A4A,
	0x2F322E2B,0x26262C2C,0x32323230,0x2C2C2F2F,0x32383826,0x37362C30,0x08090809,0x161A2109,
	0x1515161B,0x08091616,0x21263030,0x3A372C2C,0x2F201D21,0x2B2B3637,0x2C3B3B3B,0x1A161A29,

	0x2F2C2C2F,0x2F2C2F26,0x2B292C2C,0x2C2C2C2E,0x37363736,0x36363636,0x161A161A,0x161A1A16,
	0x08080808,0x08080808,0x2C36362F,0x30353730,0x2C363535,0x2C362C2B,0x1C1A1A1C,0x372C2F2F,
	0x262F242C,0x2C2C3131,0x2B2B2C2C,0x2C2C2C2F,0x2B2B3637,0x2F2C3636,0x2C361C16,0x1B1D1516,
	0x1F3A0D08,0x0D110708,0x2C2C2C30,0x352F3730,0x212C212C,0x2C2F2F26,0x2F322F2C,0x3036362F,
	0x2C2C2C2C,0x3126262C,0x2C2C2C2C,0x24262627,0x2C2B2B2C,0x26262626,0x2C2C2C2D,0x26302626,
	0x2C2F381B,0x242F2F2F,0x2C2C2F2C,0x2B2C2C2B,0x2B2B2B2C,0x2C2C2C2C,0x2F2F2C2F,0x2C2C3737,
	0x2B2C2F26,0x2C2C362C,0x2B35362F,0x2C2C362C,0x2C2C362F,0x2C2C2C2C,0x2C2C2C2C,0x2C2C2C2B,
	0x2C2B2C2F,0x2C2C2C2C,0x2C352C2B,0x212C2C2C,0x2F2C2B2C,0x2C2C2C2C,0x2F302F2C,0x2C2C262F,

	0x2626262C,0x1F262626,0x262C2C2C,0x26262626,0x262C2C2C,0x24262626,0x2C2B2C2C,0x24262626,
	0x2C2C2C2C,0x27262F2F,0x2C2B2C2C,0x312F2C2C,0x2B2B2C2C,0x262F2C2C,0x2B2B2C2C,0x2E2B2C2C,
	0x26241F1F,0x24262626,0x26322626,0x26262626,0x26262624,0x26262626,0x26262631,0x26262626,
	0x26262626,0x26262626,0x26262626,0x26242B2B,0x2C2B2626,0x2F2B201E,0x2B2B2A24,0x2F202A2A,
	0x26262626,0x26262626,0x26262626,0x2C2C2626,0x26262626,0x2C2F2E26,0x26262626,0x2E211E26,
	0x26262626,0x352C2B26,0x26262326,0x2B2C2F26,0x2E262624,0x2C2B2B35,0x1E2E2E20,0x3536362B,
	0x2C2C2C2C,0x2E2F2C35,0x3536362C,0x3535352F,0x2B362C2B,0x352B352C,0x2C2B2B2B,0x2B2C2C2B,
	0x2C2C2C2C,0x1A372C2C,0x2C2C2C2C,0x2C2C2C2C,0x2C2C2C2C,0x2C292C2C,0x2F2F2C37,0x2F2F2F2F,

	0x2C2F2F2F,0x2C2C2C2C,0x2C352C2E,0x2C2C2F2B,0x36363536,0x36372C2C,0x1A1A1D1C,0x161B352D,
	0x0908110D,0x070D3A1B,0x37322C2C,0x302C2C2B,0x2C2D2C2C,0x2C2C262C,0x2C363737,0x2C302F2C,
	0x2C2C2C2C,0x2B2C2C2C,0x2C2C2C2C,0x2B2B2C2C,0x37373636,0x35363636,0x16151616,0x161A1616,
	0x08080808,0x08080808,0x3637362F,0x3735362F,0x2B2C2C2C,0x212B2C2C,0x2C2F2F35,0x1A1B1B1B,
	0x2B2C2F2C,0x2C2C2C2B,0x2C2F352F,0x3A2F372B,0x2F2B2F31,0x0D372B2F,0x09121A16,0x0D080808,
	0x1D110808,0x20161615,0x37383737,0x2C373636,0x382F2F21,0x1D1D2B36,0x201B1B1A,0x3B3B3C36,
	0x2F38383A,0x0E153A2F,0x1B0E1112,0x0909091A,0x08090707,0x3B1A0D09,0x151C1512,0x29363A16,
	0x36363737,0x35352B3A,0x352F202B,0x2C2B2F37,0x1C211C2B,0x2C2C302B,0x403B3A3B,0x3C3C3C40,

	0x1B2C0D08,0x373A3A24,0x36363A2C,0x2C24262F,0x2B2E2C2B,0x2C2C2C2B,0x2C2B2C36,0x2C2C2F2C,
	0x2C2C2C2C,0x2F302C2C,0x2C2C2C2C,0x3232362C,0x291D1D29,0x2D2F2021,0x5048393C,0x4E4E4E4E,
	0x38313837,0x39393231,0x25262C21,0x16121B24,0x2F2F2C2C,0x5050411B,0x2C2C2C2C,0x42423B1C,
	0x2F302F26,0x1B1B202F,0x32323233,0x33393832,0x2F362F2F,0x322F2F2F,0x4E4E4E4E,0x4E505050,
	0x38353638,0x3A3A3A38,0x1B29351C,0x1A1A1B1C,0x4B471C3E,0x4A4A4A4A,0x423E303A,0x3E3E4141,
	0x2137372F,0x1C212121,0x33393333,0x32393332,0x2F2F362F,0x2F272F2F,0x4E4E4E50,0x50505050,
	0x3A3A3B3A,0x3B3A3A3A,0x1B1A1B1A,0x201A1A1A,0x48484A48,0x49484848,0x3E3E3E3E,0x3E3E3E3E,
	0x1C1A1C1C,0x1C1D1B1C,0x2F323232,0x2F2C2C36,0x2F2F2F2F,0x1C1B1C2B,0x50504E4E,0x3642504E,

	0x0E261E2E,0xBB636151,0x3E474343,0xBB5D615C,0x51555551,0xBB636970,0x2B3E3D3C,0xBB697059,
	0x11311B1C,0xBB6F7059,0x1539312F,0xBB656F59,0x0F201B1C,0xBB6F6F53,0x12382E38,0xBB656453,
	0x0B1A1534,0xB6E5E19E,0x0C423E43,0xB6E1E19D,0x17515151,0xB5E1DE9D,0x0B38313F,0xB5E1DE9D,
	0x0A15153C,0xB5E1DE9C,0x0A1A2740,0xB6E1DE9C,0x0B212140,0xB6E1DE9D,0x0B3A3B41,0xB5E5E09D,
	0x4554545B,0xDFDFE6EE,0x4C54545B,0xDFE2E6EE,0x4C54545B,0xDBE2E6EE,0x4C54545B,0xE2DFE4EE,
	0x4D54545B,0xE2E2E7EE,0x4D54545B,0xDFDFE6EE,0x4554545B,0xE8EBEEEE,0x4554545B,0xFAFAFDF0,
	0xB1E2DFDF,0xA4A4A8A0,0xB1E2DFDF,0xA4A4A8A2,0xB1E2DFDF,0xA4A4A8A0,0xB1E2DFDF,0xA4A4A8A2,
	0xB1E2DFDF,0xA7A4A8A0,0xAFDFDFDF,0x8799A198,0xCFEBE8E8,0xB1BDBDBD,0xF0FAFAFA,0xEBECEBEC,

	0xA4A4A4A4,0xA1A1A4A4,0xA4A7A4A4,0xA1A4A4A4,0xA4A4A4A4,0xA1A4A4A4,0xA4A4A4A1,0x99A4A4A4,
	0xA7A7A7A7,0xA1A4A7A7,0x88888788,0x95898788,0xB1B1B1B1,0xBDB1B1B1,0xECEBECEC,0xE7E8E9EC,
	0xD5D5D5D8,0xD5D5D5D5,0x83828274,0x83838383,0xAEAEAE9F,0xAEAFAEAF,0xA9A9A9AB,0xACA9A9A9,
	0xAFA8A8A8,0xB1AFB1AF,0xBDACB3B1,0xABB2CCCB,0xABBDD0D0,0xACAAABAB,0xD0D0D0B2,0xD0D0D0D0,
	0xD5D5D5D5,0xD5D5D5D5,0x83838383,0x83838383,0xAEAEAEAE,0xACACAEAE,0xACACACAC,0xCCC5ACAC,
	0xCBCBCBCB,0xAFB3CBCB,0xACABACAB,0xACACACAC,0xACACABAB,0xACACACAC,0xABB2D0CC,0xACACACAC,
	0xEBDAD1D4,0x5B555445,0xE6AC8285,0x5B555445,0xEBD0A8AC,0x5B545445,0xEBD8CBCB,0x5B565445,
	0xEED4AFB1,0x5B565445,0xEED4AAAC,0x5B565445,0xEED4ACAF,0x5B565445,0xEED1ACAF,0x5B565445,

	0x9EE1E1B5,0x504A4E34,0xADE5E5B5,0x3C3E4E34,0x9EE9E5B5,0x3415270C,0x9CE5E5B6,0x3416250A,
	0x9AE1E1B5,0x28404A34,0x9CDEE1B5,0x3E3F4245,0x80E1E1B5,0x16211A08,0x9CE1E5B5,0x231B1D0B,
	0x556A65BB,0x4A48483D,0x685265B5,0x1E1B0F50,0x4F459CAD,0x3A125568,0x70ADB59A,0x1B5C6946,
	0xBC9C5334,0x5978529E,0x63141221,0x9B52BB9E,0x5D73703F,0x639AAD59,0x9B537F73,0x52BC5D43,
	0x4E4E4B4A,0x4B4E4E4E,0x262F2E31,0x21212026,0x36373238,0x2F243637,0x38383B3A,0x32383730,
	0x1F1F261C,0x1F1F1F1F,0x42474159,0x43424242,0x45423F79,0x42434343,0x70707075,0x73737373,
	0x4B4B4B4B,0x4E4E4E4B,0x20262B29,0x201C2020,0x2D352C2C,0x2F2F2C2D,0x302F2F30,0x302C3530,
	0x1F1F1F21,0x1C1C2123,0x47474347,0x47474347,0x43434343,0x43434343,0x73737373,0x73737373,

	0x4E4E4E4E,0x4E4E4E4E,0x21201C20,0x1C201E20,0x30322F30,0x362F3030,0x1A2C3131,0x1D1C1C1C,
	0x3E361A1B,0x3E3E3E3E,0x4A474347,0x4A4A4A4A,0x163F4543,0x16141414,0x76737172,0x77777777,
	0x4E4E4E4E,0x4E4E4E4E,0x2B201C1C,0x1C1C201C,0x2C2C2D30,0x2D2F2F2D,0x20201C1D,0x211F1D1C,
	0x3E3E3E3E,0x3E3E3E40,0x4A4A4A4A,0x4A4A4A4A,0x16161616,0x16161516,0x76777776,0x77777878,
	0x4E4E4E4E,0x4B4B4B4E,0x20202B20,0x2E2F3124,0x302F2F2C,0x211C1F30,0x20212121,0x3A3B3B26,
	0x3E3E3E3E,0x4B4B4E41,0x4A4A4A4A,0x2A2E2A47,0x19161916,0x1E221E19,0x77777778,0x77767676,
	0x424B4B4B,0x3E3E3E3E,0x47243636,0x4948484A,0x1A2B202C,0x1B1B161A,0x3B3A3A39,0x3B3B3B3B,
	0x4B4B4B4B,0x4E4A4B4B,0x2E2E2E2E,0x282E2E2E,0x22222222,0x1E222222,0x77787676,0x78787777,

	0x3E3E3E3E,0x1B1F1B1F,0x48484A4A,0x47474347,0x201C1C1B,0x47474742,0x1D211B31,0x15151515,
	0x3E3E3D4C,0x3E3E3E3E,0x4A4A4A40,0x4A4A4A4A,0x16141416,0x16191614,0x77777878,0x78787778,
	0x1C1F1B1B,0x1A1A1A1A,0x47474747,0x47474747,0x47474747,0x47474747,0x19191515,0x15161616,
	0x3E3E3E3E,0x3E3E3E3E,0x4B4A4A4A,0x4A4A4A4A,0x19191619,0x14141616,0x77777777,0x77777777,
	0x1A1A1A1A,0x1B1B1B1A,0x47474747,0x43424247,0x47474747,0x43474747,0x15151916,0x1A151616,
	0x403E3E3E,0x3840403E,0x4A4A4A4A,0x414A4A4A,0x15161616,0x39141514,0x77777777,0x73767777,
	0x211B1A1B,0x2C26242F,0x3A474747,0x2F262C29,0x3A474747,0x2F2F2C21,0x2C1A161B,0x2F2C2F2F,
	0x362B201B,0x2F323239,0x2F363642,0x2E303B38,0x16282242,0x59222816,0x76777873,0x9D737373,

	0x2C2C2C2F,0x2E2B2C2F,0x2C2C2F2F,0x1137362C,0x212C2F30,0x61152F20,0x37323838,0xBC590F20,
	0x3A393215,0x80B55315,0x1B331B4C,0x349ABB5C,0x5A0959AD,0x1545ADBB,0xB55A4D9D,0x783F459A,
	0x24262A2E,0x2B1E2A20,0x2C263111,0x2E2A2B2B,0x20301561,0x2F2F2F21,0x2F0F5CBB,0x38362F36,
	0x1553B580,0x15303B3B,0x5DBB9A34,0x49393922,0xBCAD4512,0xAD5C095D,0x80453F78,0xAD4D5AB9,
	0x2F2C2C2C,0x1A1A1A20,0x2C2C2C30,0x4747473B,0x292C2C2F,0x4747473A,0x2C2E2B2C,0x16161B2C,
	0x37362B1D,0x1A242432,0x2F332F2E,0x42262C2C,0x15221A45,0x43222216,0x71737380,0x73777873,
	0x1B1B1A1A,0x1B1A1B1B,0x47474747,0x47424747,0x47474747,0x47474747,0x15151516,0x16151515,
	0x3E3E4038,0x3E3E3E40,0x4A4A4A41,0x4A4A4A4A,0x16141439,0x16161614,0x78777675,0x77787778,

	0x1A1A1A1A,0x1A1A1A1A,0x47424242,0x47474247,0x47474747,0x47474747,0x16161615,0x16161616,
	0x403E4040,0x3E3E3E3E,0x4A4A4A4A,0x4A4A4A4A,0x16151616,0x16161616,0x77767676,0x76767676,
	0x1B1A1A1A,0x3D3E3E3E,0x43424747,0x48484848,0x42434747,0x161B1B1B,0x15151515,0x3A211F1B,
	0x40414040,0x4A3E3E40,0x4A4A4A4A,0x3D4A4A4A,0x16161616,0x1E161616,0x78777776,0x77787878,
	0x3E3E3E3E,0x4B4B4B47,0x48484848,0x38362B47,0x161A1B1B,0x2B1C2116,0x3B3B3B3B,0x3A3A3A3B,
	0x4B4B4B50,0x4B4A4B4B,0x2E2E2E2E,0x2E382E2E,0x22222222,0x22222222,0x76767677,0x76777676,
	0x4B4B4B4B,0x4E4E494A,0x35363136,0x3C3D3A29,0x362C212C,0x1F1B3038,0x2B3B3A3A,0x21211D1B,
	0x424E4B4B,0x40403E3E,0x482E2E36,0x4A4A4A4B,0x16222222,0x16161414,0x77777676,0x77777777,

	0x4E4E4F4F,0x4E4E4E4E,0x201C3C3F,0x20262626,0x37302121,0x30313238,0x211B1D1F,0x26252521,
	0x3E3E3E3E,0x40404040,0x4B4A4A4A,0x4A4A4B4A,0x16161616,0x16161619,0x76777777,0x76777776,
	0x4E4E4E4E,0x4E4E4E4E,0x202B2026,0x262B2020,0x2F363637,0x3030302F,0x1A1C1C21,0x30362B16,
	0x3E3E4040,0x211B383E,0x4A4A4A4A,0x4342474A,0x14141616,0x43453C14,0x78787877,0x73737377,
	0x4E4E4E4E,0x4E4E4E4E,0x20212026,0x201C2020,0x2F2F302F,0x2F2F2630,0x30323231,0x372C2F2F,
	0x1F21251F,0x1B1B1B1F,0x43474343,0x47434747,0x43434343,0x43434343,0x75757373,0x75757373,
	0x504E4E4E,0x4B4B504E,0x2B2B2C1C,0x2B2B2124,0x2C352C2C,0x38363636,0x372F3636,0x3A3A3635,
	0x1B1B1F1F,0x1A211B1B,0x43474347,0x59414343,0x42424343,0x7B3F4342,0x73737375,0x75707171,

	0x3D4A484A,0xBB656F59,0x4F0D1B1C,0xB55D4F69,0x6851113A,0xAD9C4C52,0x4461591D,0x9BB5AD70,
	0x9E4F7359,0x40599BBB,0xADBC5A7F,0x3D291E64,0x52B59B69,0x40686964,0x4261BC52,0x6E7B529A,
	0x3F50504F,0xB6E1E0AD,0x3F50423F,0xB6E5E1AD,0x1033213C,0xB6E5E1AD,0x0C271634,0xB6E5E09E,
	0x3448413C,0xB6E5E09C,0x453E4247,0xB6E5DE9E,0x08151B12,0xB5E1DE9C,0x0B1A2016,0xB5E5DE9E,
	0x4554545B,0xF0F6F7EE,0x4554545B,0xDADADFEB,0x4554545B,0xE3E2E8EE,0x4554545B,0xE2E2E6EE,
	0x4554545B,0xE2E2E7EE,0x4554545B,0xE2E2E4EE,0x4554545B,0xE2E2E7EE,0x4554545B,0xE3E2E7EE,
	0xE2F7F7F6,0xD5D5DADA,0xAADFDFDA,0x83838382,0xBFE7E3E3,0xACAEACAE,0xB1E3E2E2,0xABA9ABA8,
	0xBDE3E2E2,0xABABABAA,0xBDE3E2E2,0xABABABAA,0xBDE3E2E2,0xABABABAA,0xBDE3E2E2,0xABABABA9,

	0xD5D5D5D5,0xD5D5D5D5,0x82838383,0x74818282,0xACAEAEAE,0x9FA8ACAC,0xABABABAB,0xABAAAAAB,
	0xABABABAB,0xAAAAABAB,0xABABABAB,0xAAAAAAAB,0xABABABAB,0xABAAABAB,0xABABABAB,0xAAAAAAAB,
	0xAFAFAFAB,0xB1AFB1AF,0xA9A9A9AB,0xACACACAB,0xABAAAAAA,0xACACACAB,0xCBCBCBCB,0xCBCCCBCB,
	0xB1AFAFB1,0xB1B1B1B1,0xACACACAC,0xACACACAC,0xACACACAC,0xAFACACAC,0xACACACAC,0xAFAFACAC,
	0xACAFB1B1,0xACACACAC,0xACACACAC,0xACACACAC,0xACACACAC,0xBDAFACAC,0xCCCCCCCF,0xB3CBCCCC,
	0xB1B1B2B1,0xACB1B1B1,0xACACACAC,0xACACACAC,0xAFAFACAF,0xACACACAC,0xAFAFAFAF,0xAFAFAFAF,
	0xEED1ACAF,0x5B565445,0xEED1AAAC,0x5B545445,0xEED4B3C5,0x5B565445,0xEBD5B3B3,0x5B565445,
	0xEED1A8AB,0x5B565645,0xEED1AAAC,0x5B565645,0xEED1AAAC,0x5B545645,0xEED1AAAF,0x5F5F5645,

	0x9EE5E5B5,0x3F151B0B,0x9DE5E5B5,0x40151F0C,0x9CE1E5B5,0x3C393308,0xADDEE5B5,0x2411085D,
	0xADE7E1B5,0x40225C9E,0xD7FEDFB5,0x6867687C,0xFAFEDEB5,0x726E73CD,0xF6FEDEAD,0x0A180A5E,
	0x9B45497F,0x9CBB5339,0x7AB579AD,0xBC7E2234,0x3C5B5C59,0x5C4F1B22,0x160E0D0D,0x0F12241B,
	0x4C4C4C4C,0x4E4C4C4C,0x68696A6E,0x6A686868,0x76777976,0x75757575,0x18181818,0x18181818,
	0x52525252,0x52525252,0xBBBBBBBB,0xBBBBBBBB,0x5D5D5C5C,0x5D5D5D5D,0x11111110,0x10111112,
	0x4E4E4E4E,0x4E4E4E4E,0x6A6A6A6A,0x6868686A,0x76767676,0x76767576,0x18181818,0x18181818,
	0x52525252,0x52525252,0xBBBBBBBB,0xBBBBBBBB,0x5D5D5D5D,0x5D5D5D5D,0x11111111,0x11111111,
	0x4E4E4E4E,0x4E4E4E4E,0x6A686868,0x6B6A6A6A,0x76767676,0x78777877,0x18181818,0x18181818,

	0x52525252,0x52525252,0xBBBBBBBB,0xBBBBBBBB,0x5D5D5D5D,0x5D5D5D5D,0x11131311,0x11111111,
	0x4E4E4E4E,0x4E4E4E4E,0x6A6A6A6A,0x6A6A6A6A,0x77777878,0x77787877,0x18181818,0x18181818,
	0x52525252,0x52525252,0xBBBBBBBB,0xBBBBBBBB,0x5D5D5D5D,0x5D5D5D5D,0x11111111,0x11111111,
	0x4E4E4E4E,0x4E4E4E4E,0x6A6A6A6A,0x6B6B6A6A,0x79797977,0x79797779,0x18181818,0x18181818,
	0x52525252,0x52525252,0xBBBBBBBB,0xBBBBBBBB,0x5D5D5D5D,0x5D5D5D5D,0x1111110F,0x0F0F1111,
	0x4E4E4E4E,0x4E4E4E4E,0x6A6A6A6B,0x6A6A6A6A,0x78787979,0x78797776,0x18181818,0x18181818,
	0x52525252,0x52525252,0xBBBBBBBB,0xBBBBBBBB,0x5D5D5D5D,0x5D5D5D5D,0x11110F0F,0x0F0F110F,
	0x4E4E4E4E,0x4E4E4E4E,0x6A6A6A6A,0x6A6A6B6A,0x77777979,0x77797676,0x18181818,0x18181818,

	0x52525252,0x52525252,0xBBBBBBBB,0xBBBBBBBB,0x5D5D5D5D,0x5D5D5D5D,0x0F0F0F0F,0x0F11110F,
	0x4E4E4C4E,0x4E4E4E4E,0x6B6B6868,0x6B6A6868,0x77777677,0x77767676,0x18181818,0x18181818,
	0x52525252,0x52525252,0xBBBBBBBB,0xBBBBBBBB,0x5D5D5D5D,0x5D5D5D5D,0x11111111,0x0F0F1111,
	0x4E4E4E4E,0x4E4E4E4E,0x6A6A6B6B,0x6B6A6A6A,0x77777777,0x77767676,0x18181818,0x18181818,
	0x52525252,0x52525252,0xBBBBBBBB,0xBBBBBBBB,0x5D5D5D5D,0x5D5D5D5D,0x110F1110,0x11111110,
	0x4E4E4E4E,0x4E4E4C4E,0x686B6A6B,0x6A6B6A68,0x79777979,0x79787878,0x18181818,0x18181818,
	0x52525252,0x52525252,0xBBBBBBBB,0xB5BBBBBB,0x5D5D5D5D,0x5C5D5D5D,0x10101111,0x11111110,
	0x4E4E4E4E,0x504E4E4E,0x6B6E6C6B,0x6E6E6E6B,0x7A7A7A79,0x7A7A7A7A,0x18181818,0x18181818,

	0x9EBB644D,0xBC590D45,0x6FBCBBBB,0x6F223939,0x415C5A5C,0x163B3D3B,0x1B0F0F10,0x1B242F2F,
	0x4C4C4E50,0x4C4C4C4C,0x6A6E716E,0x6A68686B,0x7A7B7A7A,0x7979797A,0x18181818,0x18181818,
	0x450D5CBC,0x4F6FBCB5,0x3933226F,0xBBBCBC6F,0x3A3C3A15,0x5C5C5C45,0x24211F1B,0x11100E1B,
	0x49494C4C,0x504E4C4C,0x6868686A,0x6E6E6B68,0x7A787979,0x7A7A7A7A,0x18181818,0x18181818,
	0x52525252,0x52525252,0xBBBBBBBB,0xBBBBBBBB,0x5D636361,0x5D5D5D5D,0x11111313,0x11111111,
	0x4E4E4E4E,0x4E4E4E4E,0x6B6B6A6B,0x6B6C6E6B,0x7A7B7A7A,0x7B7A7A7B,0x18181818,0x18181818,
	0x52525252,0x52525252,0xBBBBBBBB,0xBBBBBBBB,0x5D5D5D5D,0x5D5D5D5D,0x11101010,0x11101111,
	0x4E4E4E4E,0x4E4E4E4E,0x6B6A6B6B,0x6E6A6B6B,0x7A7A7A7A,0x7A7A7A7A,0x18181818,0x18181818,

	0x52525252,0x52525252,0xBBBBBBBB,0xBBBBBBBB,0x5D5D5D5D,0x5D5D5D5D,0x13111111,0x11111113,
	0x4E4E4E4E,0x4E4E4E4E,0x6E6E6E6E,0x6E6E6E6E,0x7A7A7B7A,0x7B7B7B7B,0x18181818,0x18181818,
	0x52525252,0x52525252,0xBBBBBBBB,0xBBBBBBBB,0x5D5D5D5D,0x5D5D5D5D,0x0F11110F,0x1111110F,
	0x4E4E4E4E,0x4E4E4E4E,0x6B6A6C6C,0x6B6E6B6B,0x7A797979,0x7A7A797B,0x18181818,0x18181818,
	0x52525252,0x52525252,0xBBBBBBBB,0xBBBBBBBB,0x5D5D5D5D,0x5D5D5D5D,0x0F0F1111,0x11111111,
	0x4E4E4E4E,0x4E4E4E4E,0x6E6E6E6C,0x6E6E6E6E,0x7A7A7B7A,0x7B7A7B7B,0x18181818,0x18181818,
	0x52525252,0x52525252,0xBBBBBBBB,0xBBBBBBBB,0x5D5D5D63,0x6161635D,0x13111111,0x11111111,
	0x50504E4E,0x504E4E4E,0x6E6E6E6E,0x6E6E6E6E,0x7A7A7B7A,0x7A7B7A7A,0x18181818,0x18181818,

	0x52525252,0x52525252,0xBBBBBBBB,0xBBBBBBBB,0x5D5D5D5D,0x635D5D5D,0x13111111,0x11131313,
	0x504F4E4E,0x4E4E4E4E,0x6E6E6E6E,0x6E6E6E6E,0x7A7A7A7A,0x7A7B7B7A,0x18181818,0x18181818,
	0x52525252,0x52525252,0xBBBBBBBB,0xBBBBBBBB,0x5D5D6363,0x63635D5D,0x11131311,0x11111111,
	0x4E504E4E,0x4E4E504E,0x6E6E6E6E,0x6E6E7171,0x7A7B7B7A,0x7B7A7B7B,0x18181818,0x18181818,
	0x52525252,0x52525252,0xBBBBBBBB,0xBBBBBBBB,0x5D5D615D,0x5D5D5D5D,0x13111111,0x110F0F11,
	0x4E4E4E4E,0x4E4E4E4E,0x6A6C6E6E,0x6E6B6E6E,0x7A7A7B7B,0x7A7A797A,0x18181818,0x18181818,
	0x52525252,0x52525252,0xBBBBBBBB,0xBBBBBBBB,0x5D5D635D,0x5C5D5D5D,0x11111111,0x10101011,
	0x4E4F4E4E,0x4E4E4E4E,0x6E6C6E6E,0x6E6E6E6E,0x7B7B7B7B,0x7B7B7B7B,0x18181818,0x18181818,

	0x3F5BBB9A,0x7B454D9B,0x2E499CBB,0x9C70B57E,0x24154F5C,0x595C5C3F,0x1622120F,0x0E0D0D12,
	0x4C4C4C4E,0x4C4C4C49,0x686A6A6E,0x6E6E6E6A,0x7A797A7A,0x7A7F7E7A,0x18181818,0x18181818,
	0x0B1A1540,0xB5E5E09E,0x0C201643,0xB5E1E09E,0x0A3A3A3D,0xB6E5DE9C,0x5308111D,0xB6E5D49E,
	0x9A5C3443,0xB6E1DF9E,0x7C626268,0xB6DEFED4,0xDD787376,0xB5DEFEFC,0x5E181818,0xADDDFEF7,
	0x4554545B,0xE2E2E7EE,0x4554545B,0xEBECEEEE,0x4554545B,0xEBEBEEEE,0x4554545B,0xDFDFE3EE,
	0x4554545B,0xE2E2E6EE,0x4554545B,0xDFDFE8EE,0x45545455,0xEBE8E8EE,0x45545F5B,0xE4EBF0EE,
	0xB1E2DFE2,0xA9A9A9A2,0xCFEBEBEB,0xB4BDB4B3,0xD3EEEBEB,0xC0C5C5C5,0xBDE3E2E2,0xAAAAACAA,
	0xBDE3E2E2,0xABABACAA,0xC6E2DFDF,0xBFBFC6BD,0xD8EBEBEB,0xCBCCCECF,0xCEE9E6E6,0xACABACAC,

	0xABA9A8A9,0xABA9AAAB,0xABB8B4B3,0xA8A8A8A8,0xCBC5C5C0,0xCBC0C5CB,0xB1A9A9A9,0xB1B1B1B2,
	0xA9ABA9A9,0xA8A8A9A9,0xA9ACB3C0,0xAAAAABA9,0xC9D0D0CB,0xA9AAA8BD,0xBDBDAFAB,0xD0CCD0CF,
	0xACACACAC,0xACAFACAC,0xAFAFAFAF,0xB1B1B1AF,0xB1B0B1AF,0xB1B1B1B1,0xB0B0B0AF,0xB0AFAFAF,
	0xB1B0AFAF,0xBDBDB3B3,0xB1AFB1AF,0xD0D0D0D0,0xB0B0B1B1,0xB0B0AFAF,0xB1B0B0AF,0xB1B2B1B1,
	0xD0D0D0B1,0xD2D0D0D0,0xB2B2B2B1,0xB3B3B2B2,0xB2B2B0B1,0xB2B2B2B2,0xB0B0B0B0,0xB1B1B2B0,
	0xBDBDBDBD,0xBFBDBFBD,0xD0D2D2D2,0xD2D0D2D2,0xB1B1B0B0,0xB0B1B1B1,0xB2B2B2B2,0xB0B0B2B2,
	0xEBD9C9D0,0x605F5445,0xEBD1ACB3,0x625F5444,0xEBD3AFB2,0x60605144,0xEED5AFB2,0x5B565445,
	0xEED9BDC5,0x56545445,0xEEDFD0D2,0x5B54544C,0xEED5ACB0,0x5B565645,0xEED4ACB0,0x5F565645,

	0x58E1E1B5,0x0304FFFF,0xFFA3EDB6,0x0D0D0E01,0x01A3EFB6,0x08090908,0x02AEEDB5,0x0C080908,
	0xFFAEEDAD,0xA6060908,0x179FE5AD,0xD208093F,0x4485E5AD,0xD6080945,0xFF8BEDB5,0xD8090D06,
	0x06060403,0x06060606,0x05050509,0x05050505,0x81818117,0x81818181,0x5757AEAC,0x57575757,
	0x460C0F7F,0x44464646,0xFED10A4F,0xFCFCFDFC,0xF3FE584C,0xF4F4F4F4,0xF2FE5A4D,0xF3F4F3F5,
	0x06060606,0x06060606,0x05050505,0x05050505,0x81818181,0x81818181,0x57575757,0x57575757,
	0x46464444,0x46464646,0xFCFCFCFC,0xFDFDFDFD,0xF4F2F4F4,0xF2F2F2F2,0xF4F3F3F3,0xF3F3F3F3,
	0x06060606,0x06060606,0x05050505,0x05050505,0x81818181,0x81818181,0x57575757,0x57575757,
	0x44464644,0x46464646,0xFDFDFDFC,0xFDFDFDFD,0xF2F2F2F4,0xF2F4F4F4,0xF4F3F3F3,0xF3F5F3F4,

	0x06070806,0x06060606,0x05040405,0x05050505,0x81818181,0x81818181,0x57575757,0x57575757,
	0x46464646,0x06444646,0xFDFDFDFD,0x5EFEFCFD,0xF2F2F2F2,0xF8FBF2F2,0xF3F3F3F3,0xF7F5F1F3,
	0x05050506,0x04050405,0x0D0D0D07,0x0E0D0D0D,0x0909065E,0x09090909,0x0D085ECD,0x81080909,
	0x0257D64C,0xD674050D,0x0157A304,0x8B8F030D,0x0157A30A,0x8081030D,0x0157A30A,0x808F030D,
	0x06060606,0x06060606,0x05050507,0x05050505,0x81818174,0x81818181,0x575757D6,0x57575757,
	0x4646093F,0x46464646,0xFCFE7407,0xFDFDFDFD,0xF2FBF70C,0xF2F2F2F2,0xF3F9F70C,0xF3F3F3F3,
	0x06060606,0x06060606,0x05050505,0x05050505,0x81818181,0x81818181,0x57575757,0x57575757,
	0x46464646,0x44464646,0xFDFDFDFD,0xFDFDFDFD,0xF4F4F2F2,0xF4F4F4F4,0xF4F3F3F3,0xF4F4F4F4,

	0x06060706,0x06060606,0x07070705,0x05050507,0x81818181,0x81818181,0x57575757,0x57575757,
	0x44464646,0x46464446,0xFCFDFDFC,0xFDFDFCFC,0xF2F2F4F4,0xF4F2F2F2,0xF3F3F4F4,0xF4F3F3F3,
	0x06060606,0x06060606,0x05050505,0x07070505,0x81818181,0x8F818181,0x57575757,0x57575757,
	0x46464646,0x06464646,0xFDFDFDFD,0x5EFDFDFD,0xF4F4F4F4,0xF6FBF2F2,0xF3F5F4F5,0xF0F5F3F3,
	0x05060506,0x06050505,0x0D0D0F08,0x0D0D0D0D,0x090D085E,0x0A090909,0x0D085ED2,0x74060909,
	0x0457D634,0xA374060E,0x0157B603,0x78AA0510,0x0157A30A,0x78A6040D,0x0257A30B,0x738F040D,
	0x06060606,0x06060606,0x05050507,0x07070505,0x81818F74,0x81818181,0x57575EB8,0x57575757,
	0x46460736,0x44464646,0xFCFD7403,0xFDFDFDFD,0xF2F9FD44,0xF4F4F5F5,0xF5F2FD46,0xF5F5F3F4,

	0x07070606,0x06060706,0x07070707,0x07070707,0x81818181,0x81818181,0x57575757,0x57575757,
	0x44444646,0x46464444,0xFDFDFDFD,0xFDFDFDFD,0xF4F4F4F4,0xF4F4F4F4,0xF5F5F5F5,0xF9F5F9F5,
	0x06060606,0x06060606,0x07070707,0x07070707,0x81818181,0x81818181,0x57575757,0x57575757,
	0x46464646,0x46464646,0xFDFCFCFD,0xFDFDFDFD,0xF4F2F4F4,0xF4F4F4F4,0xF5F5F5F5,0xF5F5F5F5,
	0x07070606,0x06060607,0x07070707,0x07070707,0x81818181,0x748F8F81,0x57575757,0xAE575757,
	0x46464646,0x0F064646,0xFDFDFDFD,0x0481FEFC,0xF2F2F2F4,0x44FDF9F2,0xF3F4F4F5,0x46FDF2F3,
	0x05050506,0x06060505,0x0D0D0D0D,0x080F0E0D,0x0909090B,0x5E080D09,0x090D0974,0xD65E0609,
	0x0E0374B6,0x40CD5805,0x0D01817D,0x03A35E03,0x0DFF816F,0x0AA35E04,0x0DFF816F,0x0BA35E04,

	0x07060606,0x06060606,0x05050505,0x05070705,0x81818181,0x81818181,0x5757575E,0x57575757,
	0x46464609,0x46464646,0xFDFDFE5E,0xFDFDFCFD,0xF2F2FBF7,0xF2F2F2F2,0xF3F1F9F7,0xF3F3F3F3,
	0x06060607,0x06060606,0x07070707,0x07070707,0x81818181,0x81818181,0x57575757,0x57575757,
	0x46464646,0x46464646,0xFDFDFDFD,0xFDFDFDFD,0xF4F2F2F2,0xF4F2F4F4,0xF5F5F4F5,0xF5F4F4F5,
	0x06060606,0x06060606,0x07070707,0x07070707,0x81818181,0x81818181,0x57575757,0x57575757,
	0x46444646,0x46464646,0xFDFDFDFD,0xFDFDFDFD,0xF4F4F4F4,0xF4F4F4F4,0xF4F4F5F5,0xF4F9F4F5,
	0x06060606,0x06060606,0x07050707,0x07070707,0x81818181,0x748F8181,0x57575757,0xD0575757,
	0x46464646,0x22074646,0xFDFDFDFD,0x0374FEFD,0xF2F2F2F4,0x17FAFBF2,0xF3F3F3F4,0x17F8F2F3,

	0x04050606,0x06040605,0x0D0D0D0D,0x070E0E0D,0x09090909,0x5E070909,0x090D0881,0xD75E0409,
	0x0E025EBC,0x47CD5705,0x0EFF819D,0x05A37404,0x0EFF749D,0x0CA35E04,0x0EFF819D,0x0CA35E04,
	0x06060606,0x06060606,0x05050505,0x07070505,0x81818181,0x81818181,0x5757575E,0x57575757,
	0x46464607,0x46464646,0xFCFCFD5E,0xFCFDFCFC,0xF4F2FBEE,0xF4F4F4F4,0xF3F1F9F7,0xF5F5F5F3,
	0x06070706,0x06070707,0x07070707,0x07070707,0x81818181,0x81818181,0x57575757,0x57575757,
	0x46464646,0x46464646,0xFDFDFCFC,0xFDFDFDFD,0xF4F4F4F4,0xF4F4F4F4,0xF5F5F5F5,0xF5F5F5F5,
	0x02030606,0xFFFF0103,0x05050507,0x07050405,0x81818181,0x81818181,0x57575757,0x57575757,
	0x46464646,0x46464646,0xFDFDFDFD,0xFDFDFDFD,0xF4F4F4F4,0xF2F4F4F4,0xF4F5F5F5,0xF3F5F5F5,

	0xFFFFFFFF,0xFF01FFFF,0x07070707,0x0D070405,0x81818181,0x34818181,0x57575757,0xACAB5757,
	0x46464646,0x7E0D0B46,0xFCFCFCFC,0x5206D1FE,0xF2F2F2F2,0x4F57FEF3,0xF3F3F3F3,0x5257FEF1,
	0xFFFF0101,0xB5DFD458,0x02110D0F,0xB6ED8BFF,0x08090909,0xB5EDA301,0x0809080A,0xB5EDA202,
	0x0809068F,0xB5E59F02,0x080D01BD,0xB5E58E02,0x080D01BE,0xB5E58E02,0x080D01C4,0xB5ED8802,
	0x45545B5C,0xE2E2E8EE,0x44545F62,0xE4E2E6EE,0x45516062,0xE3E3E7EE,0x4554565B,0xEEF0F6EE,
	0x45545456,0xEBE8EEF6,0x4554545B,0xE2E2E8F6,0x4954545B,0xECEBF0F0,0x4554555B,0xE7E7EEEE,
	0xBDE3E2E2,0xACAEAFAC,0xBDE4E2E3,0xABA9ABA9,0xD3EEEEE6,0xCBCBC9CB,0xCEE8EEF6,0xBDBDB4B3,
	0xB1E2E4EB,0xACABABA9,0xB3E3DFE2,0xAFACABAA,0xD1E9E9E9,0xB1BDCCCB,0xCFE6E7E7,0xAFBDC5B8,

	0xACACACAF,0xB2B2B2AF,0xABACABAA,0xAAAAAAAB,0xC9CBCBCB,0xCCCCCBCB,0xB4BDB4B4,0xBDBDBDB4,
	0xAAAAAAAA,0xAAAAAAAA,0xBDB4B4B3,0xBDC6BDBD,0xCBCBCBC5,0xCCD0CFCB,0xACACACAC,0xABAAACAC,
	0xB1AFB1AF,0xB2B1B1B1,0xAFAFACAC,0xB1AFAFAF,0xCCCCCBCB,0xD0D0D0D0,0xC5C5C5C5,0xC6CBC5C5,
	0xACACACAC,0xAFAFACAC,0xAFAFAFAF,0xB1B1AFAF,0xACACACAC,0xAFACACAC,0xD1D1D1D1,0xD1D1D1D1,
	0xB0B0B0B0,0xB3B3B2B0,0xC5C5CBC5,0xD0D0C5BF,0xD0D0D0D0,0xB1B0B3CC,0xB0B0B0B1,0xB1B1B1B0,
	0xB2B2B2B1,0xB1B1B2B2,0xB2B2B2B1,0xB1B1B2B2,0xB0AFB0B0,0xAFAFAFAF,0xD1D1D1D1,0xD4D1D4D3,
	0xEBD1B0B3,0x5F565645,0xE8D5CBD0,0x5F565645,0xEBD3ACB0,0x5C565444,0xEED3AFB2,0x605F5444,
	0xEED4AFB2,0x60665444,0xEED1AFB2,0x62605144,0xEED5ABAF,0x5F605645,0xEEDBD1D4,0x5B5F5F44,

	0x01A2EDB6,0xD8080908,0x01A9EFB6,0xD6080906,0x19AEF6B6,0xD6083C22,0x1EAEEFB5,0xD2082441,
	0x02A9EDAD,0xD3080909,0x02A3EDAD,0xD3080D09,0x02A3EDB5,0xD4080D08,0x02A2EDB5,0xD6080D08,
	0xF2FE5A4D,0xF3F3F3F4,0xF2FE5A4D,0xF3F3F3F3,0xF2FE5A4D,0xF9F9F4F3,0xF2FE5A4D,0xDFDAF1F5,
	0xF2FE5A4D,0x9D9CCBF1,0xF4FE5A4D,0x7A7E7EF6,0xF2FE5E4D,0x7A7373EE,0xF2FE5E4D,0x7A799DF6,
	0xF3F3F3F3,0xF3F3F3F3,0xF3F3F3F3,0xF3F3F1F3,0xF9F9F9F9,0xF5F5F5F5,0xDFDFDFDF,0xDADADADF,
	0x7A809E9C,0x7F7E7D7C,0x6A727A79,0x9A9AAD7E,0xAD9B7E7E,0x73737E9E,0x7F7F9EAD,0x76767178,
	0xF3F3F3F3,0xF3F3F3F3,0xF3F3F3F3,0xF3F3F3F3,0xF5F5F5F5,0xF5F5F5F5,0xDFDFDFDF,0xDFDFDFDF,
	0x9C9C9A7E,0x9A9E9E9E,0x71707F9B,0x787E7F7E,0x75757272,0x9A7A7571,0x696C7676,0x6E7F7562,

	0xF3F3F3F3,0xF0F5F3F3,0xF3F3F3F3,0xF0F5F3F3,0xF5F9F5F5,0xF0F4F1F3,0xDFDFDFDF,0xF0F5F2F1,
	0x9E809A9A,0xF0F3F5DB,0x7E737373,0xF0F2FCB7,0x7F9B9B9B,0xF0F3FAB6,0x70706A68,0xF0F4FBB7,
	0x0157A30A,0x808F030D,0x0257A30A,0x8B8F030D,0x0257A30A,0x8B8F030D,0x0257A30A,0x8B8F030D,
	0x0257A30A,0x8B8F030D,0x0257A30A,0x8B8F030D,0x0257A30A,0x8B8F030D,0x0257A30A,0x8B8F030D,
	0xF3F5F00C,0xF3F3F3F3,0xF3F5F00C,0xF4F3F4F5,0xF3F4F00C,0xF9F9F5F3,0xF1F5F017,0xDFDFF1F4,
	0xF1F5F017,0x9E9AC7F1,0xF4F5F017,0x7A7F80F0,0xF5F5F017,0x7E7273EF,0xF5F4F017,0x7A799CF0,
	0xF3F3F3F3,0xF3F3F3F3,0xF3F3F3F3,0xF3F3F3F1,0xF5F5F9F9,0xF9F5F5F5,0xDADADFDF,0xDADADADA,
	0x7680AD9E,0x7D7E7C78,0x71767F7A,0x9A9A9E9A,0xB69C7E7D,0x71717EAD,0x9C809EAD,0x7576737C,

	0xF3F3F3F3,0xF3F3F3F3,0xF3F3F3F3,0xF3F3F3F3,0xF5F9F5F9,0xF9F9F5F9,0xDFDFDFDA,0xDADADFDF,
	0x9E9E9D80,0x9A9E9E9E,0x73707E9B,0x767E7F7F,0x75757571,0x9A7C7775,0x67676E72,0x739A7A62,
	0xF3F3F3F3,0xF0F5F3F3,0xF2F2F2F3,0xF0F5F3F3,0xF4F4F5F5,0xF0F5F2F2,0xDADADADF,0xF0F4F2F1,
	0x9D7F8080,0xF0F4F2DB,0x7F767676,0xF0F2FBB0,0x7F9C9B9C,0xF0F5FBAE,0x78707070,0xF0F5FBBA,
	0x0257B50A,0x738F050E,0x0257AE0A,0x738F0510,0x0257AE0C,0x73A60511,0x0257AE0C,0x73A60512,
	0x0257AE0C,0x73A60512,0x0257AE0C,0x73A6050E,0x0257AE0C,0x73A6050E,0x0257AE0B,0x73A6050E,
	0xF5F4FD46,0xF3F3F3F4,0xF3F2FC44,0xF3F3F3F3,0xF3F2FC44,0xF5F9F9F5,0xF2F2FB44,0xDFDFDFF1,
	0xF5F2FC44,0x9E9E80D5,0xFAF2FC44,0x797B7B9E,0xFAF2FC44,0x7E7B6B7E,0xFCF2FC44,0x9A7A79B6,

	0xF5F5F5F4,0xF3F4F5F5,0xF4F4F3F3,0xF3F3F3F4,0xF9F5F5F5,0xF9F9F9F9,0xDFDFDFDF,0xDFDFDFDF,
	0x7C7A809E,0x807D7F7E,0x7E69787A,0x9A7F9AAD,0xADAD807E,0x6E71739B,0x7E9A80AD,0x73757573,
	0xF5F4F5F5,0xF4F4F5F5,0xF3F3F3F3,0xF5F3F4F3,0xF5F5F5F5,0xF5F5F5F5,0xDADFDFDF,0xDADADADA,
	0x9E9E9E9D,0x809A9E9E,0x7F73767F,0x737A7F7F,0x75757571,0x9C9A7C73,0x64646C72,0x717A9A75,
	0xF3F3F3F4,0x44FDF2F3,0xF4F3F3F4,0x44FCF2F3,0xF2F9F5F5,0x46FCF2F2,0xF1DADFDA,0x44FCF2F2,
	0xD5809A9A,0x44FDF2F9,0xAD7F7376,0x44FCF2FA,0x9E9B9C9C,0x44FDF2FA,0x9E706F70,0x44FCF2F8,
	0x0D018173,0x0BA35E03,0x0D018173,0x0BA35E03,0x0D018178,0x0BA35E03,0x0D018178,0x0AA35E04,
	0x0E018178,0x0AA35E04,0x0E018173,0x0AA35E04,0x0E018178,0x0BA35E04,0x0E018173,0x0BA35E04,

	0xF3F3F9F7,0xF5F3F3F5,0xF5F1F9F0,0xF2F3F5F5,0xF5F3F9F0,0xF9F9F9F9,0xF1F2F9F0,0xDFDFDFDF,
	0xDFF1F9F0,0xAD9E9E9E,0xB6FBF4F0,0x7F7B7B7B,0x8EFBF5F0,0x7E7F7A6C,0xBAFBF9F6,0xB59B7B7F,
	0xF5F4F4F5,0xF3F3F4F4,0xF4F4F3F4,0xF2F3F3F4,0xF9F9F9F9,0xF9F9F9F9,0xDADFDFDF,0xDFDADADA,
	0x7C7C7E9E,0x807E7E7E,0xAD7A727B,0x809B9A9C,0x9BB5AD80,0x73737376,0x73809C80,0x72757375,
	0xF5F5F4F4,0xF4F4F3F4,0xF4F4F4F3,0xF4F4F4F3,0xF9F9F9F5,0xF9F9F9F9,0xDFDFDFDF,0xDFDFDADA,
	0x9E9E9C9D,0x9A809B9E,0x7F7A7173,0x7675797F,0x72727575,0x9C9E7F79,0x6E626467,0x73737E9A,
	0xF3F3F3F4,0x0CF8F4F1,0xF3F3F3F4,0x17F8F2F1,0xF3F3F9F9,0x17F8F2F1,0xF4F1DADF,0x17F8F2F1,
	0xF5D1809A,0x17F8F4F3,0xF09C7E73,0x17F8F3F9,0xF6809B9B,0x17F8F3F9,0xF6807371,0x17F8F3F9,

	0x0E0181A3,0x0C9E5E04,0x0E0181A3,0x0B9D5E04,0x0E0181A3,0x0B9D5E04,0x0E0181A3,0x0C9E5E04,
	0x0E0181A3,0x0CA35E04,0x0E0181A3,0x0CA35E04,0x0E0181A3,0x0CA35E04,0x0E0181A3,0x0CA35E04,
	0xF3F3F9F0,0xF3F3F3F3,0xF3F3F9F7,0xF3F3F3F3,0xF3F3F9F0,0xF9F5F9F9,0xF1F2F9F0,0xDFDFDFDF,
	0xDAF9F9F0,0x9E9E9C9C,0xAEFBF9F7,0x7A7A7A7B,0x8BFBF9F7,0x7E7E7A6B,0xB8FBF9F7,0xB57F7A7E,
	0xF3F3F3F3,0xF3F3F3F3,0xF3F3F3F3,0xF1F3F3F3,0xF5F5F5F5,0xF5F5F5F9,0xDFDFDFDF,0xDFDFDFDF,
	0x7E7A7A9C,0x7D7E7D80,0xAD777079,0x9A9B9A9C,0x9A9EAD9B,0x75727273,0x707E9B9B,0x76757573,
	0xF3F3F3F3,0xF3F3F3F3,0xF3F3F3F3,0xF3F3F3F3,0xF5F5F5F5,0xF5F5F5F5,0xDFDFDFDF,0xDFDFDFDF,
	0x9E9E9C9C,0x9A9A9C9E,0x7F7B7173,0x76757A7F,0x71727575,0x9B9C7F79,0x71646471,0x70717B9A,

	0xF3F3F3F3,0x4F57FEF1,0xF3F3F3F3,0x4F57FEF1,0xF3F4F9F9,0x4F57FEF2,0xF9EFDADF,0x4D57FEF1,
	0xF1D09B80,0x4D57FEF2,0xF08B7E73,0x4F57FEF9,0xF6809C9C,0x4F57FEF9,0xF68B7371,0x4F57FEF9,
	0x080D01CE,0xB5EC8B02,0x080D01C4,0xB5ED8802,0x080D01C4,0xB5ED8802,0x080E01C4,0xB5ED8E02,
	0x080E02CE,0xB5ED8E02,0x080E02C4,0xADED8E02,0x080E01C4,0xADE58B01,0x080D02CE,0xB5E18B02,
	0x4554545B,0xE2DFE6EE,0x4554545B,0xE3E2E7EE,0x4554565B,0xE3E2E7EE,0x45545F60,0xE3E2E7EE,
	0x45546662,0xE4E3E7EE,0x45516662,0xE3E2E6EE,0x4556605B,0xEBEBEEEE,0x455F5F56,0xF0F0F6F0,
	0xBDE3E2E2,0xAFACACAB,0xBDE4E3E3,0xAFAFAFAC,0xBFE4E3E3,0xAFAFAFAC,0xBEE3E3E3,0xAFAFAFAC,
	0xBFE4E3E3,0xAFAFAFAC,0xBDE4E3E3,0xACACACAC,0xD1EEEEEE,0xC5C6CBC6,0xDFF0F0F0,0xD9D5D9D5,

	0xAFAFAFAF,0xAFACAFAF,0xAFAFAFAF,0xACACAFAF,0xAFAFAFAF,0xAFAFAFAF,0xAFAFAFAF,0xACACAFAF,
	0xAFAFAFAF,0xAFAFAFAF,0xACACACAC,0xA5A8ACAC,0xC6C6C6C6,0xAFB1BFC6,0xD5D8D5D5,0xD5D5D5D5,
	0xE7E9E9E5,0xE7E5E9E9,0x82828282,0x82828282,0xA1A1A1A1,0xA5A6A5A5,0xCBCBC6CB,0xCBCBCBCB,
	0xBFBFBDBF,0xBFBFBFBF,0xBFBFBFBF,0xBFBFBFBF,0xBFBFC5BF,0xBDBDBEBF,0xBFBFBFBF,0xD3D3C2BF,
	0xE7E5E7E5,0xE9EAE9E5,0x82828282,0x84848482,0xA6A6A5A6,0xAAA8A6A6,0xCBC6CBCB,0xCBCBC6C6,
	0xBFBFBFBD,0xBFBDBFBF,0xBFBFBDBF,0xBDBEBFBF,0xBDBDBDBD,0xBDBDBDBD,0xD3D3D3D3,0xD3D2D3D3,
	0xEEEEE6E8,0x565F5F44,0xEEBE9999,0x5B665F45,0xE8CEC5B1,0x66675445,0xEED5BDC2,0x66675445,
	0xEEDAB3BF,0x626B5445,0xEED5B3BF,0x666B5445,0xEED5B2BD,0x64675445,0xEBDAD0D3,0x62675445,

	0x02A2EDB5,0xD3080D08,0x02A2EDB5,0xD3080D08,0x02A2EDAD,0xD3080D08,0x02A2EDAD,0xD3080D08,
	0x02A3EDAD,0xD2080908,0x02A2EDAD,0xD2080D08,0x02A2EDAD,0xD3080D08,0x02A2EDAD,0xD2080D08,
	0xF4FE5E4F,0x62687CF6,0xF3FE5E4D,0x737080F7,0xF3FE5A4D,0x809D8BF6,0xF5FE5A4D,0x59595DEE,
	0xF3FE5A4D,0x9A9B9EF6,0xF2FE5A4D,0x737373F0,0xF4FE5A4D,0x7A7A78F0,0xF4FE5A4D,0x697073EF,
	0x6866686A,0x78797370,0x78777371,0x787C7C78,0x80808080,0x80808080,0x59595959,0x5B515559,
	0x677C9E80,0x62666062,0x9AAD8073,0x79796772,0x737C7C7A,0x6A686E79,0x6A6E7670,0x6A6A6A68,
	0x6A6A707A,0x5C606068,0x78787878,0xADAD9EAD,0x7E7E7C7E,0x9C9EAD80,0x68625B62,0x5C616A60,
	0x76756E62,0x75716E72,0x6C6C6A71,0x6A6E6E6E,0x6E6C6B6A,0x7A696A6C,0x6A6A686A,0x7F7F7F73,

	0x7A9A695B,0xF0F2FC8B,0xADBCB5AD,0xF0F4FCB0,0x8080809C,0xF0F5FCC5,0x595C5C5C,0xF0F5FD7D,
	0x9CB57F76,0xF0F4FCB8,0x739C9C7F,0xF0F3FC8B,0x6E767E7F,0xF0F2FB8B,0x60686F76,0xF0F2FC7D,
	0x0257A30A,0x8B8F030D,0x0257A30A,0x8B8F030D,0x0257A30A,0x9C8F030D,0x0257A30A,0x8B8F030D,
	0x0257A30A,0x9D8F030D,0x0257A30A,0x9D8F030D,0x0257A30A,0x9D8F0410,0x0257A30A,0x9D8F030D,
	0xF5F5F017,0x68707CF0,0xF3F4F017,0x7D7880F7,0xF9F2F017,0x9C9C8BF6,0xF9F4F017,0x59595DF6,
	0xF9F5F017,0x9A9B9EF6,0xF9F5F017,0x6E6C69EF,0xF9F4F017,0x757570EF,0xF9F5F017,0x676B70EE,
	0x706A6C70,0x767A7773,0x78787C7C,0x77787878,0x7E7F9C9D,0x7F7E7C7C,0x55555959,0x5B555555,
	0x62719A9A,0x6A6B6762,0x9A9C796A,0x7B7B696F,0x7F7F7575,0x6A6A6E7E,0x706E756A,0x6B6E7070,

	0x62606272,0x60646262,0x79757377,0xAD9E9C9E,0x7C7E7E80,0x807E8080,0x69646168,0x5B5B6060,
	0x79797569,0x72727272,0x6E6E6A75,0x6A6E7171,0x716C6B6A,0x7A6C6A6E,0x6A6A6868,0x7E809A78,
	0x7C806F61,0xF0F5FC9F,0xADBCB6B5,0xF0F9FCB0,0x808B9D8B,0xF0F9FCBD,0x595C5C5C,0xF0F4FD74,
	0x9CAD7F76,0xF0F4FCBA,0x719B7F7A,0xF0F5FB85,0x6B71797A,0xF0F9FB8B,0x565C6878,0xF0F4FB74,
	0x0257A30B,0x73A6050E,0x0257A30B,0x73A60511,0x0257A30A,0x78A60711,0x0257A30A,0x73A60713,
	0x0357A30B,0x78A60713,0x0257A30B,0x78A60711,0x0257AE0C,0x78A60511,0x0357AE0B,0x78A60511,
	0xFCF5FC44,0x6E6E739E,0xFDF5FC44,0x7D7E7CAE,0xFAF5FC44,0x9C9C9A9E,0xFAF5FC44,0x5A5C5973,
	0xFAF5FC44,0x9A9A7F9E,0xFAF5FC44,0x6A6E6A7C,0xFAF4FC44,0x75767780,0xFAF4FC44,0x6767687D,

	0x6E6B6871,0x7A7A7975,0x7373777C,0x78737677,0x7C7E809C,0x7E7E7A7A,0x55595959,0x5F555555,
	0x62687E9A,0x60606760,0x769C9E73,0x797B7768,0x7B797B73,0x6E717177,0x6B6B6B72,0x6E6E7171,
	0x67666770,0x68696860,0xAD737678,0xB6B59E9E,0x807D7E7E,0x807F809E,0x69695C5B,0x5B5B606B,
	0x75767271,0x75727271,0x6E6C6B6C,0x7E6A716E,0x6B6B6B6B,0x8078686A,0x6A6A686A,0x7A7E7A7B,
	0x7C7E7F6F,0x44FCF3F7,0x9EB6BCB6,0x44FDF2FA,0xA9809C8B,0x44FDF4FA,0x655C5C5C,0x44FDF4FA,
	0xAD9E9E7C,0x44FDF2FA,0x78768080,0x44FDF4F8,0x736B6C7A,0x44FDF5F7,0x645B6876,0x44FDF5F7,
	0x0E018173,0x0AA35E04,0x0E018173,0x0BA35E04,0x0E018173,0x0BA35E04,0x0E018173,0x0BA35E04,
	0x0EFF8173,0x0AA35E04,0x0EFF8173,0x0BA35E04,0x0E018178,0x0AA35E04,0x0EFF8178,0x0AA35E03,

	0xAEFCF9F7,0x70696A70,0xB8FCF9F7,0x777C7E78,0xB2FCF9F7,0x9B9C9D80,0x8BFCF9F7,0x59595959,
	0xBAFCF9F7,0x9A9A9B9A,0x80FBF5F7,0x73717167,0x8BFBF9F0,0x7A76756C,0x8BFBF9F0,0x76686767,
	0x73706A68,0x6A797A7A,0x78777373,0x78787778,0x7E7A7E7F,0x80807E7E,0x55555555,0x64625655,
	0x6262627B,0x726A6767,0x62799C9C,0x6C797B72,0x757F7F7E,0x6B6B6C6B,0x71707175,0x686B6C71,
	0x68646060,0x6964696A,0x9E9B7178,0xB9B6AD9E,0x807E8080,0x8B807D9B,0x646C7969,0x5C595B62,
	0x71797A76,0x76727272,0x6E6E6C6A,0x7E786A6E,0x706E6C6A,0x7A7E7869,0x7F686868,0x737C809A,
	0xEF73807C,0x17F8F1F9,0xF080B9BA,0x17F8F1FB,0xF68B8B8B,0x17F8F3FB,0xEE5A5C5C,0x17F8F3FB,
	0xF69EAD9E,0x17F8F2FB,0xF0707E80,0x17F8F3F9,0xEF707575,0x17F8F3F9,0xEB5C6062,0x17F8F4FB,

	0x0E0181A3,0x0C9D5E04,0x0E01819E,0x0C9D5E04,0x0E01749E,0x0C9E5E04,0x0E01749E,0x0C9D5E04,
	0x0E0181A3,0x0C9D5E04,0x0E0181A3,0x0CA35E04,0x0E0181A3,0x0C9D5E04,0x0E0181AD,0x0CA35E04,
	0xAEFCF9F0,0x71696C76,0xB8FCF9F0,0x787C7E7C,0xB0FCF9F0,0x809C9D80,0x7DFCF9F7,0x59595953,
	0xB7FCF9F0,0x9B9A9A7F,0x8BFCF9F0,0x7171726C,0x9FFCF9F0,0x71757976,0x9DFAF5F0,0x7264706A,
	0x7371706A,0x737A7979,0x7C787878,0x7378787C,0x7F808080,0x7A7E807F,0x55595959,0x60605555,
	0x6066687F,0x6C626267,0x647A9E9C,0x71777975,0x767A7A79,0x6E6E6E6C,0x6C68686B,0x6E6B6C6C,
	0x62686970,0x61606668,0x9E9B7376,0xB5B5B5AD,0x9E7E7A7C,0x9C8B8BAD,0x68626A5C,0x5C5C5C6A,
	0x6E757675,0x7A797572,0x716E6C6E,0x807C7071,0x6A6E6E6E,0x767A7368,0x7E6A6E6E,0x67717B7F,

	0xEE7C8078,0x4D57FEF9,0xF680BABA,0x4D57FEF9,0xF68B809C,0x4D57FEF9,0xE85A5C5C,0x4D57FEF9,
	0xF0809EAD,0x4D57FEF9,0xEF697A80,0x4F57FEF5,0xEB6C7272,0x4F57FEF9,0xE85C5F5C,0x4F57FEF9,
	0x534A01C4,0xB5E18B66,0x0B0D01BE,0xB5E59D3C,0x080901BE,0xB5ED8E01,0x080E01C1,0xB5ED8E03,
	0x080D01C1,0xB5ED8E02,0x080D01C4,0xB5ED8E02,0x080D01C4,0xB5ED8802,0x080D01C4,0xB5ED8802,
	0x455F5F56,0xF7F8FAF6,0x455F665B,0xDADADBEE,0x4C546667,0xDADADBEE,0x4C546667,0xE7E7EEF0,
	0x4C546767,0xE4E4EBF6,0x45546766,0xE4E6ECEE,0x45546666,0xE4E7EBF0,0x45546766,0xE4E7EEF6,
	0xEEF8F7F7,0xE7E7E9E7,0xA6DAD9DA,0x82828282,0xACDADADA,0xA5A5A595,0xD0E7E7E7,0xC6C6C6BF,
	0xCEE7E4E4,0xBDBDBDB3,0xCFE7E4E4,0xBDBDBDBD,0xCFE7E4E4,0xBDBDBDB3,0xCFE7E4E4,0xBDBDBFBD,

	0xE6E7E7E6,0xE8E6E7E7,0x82828282,0x81828282,0xA6A5A5A6,0xA1A1A1A6,0xC6C6CBC6,0xC6BFC6C6,
	0xBDBDBDBD,0xBDBDBDBD,0xBDBDBDBD,0xBDBDBDBD,0xBDBDBDBD,0xBDBDBDBD,0xBDBFBDBD,0xBDBDBDBD,
	0xD4D8D4D3,0xDADAD5D3,0xC6C7C6C6,0xC1C4C7C6,0xBFBFBDBD,0xBFBFBFBF,0xBDBDBFBD,0xBFBEBFBF,
	0xCBC6C7C6,0xC7C7C7C8,0xD8D8D8D5,0xD8D8D8D8,0xC6C2C2C1,0xC6C6C1C2,0xC6C2C2C2,0xC6C6C6C6,
	0xDADADADA,0xDAD9DADA,0xC6C6C4C2,0xC4C4C4C4,0xC3C5BFBF,0xBFC3C0C2,0xC2BEBFBF,0xC6C2C2C2,
	0xD8D1CECE,0xD8D8D4D4,0xCCC7D1D8,0xC7BECCCF,0xC6BFC6C6,0xBDD0D8D9,0xC6C2C2C2,0xD8DED2CF,
	0xEBDFD8D9,0x626B5445,0xEED5BDC7,0x62675445,0xEED8BDC5,0x62675545,0xEED9BDC4,0x62675445,
	0xEEE0D3D8,0x62675445,0xEEDABFCE,0x62665445,0xEEDABDBD,0x67665445,0xEEDAB1D2,0x60665F45,

	0x02A2EDAD,0xD3080D08,0x02A2EDAD,0xD3080D08,0x02A2EDAD,0xD2080D08,0x02A2EDAD,0xD2080D08,
	0x01A2EDAD,0xD2080908,0x02A2EDAD,0xD3080D08,0x02A2EDAD,0xD3080908,0x02A2EDAD,0xD3080908,
	0xF3FE5E4F,0x646769EF,0xF4FE5E4D,0x9A9A7DF0,0xF4FE5E4D,0x595C63EE,0xF3FE5E4D,0x69687DF6,
	0xF4FE5A4D,0x7C7A7CF0,0xF5FE5A4D,0x6C706FEE,0xF3FE5A4D,0x777E73F0,0xF3FE5A4D,0xADB69EF6,
	0x72727168,0x73716E6E,0x76737F7F,0x7F796E72,0x68646259,0x6E6E6C71,0x6B6B6464,0x6B6E6C6A,
	0x706C6A77,0x6A767F7B,0x9B9B7A70,0x72757579,0x61616F73,0x61605C5C,0x9E9E9E9E,0x9B9C9C9C,
	0x9A9A9A76,0x60727A7F,0x68769A7F,0x61606668,0x76736A6C,0x7A716062,0x78776E6B,0x79716264,
	0x7E7F7A6C,0x646F737F,0x71757575,0x7EAD9B77,0x5C606161,0x71696161,0x9D9D9D9C,0x7F7F809C,

	0x77695959,0xF0F2FB8E,0x68726E6E,0xF0F2FB7D,0x736A6F7C,0xF0F2FB9F,0x9C7F9C7C,0xF0F2FBBA,
	0x68727567,0xF0F4FC82,0x73737072,0xF0F2FC9F,0x787C7C78,0xF0F4FCA9,0x9D9EAD9C,0xF0F5FCB8,
	0x0257A30A,0x9D8F030D,0x0257A30A,0x8B8F040D,0x0257A30A,0x8B8F040D,0x0257A30A,0x8B8F040D,
	0x0257A30A,0x8B8F040D,0x0257A30A,0x8B8F040D,0x0257A30A,0x9C8F030D,0x0257A30A,0x9C8F040D,
	0xF9F3F017,0x676764EE,0xF9F3F017,0x7F7F7AEE,0xF9F2F017,0x5C6463EE,0xF5F2F017,0x787E7FF0,
	0xF9F2F017,0x7A7A7CF0,0xF9F3F717,0x6A686FF0,0xF9F5F717,0x787F73F0,0xF5F4F717,0xA3BAA3F6,
	0x72727168,0x71737171,0x75737B7F,0x807A6E71,0x68646259,0x71717172,0x6B6B6770,0x716E6E6C,
	0x7372727C,0x6E767F7B,0x9A9E9A7E,0x72727275,0x61636970,0x5C5C5C61,0x9D9C9B80,0x9A9C9C9E,

	0x7F7F9A76,0x68737E7F,0x68769A7F,0x6962686A,0x79737071,0x7A706262,0x7C787071,0x75756261,
	0x7F7F7F73,0x62676A7E,0x77797975,0x759A7F79,0x6260605C,0x78736464,0x9C9A8080,0x9D9D9D9D,
	0x67685B5C,0xF0F5FB8B,0x67726E71,0xF0F5FC80,0x78686A77,0xF0F9FBA9,0xAD9C9A75,0xF0F5FCCD,
	0x707A7667,0xF0F9FC85,0x71767371,0xF0F9FD8E,0x71767679,0xF0F9FC85,0x7F7F9A9E,0xF0F9FCB7,
	0x0257AE0B,0x78A60510,0x0257AE0B,0x73A6050E,0x0257AE0B,0x78A6050E,0x0257A30A,0x78A6050E,
	0x0257A30A,0x78A6050E,0x0257A30A,0x78A6050E,0x0257A30A,0x78A6050E,0x0257A30A,0x78A6050E,
	0xF8F4FC44,0x67646273,0xF8F2FC44,0x9A9B7F80,0xF8F2FC44,0x595C5C78,0xF8F4FC44,0x716A7080,
	0xFAF4FC44,0x7F80797D,0xFAF9FD44,0x78736C7D,0xFAF5FD44,0x70797E80,0xFCF4FC44,0x80ADB6B7,

	0x71727271,0x77737271,0x75767F9B,0x9A9A796E,0x726C7361,0x70706E71,0x6C6E6B68,0x70706E70,
	0x7B6C6E6E,0x6E707A9A,0x759B9C7A,0x75727571,0x5C646973,0x61605C5C,0x9D9E9D80,0x9A9A9A9C,
	0x7F9A9A9B,0x5B687179,0x6A677A9C,0x6A666268,0x68737773,0x7F7A6A62,0x68787870,0x777B6E60,
	0x7E7E7F7A,0x62626870,0x75757576,0x6E7F9C9A,0x62616161,0x73736964,0x9E9E9D9B,0x9E9D9D9E,
	0x8077645C,0x44FDF4F8,0x786E6E6B,0x46FDF4F7,0x8072686C,0x46FDF4F8,0xB69B7E7F,0x46FDF4FA,
	0x78687170,0x46FDF4FA,0x7D6C6E6A,0x46FDF4FA,0x7D737377,0x46FDF4F8,0x9E9C9DAD,0x46FDF4F8,
	0x0EFF8178,0x0AA35E04,0x0EFF8178,0x0AA35E04,0x0EFF8178,0x0AA35E04,0x0EFF8178,0x0AA35E04,
	0x0EFF8178,0x0AA35E04,0x0EFF8178,0x0AA35E04,0x0EFF8178,0x0AA35E04,0x0EFF8178,0x0AA35E04,

	0x80FAF9F6,0x6A626260,0xAEFBF5F0,0x7F7F9C7F,0x85FCF5F0,0x5B596964,0xB6FBF5F0,0x6873737A,
	0x8EFAF9F7,0x787E7A72,0x80FAF9F0,0x9B776A60,0x8BFBF9F7,0x786F7A70,0xB8FBF9F0,0x9C80B6AD,
	0x71727271,0x7F717572,0x6E727279,0x9A7F9A76,0x6E6A606A,0x6E70706E,0x6A6B6C6A,0x6E6E706E,
	0x7F7A7373,0x7B6E6C7B,0x757E9E80,0x75717172,0x60646463,0x5C5C5C5C,0x9C9C9D9D,0x9A9A9A9B,
	0x797F7F7F,0x595C6A70,0x6768687E,0x6E6A6060,0x606A7770,0x6E7E7568,0x5C6F7C73,0x7F79796E,
	0x797F7F7F,0x6E626469,0x7F777675,0x70739AAD,0x6964615C,0x7E7C7C73,0x9A9B9C9B,0xAD9D9C9A,
	0xEF697161,0x17F8F2F9,0xEF697171,0x17F8F3F9,0xF07E7567,0x17F8F3F9,0xF0AD9C7F,0x17F8F3F9,
	0xEF646E72,0x17F8F3F9,0xF0706E6C,0x17F7F3FB,0xF0737A79,0x17F7F3FB,0xF0ADAD9E,0x17F8F3F9,

	0x0E0181A3,0x0CA35E04,0x0E0181A3,0x0CA35E04,0x0E0181A3,0x0CA35E04,0x0E0181A3,0x0CA35E04,
	0x0E0181A3,0x0CA35E04,0x1001819E,0x0CA35E04,0x100181A3,0x0CA35E04,0x100174A3,0x0CA35E05,
	0x80FCF9F0,0x71686860,0xA2FBF9F0,0x9C9A7F79,0x80FCF9F0,0x615C645C,0xAEFCF5F0,0x68737C7A,
	0xA9FCF9F0,0x737E7F7A,0x85FDF9F0,0x7C766E68,0x8EFCF9F0,0x73707A73,0xB8FCF9F0,0x8080B5AD,
	0x6A6E7271,0x9A73736E,0x6A73737E,0x9C808071,0x71716970,0x706C6C6E,0x706E6E67,0x6A6B6C6E,
	0x807A6C71,0x766E6E7E,0x727B9C9E,0x75757275,0x60616469,0x62616161,0x9E9D9D9A,0x9B9C9C9D,
	0x7A7F9C9C,0x56566771,0x6B6E6F80,0x6E6A6266,0x626A726F,0x727F7369,0x5C687670,0x9A787968,
	0x717B7A7E,0x76626267,0x7B757576,0x78767A7F,0x61606162,0x7E7C7369,0x9D9D9C9C,0x9C9A809D,

	0xEE737662,0x4F57FEF9,0xEE6F7171,0x4F57FEF9,0xF07D7369,0x4F57FEF9,0xF7B8AD9C,0x4D57FEF5,
	0xF073787C,0x4D57FEF9,0xEE707677,0x4F57FEF9,0xEE6F7378,0x4F57FEF9,0xEF807F7F,0x4F57FEF5,
	0x080D01C4,0xB5ED8802,0x080D01CE,0xB5ED8B02,0x080D01CE,0xB5ED8802,0x080D01C4,0xB5ED8802,
	0x080E01CE,0xADED8802,0x080E01CE,0xADED8802,0x080E01CE,0xB5ED8802,0x080D01CE,0xB5ED8802,
	0x45546766,0xE4E7EEEE,0x45546766,0xE4E4ECEE,0x45546766,0xE3E3EEEE,0x45546766,0xEEEEF6EE,
	0x45546666,0xE8E8EEEE,0x45546662,0xE6E6EBEE,0x45516666,0xEFEEEEEE,0x455B665C,0xE4E3EBEE,
	0xCFE7E4E4,0xBDBDBEBD,0xCFE7E4E4,0xBDBDBDBD,0xCEE7E3E3,0xBDBDBDBD,0xDAEEEEEE,0xD3D3D4D3,
	0xD3EBE8E8,0xCECECECC,0xD1E9E6E6,0xC2C6C6BF,0xD9EEEEEE,0xD1D2D2D2,0xCFE7E4E4,0xBDBDBEBD,

	0xBDBFBDBD,0xBDBDBDBD,0xBDBDBDBD,0xB3BDBDBD,0xD1D0D0CE,0xD1D0D0D0,0xD1D1D0D0,0xD0D1D1D1,
	0xBDBDB3BD,0xB2B3B3B3,0xCECECEC6,0xCECECECE,0xD3D3D2CF,0xD3D3D3D3,0xBDBDBDBF,0xBDBDBDBD,
	0xC2C2C2C2,0xC2C6BFC2,0xC2C2C2C2,0xC2C2C2C2,0xC2C2C2C2,0xC6C2C2C2,0xC2C2C2C2,0xC6C2C2C2,
	0xC2C2C2BE,0xC6BFC2C2,0xC2C2C2BE,0xC6C2C2C2,0xC2C2C2BE,0xC2C2C2C2,0xC2C2BEBE,0xC2C2C2C2,
	0xC2C2C2C2,0xCFC7BEBE,0xC2C2C2C2,0xCCC2C2C2,0xC2C2C1C2,0xC2C2C2C2,0xC2C2C6C2,0xC2C2C2C2,
	0xC2C2C8C2,0xC2C2C2C4,0xC2C2C2C6,0xC2C2C2C2,0xC2C2C6C6,0xC2C4C4C2,0xC2C6C6C2,0xC8C2C2C4,
	0xEEE2D4DA,0x5B666645,0xEEDACFCF,0x5B665F44,0xEEDABDC6,0x5B666645,0xEEDABDC2,0x5B666645,
	0xEED9BDC2,0x5B666644,0xEED9BDC2,0x5B626645,0xEBD1BDC4,0x5B626645,0xF0E3BDC8,0x5B666644,

	0x02A7EDB5,0xD3080908,0x02A2EDB5,0xD3080D08,0x02A7EDB5,0xD3080D08,0x02A2EDB5,0xD3080908,
	0x02A2EDB5,0xD2080D08,0x02A7EDB5,0xD2080D08,0x02A7EDB5,0xD2080D08,0x02A7EDB5,0xD3080D08,
	0xF3FE5A4D,0x9C9C7DF0,0xF4FE5A4D,0x5C6163EF,0xF3FE5A4D,0x79797CF0,0xF4FE5A4D,0x6C716FF0,
	0xF3FE5A4D,0x7F9A80F6,0xF5FE5A4D,0x717573F0,0xF5FE5A4D,0x696869EE,0xF3FE5A4D,0x767B78F0,
	0x6F6F7E9E,0x6F6F6F6F,0x5B5B5C5D,0x55535959,0x7F767676,0x6A6F7F7F,0x72686A6B,0x71797676,
	0x707F797B,0x72706E68,0x9A7A7176,0x7F7F9A7F,0x706E7A7F,0x7673696A,0x73707170,0x767B7B7A,
	0x6F6F6F6F,0x69696F6F,0x61615959,0x797E8078,0x9A9B776E,0x64697A9A,0x686A6E6E,0x6E6E6A67,
	0x686B6A6E,0x7E727579,0x6C767668,0x69616F73,0x9B9B9A79,0x5C647B7F,0x76767779,0x796A6869,

	0x646F6969,0xF0F5FC85,0x5B59516E,0xF0F3FC7D,0x7B756062,0xF0F3FCB6,0x646E7171,0xF0F2FC8B,
	0x6C737380,0xF0F2FC85,0x9EAD9E7C,0xF0F2FBB7,0x73786961,0xF0F2FC8B,0x5C686A71,0xF0F2FC7D,
	0x0257A30A,0x9C8F030D,0x0257A30A,0x8B8F030D,0x0257A30A,0x8B8F030D,0x0257A30A,0x9D8F040D,
	0x0257A30A,0x9D8F030D,0x0257A30A,0x9D8F030D,0x0257A30A,0x9D8F030D,0x0257A30A,0x9D8F040D,
	0xF9F5F717,0x808080F6,0xF9F5F017,0x5C5C64EF,0xF9F5F017,0x78797CF0,0xF9F3F017,0x706E6FEE,
	0xF5F3F717,0x7F7F7FF0,0xF9F2F017,0x707169EE,0xF9F2F717,0x6A6762EB,0xF4F3F717,0x6E7976EE,
	0x6F6F7C9B,0x6A70706F,0x5B5C5C5D,0x55515559,0x7E787878,0x67687A7F,0x71686B6A,0x6E767673,
	0x6E7F7B7B,0x7371716A,0x9A7E7376,0x809A9A7F,0x7170787A,0x7C7C6F6F,0x736E6867,0x7A809A7F,

	0x64646868,0x7878736F,0x5C5B5B55,0x807F7F73,0x7F9A7B68,0x64687B7F,0x6A6C716E,0x686B6B68,
	0x736E6E71,0x7571717B,0x707A7B6A,0x62606473,0x9A9C9C7E,0x5C60727A,0x7679797B,0x78696968,
	0x61696F73,0xF0F9FC7D,0x595C5978,0xF0F9FC74,0x7B7A696A,0xF0F9FCAE,0x68737271,0xF0F9FD8B,
	0x7076707B,0xF0F9FC85,0x9C9E9A76,0xF0F9FCBA,0x6C705C5C,0xF0F9FC80,0x5F68686C,0xF0F9FC7D,
	0x0257A30A,0x78A6050E,0x0257A30A,0x73A6050E,0x0257A30A,0x78A6050E,0x0257A30A,0x78A6050E,
	0x0257A30A,0x78A6050E,0x0257A30A,0x78A6050E,0x0257A30A,0x78A60510,0x0257A30A,0x78A6050E,
	0xFAF4FC44,0x9D9C9CA3,0xFAF4FC44,0x63616073,0xFAF4FC44,0x7979767E,0xF8F2FC44,0x71716E7C,
	0xFAF4FC44,0x7E7F7F9C,0xF8F4FC44,0x75716C78,0xF8F5FC44,0x7B686773,0xFAF4FC44,0x68767A80,

	0x6F6F6F80,0x696A6E70,0x565B5C62,0x55555556,0x7F7A7979,0x6B66697B,0x76726A6C,0x71717975,
	0x6A777F7B,0x6E737171,0x9A9C7872,0x6C9A809A,0x70716C79,0x797C786F,0x7A6A6A68,0x7A7A9A7F,
	0x736F6969,0x787C7C73,0x735C5C5B,0x7A7F9A7F,0x7F7F9A79,0x6464737F,0x6868686E,0x7172716A,
	0x79686A6A,0x9A7E7378,0x716A7A71,0x6F626469,0x7F9C9C9B,0x5B556775,0x69797C7C,0x72726266,
	0x73687073,0x44FDF2F7,0x5D5B595B,0x44FCF2F7,0x807F7768,0x44FCF2F8,0x73687172,0x46FDF4F8,
	0x78686A71,0x44FDF5FA,0xAD9B9A7F,0x46FDF5FA,0x7D79705C,0x46FDF9FA,0x78676A6B,0x46FDF9FA,
	0x0EFF8178,0x0AA35E04,0x0EFF8178,0x0AA35E03,0x0EFF8178,0x0AA35E04,0x0E018178,0x0AA35E04,
	0x0EFF8178,0x0AA35E04,0x0EFF8178,0x0AA35E03,0x0DFF8178,0x0AA35E03,0x0DFF8178,0x0AA35E04,

	0xB2FCF9F0,0x7E808080,0x85FCF9F0,0x5C616161,0xA3FCF9F0,0x7A7A7A76,0x8BFAF9F0,0x6C6A6E67,
	0xAEFBF9F0,0x7B7B7F7B,0x8BFCF9F0,0x76757168,0x7DFBF9F0,0x7B776860,0x9EFBF9F0,0x686A7979,
	0x69696969,0x69696F6F,0x59595959,0x55555355,0x7F7F7A79,0x716B6876,0x7676706B,0x6C686E76,
	0x6E6C7A7F,0x6C6E6C6B,0x9A9A9C79,0x73739A7F,0x686C706E,0x9A7C7C73,0x7F796868,0x7A7E7E9A,
	0x64646464,0x7378786F,0x79615B5C,0x61807F7F,0x9A7F9A9A,0x64696473,0x6C6E706A,0x7171716C,
	0x7A786E71,0x717E7A77,0x6F73707E,0x7B686769,0x7C7F9E9C,0x5B5B5C70,0x67707A7C,0x68717164,
	0xEF6F6F6F,0x17F8F3F9,0xEF5D6159,0x17F7F3FB,0xF07F9B73,0x17F8F3FB,0xEF646A6E,0x17F8F5FB,
	0xEF696C6E,0x17F8F2FB,0xF09A9B80,0x17F8F3F9,0xEF6F7161,0x17FAF3FB,0xEF616268,0x17F8F5FB,

	0x100181A3,0x0CA35E05,0x110181A3,0x0CA35E05,0x100181A3,0x0CA35E05,0x100181A3,0x0CA35E05,
	0x1001819E,0x0CA35E05,0x1101819E,0x0CA35E05,0x110181A3,0x0CA35E05,0x1001819E,0x0C9D5E05,
	0xA5FCF9F0,0x7F80807E,0x7DFCF9F0,0x5C5C5B59,0x9EFCF9F0,0x7675766E,0x8BFCF9F0,0x6B6B716A,
	0xAEFCF9F0,0x7E7F9A7F,0x8BFCF9F0,0x7C7C756C,0x80FCF9F0,0x7F7A6A66,0xA3FCF9F0,0x70737A7A,
	0x6F6F6F6F,0x6F6F7070,0x5B5B5C5C,0x59555559,0x7F7F7B79,0x71717178,0x77766C68,0x71717778,
	0x6B67797F,0x6E71706C,0x7F7F9A7C,0x70717F7F,0x686C7172,0x7F737670,0x7E7A7072,0x7979797A,
	0x6F6F6F69,0x646F7373,0x7C6F5C5C,0x567B7A7F,0x7F7F9A9A,0x68646072,0x6B67686A,0x6E6B686B,
	0x76766A71,0x717B7670,0x7077737F,0x7B646464,0x7A809C9C,0x625C5C70,0x68707976,0x6B767769,

	0xEB636464,0x4F57FEF5,0xE6535B51,0x4D57FEF9,0xF07E7F70,0x4D57FEF9,0xEE696C72,0x4F57FEF9,
	0xEE707371,0x4D57FEF9,0xF69C9E9B,0x4D57FEF9,0xEE647569,0x4D57FEF9,0xE8606768,0x4D57FEF9,
	0x080E01CE,0xB5ED8B02,0x080E01CE,0xB5ED8802,0x080E01CE,0xB5ED8802,0x080D01C4,0xB5ED8E02,
	0x080D01C4,0xB6ED8E02,0x080E01C4,0xB5ED8E02,0x080E01CE,0xB6ED8E02,0x080E01CE,0xB6ED8E01,
	0x45666659,0xE7E7EBEE,0x455F665B,0xE7E7EEEE,0x4560665B,0xE7E7EDEE,0x4566665B,0xE7E7EDEE,
	0x455F665B,0xE7E7EBEE,0x4566665B,0xE7E7EEF0,0x4566665B,0xE7E7EBEE,0x445F665B,0xE6E3F6F6,
	0xD0E9E7E7,0xBFBFC5BF,0xD0E9E7E7,0xBFBFBFBD,0xD0E9E7E7,0xBFBFC2BD,0xCFE9E7E7,0xC2C2C2BD,
	0xCFE8E7E7,0xC2C2C2BE,0xCFE9E7E7,0xC2C2C2BE,0xCFE8E7E7,0xC2C2C4BE,0xCFE9E7E6,0xC2C2C2BE,

	0xBFBFBFC0,0xBDBDBDBD,0xBDBFBFBF,0xBDBDBDBD,0xBDBFBFBF,0xBFBDBDBD,0xBEBFBFC2,0xBDBDBDBD,
	0xBFBFC2C2,0xBDBDBDBD,0xBFBFC2C2,0xBDBDBDBF,0xBFC2C2C2,0xBDBDBFBF,0xBFC2C6C2,0xBDBDBFBF,
	0xC2C2BEBE,0xC2C2C2C2,0xC2C2C2C2,0xC2C2C2C2,0xBEBDBEBD,0xBEBEBDBE,0xD2D2D2D2,0xD2D2D2D2,
	0xCFCFD0CF,0xCFCFD0CF,0xCECECCCC,0xCCCECCCC,0xD8D8D4D8,0xD8D8D8D8,0xBFBEBFBF,0xBEBFBFBF,
	0xC2C6C2C2,0xC2C2C2C2,0xC4C6C2C2,0xC2C2C2C2,0xC6BFBDBE,0xC2C2C2C6,0xCCD0D2D2,0xBFBEC6C6,
	0xCACECFCF,0xD8D2BDC6,0xD8D1CECE,0xCFCCBFD2,0xC1CFD8D8,0xBFC6C6C7,0xC2BFBEBE,0xC6C2C6C3,
	0xDAF0BDC8,0x5B60697D,0xB8F6B3C8,0x5662B952,0xB8F0B1C6,0x559B4D0C,0xBAF6B1C6,0xB5732A3C,
	0xCBF7D3D8,0xB0445F40,0xB8F7C7D0,0x44566643,0xCDF7BDCB,0x54676A42,0xCDF7BDC9,0x55AD7A3F,

	0x01A2EDB5,0xD4090D08,0x03A3EDAD,0xD3081114,0x08A9EDAD,0xD20B2E3C,0x08ABED9E,0xD20B0934,
	0x06AEEFE5,0xC9060934,0x02A3F782,0xD0080908,0x01A2D041,0x81080908,0x019FB838,0x0A0D0908,
	0xF3FE5A4F,0x7C7C73EE,0xF3FE574D,0x80807DF0,0xF1FE574D,0x645D8EFA,0xF1FE574D,0xE0E0F7FB,
	0xFBFE574D,0xFEFEFBFB,0xEEA63464,0xDBDBE6E8,0x0A1759B7,0x0A0A0A0A,0xCDD6EDAF,0xCDCDCDCD,
	0x9C9E9E9E,0x62676A73,0x706F696F,0x9A7A6870,0x7B797169,0x77737773,0xDDDEDEDE,0xCFD0C7BD,
	0xFEFEFEFE,0xFEFEFEFE,0xDBDBDBDB,0xDBDBDBDB,0x0A0B0A0A,0x0B0A0B0B,0xD6D6D6D6,0xCDD6D6D6,
	0x69686262,0x9A80786F,0x7E786475,0x71737F80,0x61697878,0x5C5C6062,0xD0D0D0CF,0xD0D0D0D0,
	0xFEFEFEFE,0xFEFEFEFE,0xDBDBDBDB,0xDBDBDBDB,0x0A0A0A0A,0x0A0A0A0A,0xD6D6D6D6,0xD6CDD6D6,

	0x60686770,0xF0F2FC7D,0x7B7A686A,0xF0F2FA9D,0x6373645C,0xF0F2FBBD,0xD1CBCCD0,0xF0F1F1FA,
	0xFEFEFEFE,0xF7FEFBFB,0xDBDBDBDB,0x5EEEDBE6,0x0A0A0A0A,0x0C0A0A0A,0xD6D6D6D6,0xD6D6D6D6,
	0x0257A30A,0x9D8F0410,0x0257A30A,0x9D8F040D,0x0257A30A,0x8B8F040D,0x0257A30A,0x9C8F030D,
	0x02579D0A,0x9C8F0410,0x0257B622,0xAD8F0310,0x0246D761,0xD65E070D,0x080274E0,0x74060D0D,
	0xF5F2F717,0x737C77EE,0xF9F2F717,0x7F7F7FF0,0xF5F4F717,0x645D85FA,0xF1F2F717,0xE0DEF7F9,
	0xFBFEF70B,0xFEFEFBFB,0xDBEE5E09,0xDBDBE6E8,0x0A0A0859,0x0A0A0A0A,0xD6D6D6E0,0xD6CDD6D6,
	0x9C9A7F7F,0x686F7173,0x6F69646F,0x9B7F6969,0x7E7A7670,0x70717273,0xDAE0E0E0,0xC7C6CBCB,
	0xFEFEFEFE,0xFEFEFEFE,0xDBDBDBDB,0xDBDBDBDB,0x0A0A0A0A,0x0A0A0A0A,0xD6D6D6D6,0xD6D6D6D6,

	0x64676262,0x807E7369,0x78776170,0x73707A7A,0x61647370,0x60606161,0xD0D0CCC7,0xD1D1D1D1,
	0xFEFEFEFE,0xFEFEFEFE,0xDBDBDBDB,0xDBDBDBDB,0x0A0A0A0A,0x0A0A0A0A,0xD6D6D6D6,0xD6D6D6D6,
	0x60686970,0xF0F9FC7D,0x7B7B6C6E,0xF0F9FCAD,0x6473695C,0xF0F9FCCC,0xCFC6D0D1,0xF0F9F9FA,
	0xFEFEFEFE,0xF6FEFBFB,0xDBDBDBDB,0x5EEEDBDB,0x0A0A0A0A,0x0C0A0A0A,0xD6D6D6D6,0xD2CDD6D6,
	0x0257A30A,0x78A6050E,0x0257A30A,0x78A6050E,0x0257A30A,0x78A6050E,0x0257A30A,0x738F0510,
	0x0257AE0A,0x788F050E,0x0257B822,0x9CAC0712,0x0457E069,0xB85E0812,0x08035EDD,0x81060D10,
	0xFAF4FC44,0x7A787C80,0xFAF4FC44,0x78807F8B,0xFAF3FC44,0x6F5D5AA6,0xF9F1FC44,0xE0DED4F7,
	0xFBFBFD18,0xFEFEFEFB,0xDBE87422,0xDBDBDBE3,0x0A0A0B51,0x0A0A0A0A,0xCDCDCDDE,0xCDCDCDCD,

	0x719A7F9A,0x64646868,0x686C615D,0x7E9C7660,0x707B766F,0x73706C6A,0xC1D9DEE0,0xC6BDBDB3,
	0xFEFEFEFE,0xFEFEFEFE,0xDBDBDBDB,0xDBDBDBDB,0x0A0A0A0A,0x0B0B0A0A,0xD6D6CDCD,0xD6D6D6D6,
	0x69696962,0x717F7970,0x7A807364,0x686A6E7A,0x64647378,0x60616161,0xD2D2D0CB,0xD2D2D2D2,
	0xFEFEFEFE,0xFEFEFEFE,0xDBDBDBDB,0xDBDBDBDB,0x0A0A0A0A,0x0A0A0A0A,0xCDD6D6D6,0xD6D6D6D6,
	0x786C6867,0x44FDF5FA,0x807F7968,0x46FDF4F8,0x855C7061,0x44FDF2FB,0xF0BDCCD0,0x44FCF1F9,
	0xFBFEFEFE,0x18FDFBF9,0xDBDBDBDB,0x0D5EE6DB,0x0B0B0B0B,0x50060A0A,0xD6D6D6D6,0xD7D6D6D6,
	0x0DFF8173,0x0AA35E04,0x0DFF8173,0x0AA35E04,0x0D018173,0x0AA35E03,0x0D018173,0x0AA35E04,
	0x0D018173,0x0AA35E04,0x0E018180,0x3FB87405,0x100157BA,0x64CD5808,0x0D060374,0xDE58060F,

	0x8EFBF5F0,0x9A7F7C79,0xAEFBF9F0,0x64737F7B,0xD4FCF9F0,0x78695C5D,0xFBF1F9F7,0xE0E0DEE3,
	0xFBFBFEF7,0xFEFEFEFE,0xE8DBE85E,0xDBDBDBDB,0x0A0A0A09,0x0A0A0A0A,0xD6D6D6D6,0xD6D6D6D6,
	0x717C9A7F,0x64696970,0x696F7064,0x647E9D73,0x73797F78,0x73737073,0xC6D1DEE0,0xCBCBCBC6,
	0xFEFEFEFE,0xFEFEFEFE,0xDBDBDBDB,0xDBDBDBDB,0x0A0A0A0A,0x0A0A0A0A,0xD6D6D6D6,0xD6D6D6D6,
	0x68686968,0x64737E76,0x7F777B70,0x6A6A6A70,0x6160606C,0x61606060,0xD0D0D0CC,0xD1D1D1D0,
	0xFEFEFEFE,0xFEFEFEFE,0xDBDBDBDB,0xDBDBDBDB,0x0A0A0A0A,0x0A0A0A0A,0xD6D6D6D6,0xD6D6D6D6,
	0xEE696A69,0x17F8F3FB,0xF07E9B78,0x17F8F2F9,0xF8806477,0x17F8F2F9,0xFBEEBDCF,0x17F8F1F1,
	0xFBFBFEFE,0x0CF8FEFB,0xDBDBDBDB,0x345EE8DB,0x0A0A0A0A,0x630A0A0A,0xD2D6D6D6,0xE0D2D6D2,

	0x1001819D,0x0CA35E05,0x1001819D,0x0CA35E04,0x1001819D,0x0CA35E05,0x1001819D,0x0CA35E04,
	0x1001749D,0x0BA35E04,0x100181B5,0x22B87404,0x10025ED7,0x5CD05707,0x0D060682,0xE05A030E,
	0xA9FCF9F0,0x9B7F7C7C,0xAEFCF9F0,0x5C6E7A7A,0xCFFDF9F7,0x645C5C5C,0xFBF3F9F8,0xDDDEDDDE,
	0xFBF9FEF6,0xFEFEFEFE,0xDBDBE65A,0xDBDBDBDB,0x0B0B0A0B,0x0A0A0A0A,0xD6D6D6D0,0xD6CDD6D6,
	0x707E9D9A,0x6062626A,0x70737064,0x60799B78,0x787C7C73,0x7673737C,0xC6D0DADD,0xD0D0D0CC,
	0xFEFEFEFE,0xFEFEFEFE,0xDBDBDBDB,0xDBDBDBDB,0x0B0B0B0A,0x0B0B0B0B,0xD6D6D6D6,0xD6D6D6D6,
	0x73686762,0x687A9B7E,0x9A767B6C,0x7071737A,0x60606270,0x64606060,0xD0D2D0D0,0xD1D0D0D0,
	0xFEFEFEFE,0xFEFEFEFE,0xDBDBDBDB,0xDBDBDBDB,0x0B0B0B0B,0x0B0B0B0B,0xD6D6D6D6,0xD6CDD6D6,

	0xE7626768,0x4F57FEF9,0xEE789A7A,0x4F57FEF5,0xF67D697C,0x4D57FEF3,0xFBF6CAD2,0x4C57FEF1,
	0xFBFEFEFE,0x4D57FEFB,0xE6DBDBDB,0x6F448FEE,0x0A0A0A0A,0xB755170A,0xCDCDD6D6,0x82E0D6D6,
	0x141102CE,0xB5E58B51,0x090E02CE,0xB5E58E03,0x494702C4,0xADEDA944,0x4D4501BD,0xADEDAE4D,
	0x0709FFB1,0xEDEFAE02,0x080DFFBE,0x7DF7A203,0x08090281,0x3DB88E02,0x08090D08,0x3DB78B02,
	0x8069605B,0xE6E2F8DA,0x58B76455,0xE6E3FABA,0x094D9A53,0xE4E2FACD,0x433D73AD,0xEEEEFDCB,
	0x3F563486,0xEEEEFDB8,0x3F5F5645,0xE7E3FABA,0x3F666B54,0xE9E4FABA,0x3C729B55,0xE9E4FAB8,
	0xCFE9E4E4,0xC1C2C2BE,0xCFE7E4E6,0xBEBEBEBD,0xD4E7E3E3,0xD1D1D2D0,0xD9EEEEEE,0xD2D2D2D2,
	0xCFEAEEEE,0xBEBDBDBD,0xCFE9E7E7,0xC2C6C2BE,0xD0ECE7E9,0xC2BFC4BE,0xD1ECE7E9,0xC2C2C2BE,

	0xBDBFBEBE,0xBFBFBDBD,0xCECCCCCE,0xBDC6CCCC,0xD4D8D3D4,0xBFCFD8D4,0xBFC6BEBF,0xBFC2BEBE,
	0xC6C6C6C2,0xC2C6C6C2,0xC2C2C2C2,0xC3C2C1C2,0xC2C2BFC2,0xC6C2C2C2,0xC2C2C2C2,0xBFBFBFC2,
	0xC5C6CBC6,0xC2C2C2C6,0xC6C6C6C7,0xC6C6C2C2,0xBFBDBEBE,0xBDBEBEBF,0xD3D3D3D3,0xD3D3D3D2,
	0xE2E2E2E2,0xE2E3E2E2,0xE6E6E6E3,0xE6E5E4E6,0xA8A6A6B1,0xABAAAAAA,0xC5C0CAD8,0xCBC9C3C5,
	0xCCC6C5C3,0xCACCCCC7,0xD9D2BEC6,0xD9D9D9D9,0xC1BEBDBD,0xC7CAC4C1,0xD3D3D3D3,0xD3D2D2D2,
	0xE2E2E2E2,0xDFE2E2E2,0xE6E6E4E6,0xE3E4E6E4,0xABABABAB,0xA6AAAAAB,0xC9C9C9CB,0xCBC6C8C6,
	0xCDF7BECE,0x78B56A3F,0xBAF7D5DA,0x7F755F34,0xB7F6BDC7,0x7F755422,0xBAF6CED3,0x769A5F14,
	0xB7F7D5DF,0x667F6E0D,0xB7F7DAE0,0x607F6A14,0xB8EF8299,0x427E7514,0xCDF6BDC9,0x655C6B34,

	0x02A2B82A,0x080D0D08,0x02A7B73D,0x0D090D09,0x0CAEB83D,0x0D101004,0x79DEB842,0x02030317,
	0xCDF6AE49,0x4646467D,0xE5EDB645,0xDCDCDCE0,0x615D806F,0x59595959,0x48484C7F,0x4552524C,
	0x5E5E5E17,0x5E5E5E5E,0xFFFFFF09,0xFFFFFFFF,0x10100D0D,0x10101010,0x04030302,0x04040404,
	0x45444446,0x45454545,0xCDCDDCBC,0xDCDCDCDC,0xE3FD8253,0xE0E0E0E0,0xAE964C41,0x51515153,
	0x5E5E5E5E,0x5E5E5E5E,0xFFFFFFFF,0xFFFFFFFF,0x10101010,0x10101010,0x03040404,0x04040403,
	0x45444444,0x44444545,0xDCDCDCDC,0xDCDCDCDC,0xE0E0E0E0,0xE0E0E0E0,0x51515151,0x51515151,
	0x5E5E5E5E,0x5E5E5E5E,0xFFFFFFFF,0xFFFFFFFF,0x10101010,0x100F1010,0x03040403,0x03040404,
	0x44444444,0x45454544,0xDCDCDCDC,0xDCDCDCDC,0xE0E0E0E0,0xE0E0E0E0,0x51515151,0x51515151,

	0x5E5E5E5E,0x5E5E5E5E,0xFFFFFFFF,0xFFFFFFFF,0x10101010,0x10101010,0x03040304,0x04040304,
	0x44444444,0x44444444,0xCDCDCDDC,0xCDCDDCCD,0xE0E0E0E0,0xE0E0E0E0,0x51515151,0x51515151,
	0x0E060258,0x03060F0D,0x0D0D02FF,0x090D0D0D,0x0E0E100D,0x110F0F0F,0x03030303,0x03030303,
	0x44444444,0x44454444,0xDCCDDCCD,0xCDCDCDCD,0xE0E0E0E0,0xE0E0E0E0,0x51515151,0x51515151,
	0x5E5E5E5D,0x5E5E5E5E,0xFFFFFF01,0xFFFFFFFF,0x10101010,0x10101010,0x04030303,0x03040304,
	0x44444444,0x44444444,0xCDCDCDCD,0xCDCDDCCD,0xE0E0E0E0,0xE0E0E0E0,0x51515151,0x51515151,
	0x5E5E5E5E,0x5E5E5E5E,0xFFFFFFFF,0xFFFFFFFF,0x10101010,0x10101010,0x04040404,0x04040404,
	0x45454544,0x45454545,0xCDCDCDDC,0xCDCDCDCD,0xE0E0E0E0,0xE0E0E0E0,0x51515151,0x51515154,

	0x5E5E5E5E,0x5E5E5E5E,0xFFFFFFFF,0xFFFFFFFF,0x12101010,0x10101010,0x04040404,0x04040404,
	0x45454545,0x45444545,0xDCCDCDCD,0xCDCDCDCD,0xE0E0E0E0,0xE0E0E0E0,0x51515151,0x51515151,
	0x5E5E5E5E,0x5E5E5E5E,0xFFFFFFFF,0xFFFFFFFF,0x10101010,0x10101010,0x04040304,0x04040403,
	0x44454445,0x45454545,0xDCDCCDCD,0xCDDCDCDC,0xE0E0E0E0,0xE0E0E0E0,0x51515151,0x51515151,
	0x0D030158,0x0808110D,0x0D0902FF,0x0E0F0D0D,0x0F0E0D0E,0x12111111,0x03040404,0x04030303,
	0x44444445,0x3F444444,0xCDCDCDCD,0xCDCDCDCD,0xDEE0E0E0,0xEEE0E0E0,0x51515151,0x63515551,
	0x5E5E5E5E,0x5E5E5E5E,0xFFFFFF01,0xFFFFFFFF,0x10101215,0x10101210,0x03030304,0x03030202,
	0x74748152,0x74747474,0x4D4665E0,0x4D4D4D4D,0x4B3E0DD9,0x4B4B4B4B,0x6F615ADE,0x71727272,

	0x5E5E5E5E,0x5E5E5E5E,0xFFFFFFFF,0xFFFFFFFF,0x12121010,0x12121212,0x03030303,0x03030303,
	0x74747474,0x74747474,0x4D4D4D4D,0x4D4D4D4D,0x50504A4B,0x4B4B4B4B,0x70707172,0x71717171,
	0x5E5E5E5E,0x5E5E5E5E,0xFFFFFFFF,0xFFFFFFFF,0x11121212,0x10101011,0x03030303,0x03030303,
	0x74747474,0x74747474,0x4D4D4D4D,0x4D4D4D4D,0x4B4B4B4B,0x4A4E504B,0x71717171,0x71707071,
	0x5E5E5E5E,0x5A5E5E5E,0xFFFFFFFF,0xFFFFFFFF,0x12111110,0x12121011,0x03030302,0x04030303,
	0x74747474,0x52817474,0x4D464D4D,0xED65444D,0x4B4B4B4B,0xE6063C51,0x71717171,0xE6585C68,
	0x0D0D0606,0x5803080D,0x0D0D0F06,0x010D0909,0x11101213,0x0E0F0E0F,0x03030303,0x04040404,
	0x44444444,0x44454545,0xCDCDCDDC,0xCDCDCDCD,0xDEE0E0EE,0xE0DEDED9,0x51555163,0x51515151,

	0x5E5E5E5E,0x5E5E5E5E,0xFFFFFFFF,0xFFFFFFFF,0x10101010,0x10101010,0x06060604,0x06060606,
	0x45454545,0x45454545,0xDCCDCDCD,0xCDCDCDDC,0xE0E0E0E0,0xE0E0E0E0,0x51515151,0x51515151,
	0x5E5E5E5E,0x5E5E5E5E,0xFFFFFFFF,0xFFFFFFFF,0x12121211,0x10121212,0x06060606,0x06060606,
	0x4C454545,0x4545454C,0xCDDCCDCD,0xCDCDCDCD,0xE0E0E0E0,0xE0E0E0E0,0x51515151,0x51515151,
	0x5E5E5E5E,0x5E5E5E5E,0xFFFFFFFF,0xFFFFFFFF,0x10101010,0x10101010,0x04030404,0x04030404,
	0x45444545,0x45454044,0xCDCDCDCD,0xCDCDCDCD,0xE0E0E0E0,0xE0E0E0E0,0x55515551,0x51515151,
	0x5E5E5E5E,0x5A5E5E5E,0xFFFFFFFF,0xFFFFFFFF,0x10101010,0x10121010,0x04040404,0x04040404,
	0x44444545,0x3F444444,0xCDCDCDCD,0xCDCDCDCD,0xE0E0E0E0,0xE0E0E0E0,0x51515151,0x51515151,

	0x0D0E0306,0x5802080D,0x0D0D0D03,0x0109090D,0x0F101111,0x10110F0E,0x03030303,0x04030303,
	0x4444443F,0x3F3F3F44,0xCDCDCDCD,0xCDCDCDCD,0xE0E0E0E0,0xE0E0E0E0,0x51515151,0x51515151,
	0x5E5E5E5E,0x5E5E5E5E,0xFFFFFFFF,0xFFFFFFFF,0x10101010,0x10101010,0x04040404,0x04040404,
	0x443F443F,0x44444440,0xCDCDCDCD,0xCDCDCDCD,0xE0E0E0E0,0xE0E0E0E0,0x54555555,0x51515151,
	0x5E5E5E5E,0x5E5E5E5E,0xFFFFFFFF,0xFFFFFFFF,0x10101010,0x10101010,0x04040404,0x04040404,
	0x40444444,0x40444040,0xCDCDCDCD,0xCDCDCDCD,0xE0E0E0E0,0xE0E0E0E0,0x51515151,0x51515151,
	0x5E5E5E5E,0x5E5E5E5E,0xFFFFFFFF,0xFFFFFFFF,0x10101010,0x10101010,0x04040303,0x04040403,
	0x45454444,0x45444444,0xCDCDCDCD,0xCDCDCDCD,0xE0E0E0E0,0xE0E0E0E0,0x51515151,0x51515151,

	0x5E5E5E5E,0x0A5E5E5E,0xFFFFFFFF,0x08FFFFFF,0x10101010,0x0D0D0D10,0x04040404,0x03030303,
	0x44444444,0x46444444,0xDCDCDCDC,0xDCDDD6CD,0xE0E0E0E0,0x5C85FDE8,0x5A515151,0x4252B0B7,
	0x090D0E07,0x3DB68E02,0x090E090F,0x40B6A302,0x04110F0D,0x43B8B014,0x17020302,0x49B7DE7E,
	0x80464646,0x4AAEF6CD,0xDECDDCDC,0x45B7E5DE,0x5959595C,0x657D5359,0x4C52534F,0x7E424145,
	0x34609B79,0xE9E4FAB8,0x225F717F,0xE9E3FABA,0x2254779A,0xEEE8FAB7,0x225B9C7E,0xF0F0FAB7,
	0x1E6E9E68,0xF8FAFDBA,0x3475805F,0xF7F7FDB8,0x3F757F45,0xDADAF8CD,0x446D6165,0xEAEAFDD6,
	0xCFECE9E9,0xC2C2C2BE,0xCFE8E6E7,0xBEBDBFBD,0xD4EEEEEE,0xCFCFCFCF,0xE2F0F0F0,0xDADADADA,
	0xEEF8F8F8,0xEEEEEEEE,0xEEF7F7F7,0xEEEEEEEF,0xACDADADA,0xAAAAA899,0xD0E9E9E9,0xC9C9CBC5,

	0xC2C2C2C2,0xC6C6C6C6,0xBFBFBEBF,0xCFCFCCBF,0xCFD1D0CF,0xBEC1BEC7,0xDADADADA,0xD9D9DAD9,
	0xEBEFEEEF,0xE8E8EBEC,0xEEEEEEEE,0xEEEEEFEE,0xA6A6A6A6,0xA6A6A6A6,0xC9C9C9C9,0xC8C8CBCB,
	0xD3D3D4D4,0xD4D4D4D6,0xCFCFCFCF,0xCFCFCFCF,0xC3C3C3C4,0xC3C6C6C3,0xC8C8C8C8,0xC8C8C8C8,
	0xC2C8C8C8,0xC4C4C2C2,0xC2C8C8C8,0xC2C2C2C2,0xC2C3C8C8,0xBEBDBDBD,0xCCCBCCCB,0xD2D3D2D2,
	0xD4D8D8D4,0xCED4D4D4,0xCFCFCFCF,0xC4CECFCF,0xC3C3C3C3,0xC8C3C3C3,0xC9C8C8C8,0xCACACAC8,
	0xC8C8C8C8,0xCAC8C8C8,0xC7C8C8C2,0xCACAC8C8,0xC8C9BEBE,0xCACCC8C8,0xC2BDD1D3,0xC2BFC2C2,
	0xCDF7BECC,0x8080593C,0xD6F7BEC8,0x5B7F6545,0xDDF6C2CE,0x4A2E8BCD,0xEDF6C2CE,0x5A73A2D7,
	0xEDF6BECC,0xCDCDBAB6,0xF6D1C8CC,0xBABAB7D7,0xCFBFC8C8,0xD7D2EFF7,0xB3C6C2C2,0xF7F7F0D1,

	0x6D6D5651,0x9CB59B79,0x7F7B7B66,0x9B715C72,0x48474748,0x4E4B4847,0x5D5D5D5D,0x6563635D,
	0xCDCDCDCD,0xDCCDCDCD,0xBABABABA,0xBABABABA,0xDDDDDDDD,0xDDDDDDDD,0xF8F8F8F7,0xF7F8F8F8,
	0x654F5568,0x6D6D6BB6,0x505F6B9B,0x5B66B55D,0x504E5050,0x509B4D19,0x63656565,0x82A8585D,
	0xCDCDDCDC,0xEFBAD7D7,0xBABABABA,0xE1B7CDCD,0xD7DDDDDD,0xDED7D7D7,0xF8F7F7F7,0xF7F8F7F7,
	0x6D6D6D6D,0x6D6D6D6D,0x60605F66,0x5F5F5F5F,0x4B4B4B4A,0x4B4B4B4B,0x5D5D5D5A,0x635D5D5D,
	0xDCDCCDD7,0xDCDCDCDC,0xBABAB7CB,0xBABABABA,0xDEDEDDDE,0xDEDEDEDE,0xF7F7F7F7,0xF7F7F7F8,
	0x5656606D,0x6D6D5F56,0x72727666,0x66606D75,0x4E504B4B,0x4B4B4B4E,0x5D5D5D63,0x63635D5D,
	0xDCDCDCDC,0xDCDCDCDC,0xBABABABA,0xBABABABA,0xDEDEDEDE,0xDEDEDEDE,0xF7F8F7F8,0xF8F7F7F7,

	0x5656666D,0x56565656,0x5F5F5F66,0x605F5F5F,0x4B4B4B4B,0x5B514B4B,0x63636363,0x5D5D6363,
	0xDCDCDCDC,0xDCDCDCDC,0xBABABABA,0xBABABABA,0xDEDEDEDE,0xDEDEDEDE,0xF7F7F7F7,0xF7F7F7F7,
	0x5B5B5B5B,0x6D6E6D6B,0x6D6D7972,0x677B7B79,0x4B4B4E4E,0x4B4B4B4B,0x635D5D5D,0x635D6363,
	0xDCDCDCDC,0xDCDCDCDC,0xBABABABA,0xBABABABA,0xDEDEDEDE,0xDEDEDEDE,0xF7F7F7F7,0xF8F8F8F8,
	0x6D6D6D6D,0x6D6D6D6D,0x60606060,0x66606066,0x4B4B4B4B,0x4B4B4B4B,0x63636363,0x63636363,
	0xDCDCDCDC,0xDCDCDCDC,0xBABABABA,0xBABABABA,0xDEDDDEDE,0xDEDEDEDE,0xF8F7F8F7,0xF8F8F8F8,
	0x5B5B5F66,0x5B5B5B5B,0x6D757576,0x75757572,0x50505050,0x50505050,0x63636363,0x63636363,
	0xDCDCDCDC,0xDCDCDCDC,0xBABABABA,0xB9B9BABA,0xDEDEDEDE,0xDDDDDEDE,0xF8F8F8F8,0xF8F8F7F8,

	0x6D6D6056,0x6D6D6D6D,0x665F6D75,0x60606060,0x4B4B4B50,0x4B4B4B4B,0x63636363,0x63636363,
	0xCDDCDCDC,0xCDCDDCCD,0xB9B7B9BA,0xB9B9B9B9,0xDDDDDEDD,0xDDDDDDDD,0xF8F7F8F8,0xF8F7F8F8,
	0x6D6D6D6D,0x6D6D6D6D,0x60606060,0x60606060,0x4B4B4B4B,0x4B4B4B4B,0x63636363,0x63636363,
	0xDCCDDCDC,0xCDCDCDCD,0xB9B9B9B9,0xB9B9B9B9,0xDDDDDDDD,0xDDDDDDDD,0xF8F8F7F8,0xF8F8F8F8,
	0x5656666D,0x55545656,0x5B5F5F66,0x5B5F5B5B,0x4B4B4B4B,0x555B5150,0x63636363,0x63636363,
	0xCDCDCDDC,0xCDDCCDDC,0xB9B9B9B9,0xBAB9B9B9,0xDDDDDDDD,0xDDDDDDDD,0xF8F7F8F8,0xF8F8F8F8,
	0xB7BADEB2,0xB7BAB7B7,0xEDF6D676,0xEFF6EDED,0x5D615B51,0x6363635D,0x635D5D63,0x63636363,
	0xCDDCDCDC,0xDCDCDCDC,0xB9BAB9BA,0xB9B9B9B7,0xDDDDDEDE,0xDDDDDDDD,0xF8F8F8F8,0xF8F8F8F8,

	0xB7B7BAB7,0xB7B7B7B7,0xF6F6F6F6,0xF6F6F6F6,0x64646463,0x64646464,0x63636363,0x63636363,
	0xDCDCDCDC,0xCDDCDCCD,0xBAB9B9B7,0xB9B9B9BA,0xDDDDDDDD,0xDDDDDDDD,0xF8F8F8F8,0xF8F8F8F8,
	0xB7B7B7B7,0xB7B7B7B7,0xF6F6F6EF,0xEFF6F6F6,0x64646464,0x64646464,0x63636363,0x63636363,
	0xCDCDCDCD,0xCDCDCDCD,0xB9B9B9B9,0xB9B9B9B9,0xDDDDDDDD,0xDDDDDDDD,0xF8F8F8F7,0xF8F8F7F8,
	0xB6B6B6B7,0xB8E0B6B6,0xEDEDEDEF,0x7AD6F6ED,0x64646464,0x565C5D61,0x63636363,0x63636363,
	0xCDCDCDCD,0xCDCDCDCD,0xB9B7B9B9,0xB9B7B7B7,0xDDDDDDDD,0xDDDDDDDD,0xF8F8F8F7,0xF8F8F8F8,
	0x56565655,0x6D665656,0x5F5F5F60,0x665F5B5F,0x50515F59,0x4B4B4B4B,0x63636363,0x635D635D,
	0xCDDCDCCD,0xCDCDCDCD,0xB9B9B9B9,0xB9B9B9B9,0xDDDDDDDD,0xDDDDDDDD,0xF8F8F7F8,0xF8F8F8F7,

	0x6D6D6D6D,0x6D6D6D6D,0x5F5F5F5F,0x60606060,0x4B4B4B4B,0x4B4B4B4B,0x63636363,0x63636363,
	0xDCDCCDCD,0xDCDCDCDC,0xB9B9B9B9,0xB9B9B9BA,0xDDDDDDDD,0xDDDDDDDD,0xF8F8F8F8,0xF8F7F7F8,
	0x6D6D6D6D,0x5B565F6D,0x5F606060,0x75757967,0x4B4B4B4B,0x5050504B,0x63636363,0x63636363,
	0xDCDCDCDC,0xCDDCDCDC,0xBAB9B9B9,0xB9B9B9BA,0xDDDDDDDD,0xDDDDDDDD,0xF7F8F8F7,0xF7F7F8F7,
	0x5B5B5B5B,0x72665B5B,0x75757575,0x7B797575,0x50505050,0x4B4B5050,0x63636363,0x63636363,
	0xCDCDCDCD,0xCDCDCDCD,0xB7B9B7B9,0xB7B7B7B7,0xDDDDDDDD,0xDDDDDDDD,0xF7F8F8F8,0xF7F8F7F8,
	0x6D6D6D6D,0x6B6D6D6D,0x5F605F66,0x66605F5F,0x4B4B4B4B,0x4B4B4B4B,0x63636363,0x63636363,
	0xDCCDCDCD,0xDCDCDCDC,0xBAB9B9B7,0xB9BABABA,0xDDDDDDDD,0xDDDDDEDD,0xF8F8F8F7,0xF8F8F7F8,

	0x56565656,0x56565656,0x6B757575,0x66766D66,0x4E4E4B4B,0x5050504B,0x5D5D5D5D,0x5D5D5D5D,
	0xDCDCDCDC,0xDCDCDCDC,0xB9B9B9B9,0xB9B9B9B9,0xDDDDDDDD,0xDEDDDDDD,0xF7F7F8F7,0xF8F8F7F7,
	0x56565656,0x6D665656,0x5B5B5F60,0x605F5B5B,0x4B4B515B,0x4B4B4B4B,0x5D5D5D5D,0x63636363,
	0xDCDCDCDC,0xDCDCDCDC,0xBABABAB9,0xBABABABA,0xDEDEDEDE,0xDEDDDEDE,0xF7F8F7F8,0xF7F7F8F7,
	0x5660726D,0x6D66565B,0x76726060,0x67767275,0x50504B4B,0x4B505050,0x63636363,0x63636363,
	0xDCDCDCDC,0xDCDCDCDC,0xBABABABA,0xBABABABA,0xDDDEDDDD,0xDEDEDEDD,0xF7F7F7F7,0xF7F8F7F7,
	0x6D6D6D6D,0x6D6D6D6D,0x60666060,0x66606066,0x4B4B4B4B,0x4A4B4B4B,0x63636363,0x5A636363,
	0xDCDCDCDC,0xD7CDDCDC,0xBABABABA,0xBAB7BABA,0xDEDEDEDE,0xDDDDDEDE,0xF8F8F8F8,0xF8F8F7F7,

	0xAE6C6D6D,0x6A5B4C63,0x5AAD605F,0x9A685F4B,0x09468050,0x50504E4B,0x5A52A981,0x65635D5D,
	0xDDDEBAF6,0xCDCDCDCD,0xB6BABAE5,0xBABABABA,0xD2D7DDDE,0xD7D7D7D7,0xF8F8F8F7,0xF7F7F7F7,
	0x7B9EB5AD,0x4B567575,0x7162739A,0x5F7B7F7F,0x4A4A4E4F,0x48494849,0x63656565,0x5D5D5D63,
	0xCDCDCDCD,0xCDCDCDCD,0xBABABABA,0xBABABABA,0xDDDDD7D7,0xDDDDDDDD,0xF7F7F7F7,0xF7F7F7F7,
	0x345B8078,0xEAE9FDCD,0x445A7C51,0xEAE7FDD2,0xBA7D2942,0xEFEEFDD7,0xBA805D5D,0xEEEEFADE,
	0xB7BACDCD,0xE7E2FAEF,0xDDBABABA,0xE7E5EBFA,0xF8E7D7DD,0xE7E7E3E8,0xEBF8F7F7,0xE7E7E7E7,
	0xD0E8E7E9,0xC2C6C2BE,0xCFE7E9E9,0xBDBDBFBD,0xD4EEEEEE,0xBDD0D0CF,0xDAEEEEEE,0xCFD6D4D3,
	0xD1E9E7E7,0xC6C1C1BE,0xD1ECE7E7,0xC8CCCCC6,0xD1E9E7E7,0xC8CAC7C6,0xD1E9E7E7,0xC8C8C8C3,

	0xC5CBC6C2,0xBEBEBFC0,0xCBBDBFC5,0xCECECECE,0xD0AAB1AF,0xD5D8D4D8,0xBEBFBFBD,0xBEC1BEBE,
	0xC8C8C8CC,0xC2C2C4C8,0xC8C8C8C8,0xC2C2C2C4,0xC8C8C8CA,0xC2C2C2C4,0xC8C8C8C8,0xC6C2C2C2,
	0xC7C7CFD1,0xD1D1D1D1,0xC2BFC4CA,0xBEBEBEBF,0xC2C2C2C6,0xC2C4C4C2,0xC2C2C2C2,0xC2C2C2C2,
	0xC2C2C2C2,0xC2C2C2C2,0xC2C4C2C2,0xC2C2C6C6,0xC8C8C8C8,0xC8C8C8C8,0xC2C2C2BF,0xC2C2C2C2,
	0xD8D5D3D2,0xD8D4D4D8,0xD0D1CABF,0xD0D0D0D0,0xBEC2C2C2,0xC2BFC2BE,0xC2C2C2C2,0xC8C8C8C8,
	0xC2C2C2C2,0xC4C4C3C4,0xC6C6C6C6,0xC8C7C7C4,0xC8C8C9C8,0xC8C8C8C8,0xC3C2C2C2,0xC2C2C2C2,
	0xD8D4D8D4,0xEEEEDAD2,0xD0D0D0D0,0xEEDFD1D0,0xC2C3C6C2,0xDAC1C4C4,0xC8C8CAC8,0xCEC8CCCA,
	0xC4CAC8C8,0xCAC8C8CA,0xC8C8C8C8,0xC8CBC8CA,0xC2C8C9C8,0xC2BFC2C2,0xD0C2C2C2,0xD1D2D2D2,

	0xE3E2EEEE,0xE4E4E4E4,0xF6F6EEEE,0xE8E9E9E9,0xE9E8E8EB,0xE7E4E6E7,0xE9E9E2DA,0xE9ECE9E9,
	0xD4D5CFBD,0xD5D4D4D4,0xBFBFC4CC,0xBFBFC3BF,0xC2C2C3C2,0xC2C2C2C2,0xD2D2D2D2,0xD2D3D3D2,
	0xE3E3E4E4,0xE3E3E3E2,0xE7E8E9E7,0xE7E7E7E7,0xE7E6E7E7,0xE6E7E7E7,0xE9E9E9E9,0xE9E9E9E9,
	0xD5D5D4D5,0xD4D4D5D4,0xC3C2BFBF,0xC2C2C2C2,0xC3C2C2C2,0xC2C2C2C2,0xD2D2D2D3,0xD2D2D2D2,
	0xE3E3E3E3,0xE3E3E3E3,0xE7E8E7E7,0xE7E8E7E8,0xE7E6E6E6,0xE7E6E7E7,0xE9E9E9EA,0xE9E9E9E9,
	0xD5D4D5D5,0xD4D4D4D4,0xBFBFC0BF,0xBDBDBFBF,0xC2C6C2C3,0xCEBEBEC2,0xD2D2D2D2,0xDAD2D2D2,
	0xE4E3E3E4,0xE3E3E4E4,0xE9E7E7E7,0xE7E7E7E7,0xE7E7E7E7,0xE6E6E7E7,0xE9E9E9E9,0xE9EAEAE9,
	0xD4D4D5D4,0xD4D4D4D4,0xBDBDBDBD,0xC6C6BDBD,0xD0D0D0CF,0xD8D8D3CF,0xD4D3D4D9,0xC7C2D1D8,

	0xE3E3E3E3,0xE3E3E3E3,0xE7E7E8E7,0xE7E7E7E7,0xE6E6E6E6,0xE7E6E6E6,0xEBE9EAEB,0xE9E9E9E9,
	0xD4D4D4D4,0xD4D4D4D4,0xC6C6C7C6,0xC8C7C6C7,0xD8D8D8D8,0xD9D9D8D8,0xC7C7C8C7,0xC7C7C7C7,
	0xE4E4E3E3,0xE4E4E4E4,0xE7E7E7E7,0xE9E7E9E9,0xE6E7E6E7,0xE7E7E7E7,0xECE9E9EC,0xECEAE8E9,
	0xD4D4D4D4,0xD4D4D4D4,0xC6CBC6C7,0xC7C7C6C6,0xD8D9D9D9,0xD9D8D8D8,0xC7C7C8C7,0xC8C8C7C7,
	0xE4E4E4E4,0xE4E3E3E4,0xE7E8E8E9,0xE7E6E7E8,0xE7E7E6E7,0xE4E4E6E6,0xEBE9E9E9,0xE9E9E9EC,
	0xD4D4D4D4,0xD4D4D5D4,0xC8C7C6C6,0xBFBFBEBF,0xD8D8D8D9,0xCAC8C8CC,0xC8C8C7C7,0xC8C9C8C8,
	0xE4E4E4E4,0xE4E5E4E4,0xE9E8E7E7,0xE7E8E9E9,0xE4E6E7E4,0xE7E7E7E7,0xECECECE9,0xE9ECECEC,
	0xD5D5D5D5,0xD4D4D5D5,0xBFBFBFC2,0xBDBDBDBF,0xCCCACCCA,0xC4CECFCC,0xC8C9C8C8,0xC3CFD4CE,

	0xE3E3E3E4,0xE3E3E3E3,0xE8E7E9E7,0xE7E7E7E7,0xE6E6E7E7,0xE4E6E6E7,0xECE9E9EA,0xEBE9EAEA,
	0xD5D4D4D5,0xD5D4D5D4,0xBEBEBEBE,0xBFBFBEBE,0xC8C8C8CB,0xCACAC9C8,0xC8C8C8C8,0xC8C8C8C8,
	0xE4E3E4E4,0xE4E4E4E4,0xE8E8E8E8,0xE9E9E9E9,0xE7E6E6E4,0xE7E7E6E4,0xECECEAEC,0xECE9ECEC,
	0xD4D4D4D4,0xD4D4D5D4,0xBDBDBDBD,0xBFBEBDBD,0xD0D0CEC8,0xC2BECCD0,0xD3D8CFC3,0xD2D2D9D9,
	0xE4E4E4E4,0xE4E4E4E4,0xE9E9E9E7,0xEAEAE9E9,0xE7E7E7E7,0xE6E6E7E7,0xECEAECEC,0xEAECEAEC,
	0xD4D4D4D4,0xD5D4D4D4,0xBDBDBDBE,0xBEBFBFBF,0xC8C9C4C2,0xC8C8C8C8,0xCAC4D0D3,0xC8C8C8C8,
	0xE4E4E4E4,0xE4E3E4E4,0xEAEAEAE9,0xEAE9EAEA,0xE7E7E7E7,0xE7E7E7E7,0xECECECEA,0xECECECEC,
	0xD4D4D4D4,0xD4D4D5D4,0xBEBEBEBE,0xBEBEBEBE,0xCAC8C8C8,0xCAC8CACA,0xC8C8C8CA,0xC8C8C8C8,

	0xE4E4E4E4,0xE5E7E4E4,0xE9E9EAEA,0xEAE9E9E9,0xE6E7E7E7,0xE7E7E7E6,0xECECECEC,0xECECECEC,
	0xD5D4D4D4,0xD4D5D5D4,0xC2BEC2BE,0xC3BEBEBE,0xC8CACAC7,0xCACACAC8,0xC8C8C8C8,0xC8C8C8C8,
	0xE4E4E4E4,0xE3E3E3E4,0xE8E9E9EA,0xE7E7E8E8,0xE6E6E6E6,0xE7E7E6E6,0xECEAECEC,0xEAE9EBEA,
	0xD5D5D5D5,0xD5D5D5D5,0xC0C2BEBE,0xBFBFBFBF,0xC7CBC8C8,0xCBC8C8CB,0xC8C8C9C9,0xC8C9C8C9,
	0xE3E3E4E4,0xE4E4E4E4,0xE7E9E9E7,0xE9E7E7E7,0xE7E7E7E7,0xE7E7E7E6,0xECE9ECEC,0xE9ECEAE9,
	0xD5D5D4D5,0xD5D4D4D4,0xBFBFBFBF,0xBEBEBFBF,0xC8CBC8CA,0xC8C8C8C8,0xC8C8C8C2,0xC8C8C8C8,
	0xE3E4E4E4,0xE4E3E3E3,0xE7E7E7E9,0xE7E6E8E8,0xE6E7E7E7,0xE6E6E6E6,0xECE9ECE9,0xE9ECEAE9,
	0xD5D5D5D5,0xD4D5D5D5,0xBEBEBEBE,0xC0BEBEBF,0xCACAC8CA,0xCACACACC,0xC2C8C8C8,0xC2C2C2C2,

	0xE4E4E4E4,0xE4E4E4E4,0xE9E8E8E7,0xE9E9E9E9,0xE4E7E6E4,0xE7E7E7E4,0xEAEAECEA,0xECECECEC,
	0xD5D5D5D5,0xD5D5D5D5,0xBFBFC0BF,0xBFBFBFBF,0xCCCACCCA,0xC6C2C6C6,0xC2C2C2BF,0xD2D3D3D1,
	0xE4E4E4E4,0xE4E4E4E4,0xEAE9E9E9,0xEAEAE9EA,0xE7E7E7E7,0xE6E6E6E6,0xECECECEC,0xECECEAEA,
	0xD5D5D5D5,0xD5D5D5D5,0xBFBFBFBF,0xBFBFC2C3,0xC3C2C2C2,0xC2C2C2C2,0xD2D2D3D2,0xD2D2D2D2,
	0xE4E4E4E4,0xE4E4E4E4,0xE8E9EAEA,0xE9E9E9E8,0xE7E7E6E6,0xE7E7E4E7,0xECECEBEC,0xECECECEC,
	0xD4D5D5D4,0xD5D5D5D5,0xBFC0C0C2,0xBDBEBFBF,0xC8C3C3C3,0xCFC8CAC8,0xCED2D2D2,0xD2C8CAC6,
	0xE4E4E4E4,0xE4E4E4E4,0xE9E9E9E9,0xE7E7E7E9,0xE7E7E6E7,0xE6E7E7E7,0xECECECEC,0xECEAEAE9,
	0xD5D5D4D5,0xD5D5D5D5,0xBFBDBDBD,0xBDBFBFBE,0xD0D0D0D0,0xD1D1D1D1,0xD4D4D3D8,0xD4D4D4D4,

	0xE4E4E4E4,0xE4E7E4E4,0xE8E8E7E7,0xE8E9E9E8,0xE6E6E4E7,0xE7E7E6E7,0xEBECEBEA,0xECECECEA,
	0xD5D5D5D5,0xD5D5D5D5,0xBFBEBDBD,0xC0BFBEBF,0xD0C7CED0,0xC9C8CBCA,0xD3C2D1D8,0xC8C8C8CE,
	0xE4E4E4E4,0xE4E4E4E4,0xE9ECE9E9,0xE9E9E9E9,0xE7E7E6E6,0xE7E6E7E7,0xE9EAECEC,0xECE9E9E9,
	0xD4D4D5D5,0xD4D4D4D4,0xBDBEBFBF,0xBDBDBDBD,0xC7C8C8C8,0xD0D0D0CF,0xC8C8C8C8,0xD3D3D4D3,
	0xE4E4E4E4,0xE4E4E4E4,0xE7E7E9E7,0xE8E7E7E7,0xE7E7E7E7,0xE6E7E4E7,0xE9EBEAE9,0xECE9E9E9,
	0xD5D5D5D4,0xD5D5D5D5,0xBFBEBFBF,0xBFC3BFBF,0xD1D0D0D0,0xC3C3C8D0,0xD3D4D4D3,0xD2D2D3D8,
	0xE4E4E4E3,0xE4E4E4E4,0xE9E9E8E8,0xE8E7E9E7,0xE7E6E6E7,0xE7E7E7E7,0xE9E9ECEC,0xE9E9E9E9,
	0xD4D5D5D5,0xD5D5D4D4,0xBFBFC3C0,0xBFC3C0BF,0xC2C3C3C3,0xC2C2C2C3,0xD2D2D2D2,0xD2D2D2D2,

	0xE3E4E4E4,0xE4E4E4E4,0xE9E9E7E9,0xEAEAEAE7,0xE6E7E7E7,0xE6E6E4E6,0xE8EAE9E9,0xECE9ECEB,
	0xD5D5D5D5,0xD5D5D5D5,0xBFC0C0BF,0xC0C3BEC2,0xC2C2C3C3,0xC3C3C2BF,0xD2D2D2D2,0xD2D2D2D2,
	0xE4E4E4E4,0xE3E4E4E4,0xEAECE9E8,0xE8E7E8E9,0xE7E7E7E6,0xE7E7E6E7,0xECECECEC,0xECECECEC,
	0xD5D5D4D5,0xD5D5D5D5,0xBFC2BFBF,0xBFBFBFC0,0xC2C2C2C2,0xCCC8C2C3,0xD2D2D2D2,0xBFCED2D2,
	0xE7E3E3E4,0xE7E7E7E7,0xE7E9E8E8,0xE7E7E7E7,0xE6E6E7E6,0xE7E6E6E7,0xE9EAECEC,0xECE9E9E9,
	0xD4D5D4D5,0xD5D5D5D5,0xBFBFBFBF,0xBFC0C0BF,0xCCCBCACA,0xCCCAC8CA,0xC2C6C2C2,0xC2C2C2C2,
	0xD1E8E6E7,0xC8C8CAC6,0xD1E9E7E6,0xC8C8C8C2,0xBED3E9E6,0xC8C8C8C8,0xC8BFD4EA,0xC8C8C8C8,
	0xC8C8C2D3,0xC8C8C8C8,0xC8C8C8C2,0xC8C8C8C8,0xC8C8C8CA,0xC8C8C8C8,0xC2C2C3C2,0xC2C2C2C2,

	0xC8C8C8C8,0xC2C2C2C2,0xC2C2C8C8,0xC2C2C2C2,0xC2C2C8C8,0xC6C2C2C2,0xC2C6C8C8,0xC6C2C2C2,
	0xC2C8C8C8,0xC2C2C2C2,0xC4C8C8C8,0xC2C2C2C3,0xC0C2C6C8,0xBEBDBEBF,0xD2D3CEC2,0xD2D2D2D2,
	0xD5D4D4D4,0xD8D8D4D8,0xE0E0DAD9,0xE0E0E0E0,0xCECECCC7,0xCECECECE,0xC8C8C8C8,0xCACBC8C8,
	0xC8C8C8C8,0xCAC8C8C8,0xC2C3C2C3,0xC3C3C3C6,0xD0D0D0D1,0xD0D0D1D0,0xD9D9D9D8,0xD9D9D9D9,
	0xD4D4D5D8,0xD8D8D4D4,0xE0E0E0E0,0xD1D1D8E0,0xCECECECE,0xC3C2CCCE,0xC6C8C8C8,0xC8CBC8C8,
	0xC8C8C8C8,0xC8C8C8C8,0xC2C3C3C2,0xC3C3C2C3,0xD0D0D0D0,0xD0D0CFCF,0xD5D4D4D8,0xD8D4D4D4,
	0xE0D4D4D4,0xE0E0E0E0,0xCFD1D0D1,0xCFCFCFD0,0xC3C2C6C6,0xC3C3C3C6,0xC8C7C7C8,0xC8C8C8C8,
	0xC8C8C8C8,0xC8C8C4C8,0xCCCECEC7,0xCECECECE,0xD8D8D8D1,0xD8D8D8D8,0xCCCECAD4,0xC7C7CCCC,

	0xE0E0E0E0,0xD2D3D3DA,0xD0CFCFCF,0xC3C3C2CF,0xC3C3C3C3,0xC8C8C8C6,0xC9C8C8C8,0xC8C8C8C8,
	0xC7C8C7C8,0xCCC7C8C8,0xD8D8D8D4,0xD9D8D8D8,0xCECFCECF,0xCFCFCFCE,0xC6C6C6C6,0xC6C6C7C6,
	0xD2D3D2D2,0xD2D2D2D2,0xC2C2C2C3,0xC2C6C2BF,0xCAC8CACA,0xC3CCCCCA,0xC2C2C2C2,0xD0BFC2C2,
	0xD8D4D3D3,0xDED3D4D8,0xD1D1D1D1,0xCFD1D1D1,0xC2C6C2C6,0xC3C3C3C6,0xC7C8C8C6,0xC6C6C8CA,
	0xD2D2D2D2,0xD2D3D3D3,0xBFC3C3C2,0xBFBFBEC2,0xC8C2C3C3,0xD0D0D0CC,0xCED2D2D2,0xD4D8D4CC,
	0xCED3D3D4,0xC2C3BFC4,0xC2BEBEC1,0xC8C8C3C2,0xC2C2C4C8,0xC8C4C2C2,0xBFC2C6C6,0xC6C2C2C3,
	0xC2C6C6CE,0xC8C8C6C2,0xC3C3C3C3,0xCCCAC3C3,0xD0D0D0D0,0xD8D2CED0,0xD4D5D8D8,0xC8C6D2D8,
	0xC2C2C2C2,0xC8C8C6C3,0xC8C8C8C8,0xC8C8C8C8,0xC3C8C8C8,0xC3C3C2C2,0xC6C6C3C6,0xCFD0D0CF,

	0xC8C8C8C8,0xC8C8C8C8,0xC8C8C8CA,0xC8C8C8C8,0xC8C8C8CC,0xCAC8C8C8,0xC8C8C8C8,0xC6C8C8C8,
	0xC8C8C8C8,0xC8C8C8C8,0xC3C2C2C8,0xC7C7C3C3,0xCFCECFC6,0xDAD4CFCF,0xDADADAD1,0xD9D9D8D9,
	0xC8C9C8C6,0xC4C6C6C4,0xCECECCCC,0xD8D9D9D0,0xD8D8D8D4,0xCED2DAD8,0xC8C8C8C2,0xC8C8C6C7,
	0xC8C4C3C3,0xC7C7C7C8,0xDAD3CECE,0xDADADADA,0xDADAD8D8,0xDAD9DADA,0xCCC7CACC,0xCCCCCCCC,
	0xC8C6C7C7,0xC7C6C6C8,0xD8D8D8D8,0xD9D9D9D9,0xCECECECE,0xCECECECE,0xC9C6C6C6,0xCBC6C8C8,
	0xC6C7C7C7,0xC9C8C7C7,0xDADADAD9,0xCCD1DADA,0xDADAD9D9,0xD9D9D9DA,0xCBCCC7CC,0xCECCCCCC,
	0xC7C8C8C6,0xC4BEBEC3,0xD8D8D9D9,0xCECECED4,0xD1CECECE,0xD9D8D9D9,0xC8C8C6C6,0xC7CAC8C7,
	0xC8C8C8C8,0xC6C8C9C8,0xCACCCECE,0xCCCAC7CC,0xDADAD9D9,0xDADADADA,0xDAD4CCCE,0xDADAD9D9,

	0xC6C8C8C8,0xC8C8CAC8,0xCECECECE,0xC3C3C3C7,0xD9D8D8D9,0xD0D0D0D9,0xCCCACACA,0xD8D8D8D3,
	0xC9C8C8C8,0xC2C2C6C3,0xC3C6C3C7,0xC3C3C6C3,0xCFD0CFD9,0xCFCFCFD0,0xD8D9D9D9,0xD9D9D9D9,
	0xBFBEC2C8,0xD2D2D2CC,0xC3C3C6C2,0xBEBEC2C8,0xD0D0D0D0,0xBEBEC2C2,0xD4D8D8D8,0xD2D2D1D2,
	0xC2C2C2C2,0xD3D2D2D2,0xBFBFC2C3,0xBDBDBDBD,0xCFCFCFCF,0xCFCFCFCF,0xD8D9D9D8,0xD8D8D8D8,
	0xC8C4D0D3,0xC8C8C8C8,0xC8C8C2BE,0xC8C8C8C8,0xC2C2C2BE,0xC8C8C8C8,0xC2C2C2D0,0xC8C8C8C8,
	0xC4C2C2D1,0xC8C8C8C8,0xBEBEBFBD,0xBFC2C2BE,0xCFCFCFCF,0xCFCFCFCF,0xD8D9D9D8,0xD8D5D8D8,
	0xC9C8C8C8,0xC8C8C8C8,0xCCC8C8C8,0xD8D8D9D8,0xCBC9C8C8,0xCECECECE,0xC2C2C0C8,0xC8C3BEBE,
	0xD3D4D8CF,0xC3D0D4D4,0xD0D1D0C7,0xC8CED1D1,0xBEBEBFCE,0xC8C4C3C3,0xC7CECED3,0xC6BFC6C6,

	0xC7C7C7C8,0xCAC4C8CA,0xD8D8D8D8,0xD8D8D9D9,0xCECECECE,0xCFCECECE,0xC6C6C6C6,0xC8C6C6C6,
	0xC8C8C8C8,0xC8C8C8C8,0xC8C8C8C8,0xC8C8C8C8,0xC8C8C8C8,0xC8C3C8C8,0xC6C6C6C2,0xC6C2C2C3,
	0xC7C7C7C7,0xCCC6C6C6,0xD9D9D8D8,0xD8D8D9D9,0xCECFCFCE,0xCECECECF,0xC6C6C7C6,0xC8C7C7C6,
	0xC7C7C8C8,0xC8C8CBC8,0xC8C8C8C8,0xC8C8C8C8,0xC8C8C8C8,0xC8C8C8C8,0xC2C6C6C2,0xC4C3C6C6,
	0xC8C9C8D1,0xC8C8C8C8,0xC8C8C8D0,0xD3C8C8C8,0xC8C8C8C6,0xCEC9C8C8,0xC8C8C8C8,0xC2C2C7C8,
	0xC8C8C8C8,0xD8D8D0C3,0xC8C8C8C8,0xD1D1CEC6,0xC8C8C8C8,0xBFBEC8C8,0xC6C6C6C4,0xCECFCCC4,
	0xD3CCC7C7,0xD4D4D8D8,0xD2D9D8D9,0xD0D0D1D0,0xC8CECECE,0xC3C3C3C3,0xC6BFC2BF,0xC3C2C2C2,
	0xD8D8D8D8,0xD3D4D8D8,0xD1D1D1D1,0xD0D1D1D1,0xC0BEBFBE,0xBEC3BFBE,0xD0D1D1CF,0xD1CFD1D0,

	0xD8D4D4D4,0xD2D2D3DA,0xD1D0D0D1,0xC2C2BFCF,0xC6C6C3C6,0xC8C8C8C2,0xC8CBC6C2,0xC8C8C8C8,
	0xC8C6D1D4,0xC8C8C8C8,0xC3C3CED0,0xC7CACCC6,0xCFCFCFCE,0xDADADAD1,0xDAD9D9D8,0xD9DAE0DA,
	0xD2D2D3D2,0xD2D2D2D2,0xC2C2BFC2,0xC2C2C2C2,0xC8C8C8C9,0xC8C8C8C8,0xC8C8C8C8,0xC8C8C8C8,
	0xC8C8C8C8,0xC8C8C8C8,0xCECECECB,0xCECECECE,0xD8D8D8DA,0xD9D8D9D9,0xC7C8C7D8,0xCBCCCCCC,
	0xCED3D2D2,0xC2C8C8C8,0xC8C2C2BF,0xC8C8C8C8,0xC8C8C8C8,0xC8C8C8C8,0xC8C8C8C8,0xC8C8C8C8,
	0xC8C6C8C8,0xC8C8C8C8,0xCECECECE,0xCECECECE,0xD8D8D9D8,0xD9D8D8D8,0xCCCCCCCC,0xCCCCCCCC,
	0xC2C3C3C2,0xC2C2C2C2,0xC8C8C8C8,0xC8C8C8C8,0xC8C8C8C8,0xC8C8C8C8,0xC8C8C8C8,0xC8C8C8C8,
	0xC8C8C8C8,0xC8C8C8C8,0xCECECECE,0xCECECECE,0xD9D9D9D9,0xD9D9D9D8,0xCCCCCCCC,0xCCCCCCCC,

	0xC3C8C8C2,0xC8C8C8C8,0xC8C8C8C8,0xC6C2C8C8,0xC8C8C8C8,0xD0CFC8C8,0xC8C8C8C8,0xD8D1C6C8,
	0xC8C8C8C8,0xBFC3C8C8,0xCECECECE,0xCECECECE,0xD8D8D8D8,0xD8D9D8D8,0xCCCCCCCA,0xC7CCCCCC,
	0xC8C9C8C8,0xC2BFC2C2,0xC3C3C2C2,0xC8C8C2C2,0xD0D0CFD0,0xC8C6CED0,0xD8D8D8D8,0xC4C2D2D8,
	0xBFBFBFBF,0xC8C8C3BF,0xCECECECE,0xCECECECE,0xD8D9D8D8,0xD9D9D9D9,0xCBCCCCC7,0xCCCCCCC7,
	0xBFC2C2C2,0xD2D2D2CC,0xC8C8C8CA,0xC2C3C2C8,0xC8C4CCCA,0xC8C8C8C8,0xC2C2CECE,0xC8C8C8C8,
	0xC3C3C2C3,0xC6C8C8C8,0xCECECECE,0xCECECECE,0xD8D9D9D9,0xD8D8D8D8,0xCCCCCBCB,0xC7CCCCCC,
	0xD2D2D2D2,0xD2D2D2D2,0xC2C2C2C2,0xC2C2C2C0,0xC8C8C8C8,0xC8C8C8CA,0xC8C8C8C8,0xC8C8C8C8,
	0xC8C8C8C3,0xC8C8C8C8,0xCECCCCCE,0xCCCCCCCC,0xDAE0E0D9,0xDAE0E0E0,0xD9D9DAD1,0xDADADADA,

	0xD3D2D2D2,0xD2D2D3D3,0xC3C2C2C2,0xC2C2C2C2,0xCBC8C8C8,0xC8C8C8C8,0xC8C8C8C8,0xC8C8C8C8,
	0xC7C8C8C8,0xC8C8CAC8,0xCCC7CCCA,0xC3C3C3C7,0xE0DAE0DA,0xCFCFCFD9,0xD9D9D9DA,0xD9D9D9D9,
	0xD3D2D2D2,0xD4D3D2D3,0xC2C2C2C2,0xD0CEBFC2,0xC8C8C8C8,0xC2C8C8C8,0xC8C8C8C8,0xC8C8C8C8,
	0xC8C8C8C8,0xC8C8C8C8,0xC3C3C3C3,0xC3C3C2C3,0xCFCFCFD0,0xD0CFCFCF,0xDAD8D9D9,0xE0E0DEDA,
	0xD3D0D5D4,0xD5D4D4D8,0xCFCED0D0,0xD1D1D1D0,0xC3C8C6C2,0xC3C3C2C3,0xBFC6C8C8,0xC2C2C2C2,
	0xD8D2C4CA,0xD8D8D8D8,0xD1CEC2C8,0xD0D0D0D0,0xCFCFCFD0,0xCFCECECE,0xE0E0E0E0,0xE0E0E0E0,
	0xD8D4D4D8,0xD8D8D4D4,0xD0D0D0D1,0xD0D1D0D0,0xC3C3C3C3,0xC6C3C3C4,0xC2C2C2C2,0xC2C2C2C2,
	0xD8D8D8D8,0xD8D8D8D8,0xCFD0D0D0,0xD0D0D0D0,0xCECFCFCF,0xCFCECFCF,0xE0E0E0E0,0xE0E0E0DF,

	0xD2D9DAD3,0xD2D2D2D2,0xC3C7D0D1,0xBFBEC2C2,0xC9C8C3C3,0xC8CACAC9,0xC2C2C2C2,0xBFC2C2C2,
	0xD8D8D8D8,0xD3D8D4D4,0xD1D0D0D0,0xCECFCFCF,0xCFCFCFCF,0xCCCCCECF,0xE0E0E0E0,0xDADFE0E0,
	0xFFFFFFFF,0xFFFFFFFF,0xFFFFFFFF,0xFFFFFFFF,0xFFFFFFFF,0xFFFFFFFF,0xFFFFFFFF,0xFFFFFFFF,
	0xFFFFFFFF,0xFFFFFFFF,0xFFFFFFFF,0xFFFFFFFF,0xFFFFFFFF,0xFFFFFFFF,0xFFFFFFFF,0xFFFFFFFF,
};

const unsigned short bg_bottomMap[1024] __attribute__((aligned(4))) __attribute__((visibility("hidden")))=
{
	0x0001,0x0002,0x0003,0x0004,0x0005,0x0006,0x0007,0x0008,
	0x0009,0x000A,0x000B,0x000C,0x000D,0x000E,0x000F,0x0010,
	0x0011,0x0012,0x0013,0x0014,0x0015,0x0016,0x0017,0x0018,
	0x0019,0x001A,0x001B,0x001C,0x001D,0x001E,0x001F,0x0020,
	0x0021,0x0022,0x0023,0x0024,0x0025,0x0026,0x0027,0x0028,
	0x0029,0x002A,0x002B,0x002C,0x002D,0x002E,0x002F,0x0030,
	0x0031,0x0032,0x0033,0x0034,0x0035,0x0036,0x0037,0x0038,
	0x0039,0x003A,0x003B,0x003C,0x003D,0x003E,0x003F,0x0040,

	0x0041,0x0042,0x0043,0x0044,0x0045,0x0046,0x0047,0x0048,
	0x0049,0x004A,0x004B,0x004C,0x004D,0x004E,0x004F,0x0050,
	0x0051,0x0052,0x0053,0x0054,0x0055,0x0056,0x0057,0x0058,
	0x0059,0x005A,0x005B,0x005C,0x005D,0x005E,0x005F,0x0060,
	0x0061,0x0062,0x0063,0x0064,0x0065,0x0066,0x0067,0x0068,
	0x0069,0x006A,0x006B,0x006C,0x006D,0x006E,0x006F,0x0070,
	0x0071,0x0072,0x0073,0x0074,0x0075,0x0076,0x0077,0x0078,
	0x0079,0x007A,0x007B,0x007C,0x007D,0x007E,0x007F,0x0080,

	0x0081,0x0082,0x0083,0x0084,0x0085,0x0086,0x0087,0x0088,
	0x0089,0x008A,0x008B,0x008C,0x008D,0x008E,0x008F,0x0090,
	0x0091,0x0092,0x0093,0x0094,0x0095,0x0096,0x0097,0x0098,
	0x0099,0x009A,0x009B,0x009C,0x009D,0x009E,0x009F,0x00A0,
	0x00A1,0x00A2,0x00A3,0x00A4,0x00A5,0x00A6,0x00A7,0x00A8,
	0x00A9,0x00AA,0x00AB,0x00AC,0x00AD,0x00AE,0x00AF,0x00B0,
	0x00B1,0x00B2,0x00B3,0x00B4,0x00B5,0x00B6,0x00B7,0x00B8,
	0x00B9,0x00BA,0x00BB,0x00BC,0x00BD,0x00BE,0x00BF,0x00C0,

	0x00C1,0x00C2,0x00C3,0x00C4,0x00C5,0x00C6,0x00C7,0x00C8,
	0x00C9,0x00CA,0x00CB,0x00CC,0x00CD,0x00CE,0x00CF,0x00D0,
	0x00D1,0x00D2,0x00D3,0x00D4,0x00D5,0x00D6,0x00D7,0x00D8,
	0x00D9,0x00DA,0x00DB,0x00DC,0x00DD,0x00DE,0x00DF,0x00E0,
	0x00E1,0x00E2,0x00E3,0x00E4,0x00E5,0x00E6,0x00E7,0x00E8,
	0x00E9,0x00EA,0x00EB,0x00EC,0x00ED,0x00EE,0x00EF,0x00F0,
	0x00F1,0x00F2,0x00F3,0x00F4,0x00F5,0x00F6,0x00F7,0x00F8,
	0x00F9,0x00FA,0x00FB,0x00FC,0x00FD,0x00FE,0x00FF,0x0100,

	0x0101,0x0102,0x0103,0x0104,0x0105,0x0106,0x0107,0x0108,
	0x0109,0x010A,0x010B,0x010C,0x010D,0x010E,0x010F,0x0110,
	0x0111,0x0112,0x0113,0x0114,0x0115,0x0116,0x0117,0x0118,
	0x0119,0x011A,0x011B,0x011C,0x011D,0x011E,0x011F,0x0120,
	0x0121,0x0122,0x0123,0x0124,0x0125,0x0126,0x0127,0x0128,
	0x0129,0x012A,0x012B,0x012C,0x012D,0x012E,0x012F,0x0130,
	0x0131,0x0132,0x0133,0x0134,0x0135,0x0136,0x0137,0x0138,
	0x0139,0x013A,0x013B,0x013C,0x013D,0x013E,0x013F,0x0140,

	0x0141,0x0142,0x0143,0x0144,0x0145,0x0146,0x0147,0x0148,
	0x0149,0x014A,0x014B,0x014C,0x014D,0x014E,0x014F,0x0150,
	0x0151,0x0152,0x0153,0x0154,0x0155,0x0156,0x0157,0x0158,
	0x0159,0x015A,0x015B,0x015C,0x015D,0x015E,0x015F,0x0160,
	0x0161,0x0162,0x0163,0x0164,0x0165,0x0166,0x0167,0x0168,
	0x0169,0x016A,0x016B,0x016C,0x016D,0x016E,0x016F,0x0170,
	0x0171,0x0172,0x0173,0x0174,0x0175,0x0176,0x0177,0x0178,
	0x0179,0x017A,0x017B,0x017C,0x017D,0x017E,0x017F,0x0180,

	0x0181,0x0182,0x0183,0x0184,0x0185,0x0186,0x0187,0x0188,
	0x0189,0x018A,0x018B,0x018C,0x018D,0x018E,0x018F,0x0190,
	0x0191,0x0192,0x0193,0x0194,0x0195,0x0196,0x0197,0x0198,
	0x0199,0x019A,0x019B,0x019C,0x019D,0x019E,0x019F,0x01A0,
	0x01A1,0x01A2,0x01A3,0x01A4,0x01A5,0x01A6,0x01A7,0x01A8,
	0x01A9,0x01AA,0x01AB,0x01AC,0x01AD,0x01AE,0x01AF,0x01B0,
	0x01B1,0x01B2,0x01B3,0x01B4,0x01B5,0x01B6,0x01B7,0x01B8,
	0x01B9,0x01BA,0x01BB,0x01BC,0x01BD,0x01BE,0x01BF,0x01C0,

	0x01C1,0x01C2,0x01C3,0x01C4,0x01C5,0x01C6,0x01C7,0x01C8,
	0x01C9,0x01CA,0x01CB,0x01CC,0x01CD,0x01CE,0x01CF,0x01D0,
	0x01D1,0x01D2,0x01D3,0x01D4,0x01D5,0x01D6,0x01D7,0x01D8,
	0x01D9,0x01DA,0x01DB,0x01DC,0x01DD,0x01DE,0x01DF,0x01E0,
	0x01E1,0x01E2,0x01E3,0x01E4,0x01E5,0x01E6,0x01E7,0x01E8,
	0x01E9,0x01EA,0x01EB,0x01EC,0x01ED,0x01EE,0x01EF,0x01F0,
	0x01F1,0x01F2,0x01F3,0x01F4,0x01F5,0x01F6,0x01F7,0x01F8,
	0x01F9,0x01FA,0x01FB,0x01FC,0x01FD,0x01FE,0x01FF,0x0200,

	0x0201,0x0202,0x0203,0x0204,0x0205,0x0206,0x0207,0x0208,
	0x0209,0x020A,0x020B,0x020C,0x020D,0x020E,0x020F,0x0210,
	0x0211,0x0212,0x0213,0x0214,0x0215,0x0216,0x0217,0x0218,
	0x0219,0x021A,0x021B,0x021C,0x021D,0x021E,0x021F,0x0220,
	0x0221,0x0222,0x0223,0x0224,0x0225,0x0226,0x0227,0x0228,
	0x0229,0x022A,0x022B,0x022C,0x022D,0x022E,0x022F,0x0230,
	0x0231,0x0232,0x0233,0x0234,0x0235,0x0236,0x0237,0x0238,
	0x0239,0x023A,0x023B,0x023C,0x023D,0x023E,0x023F,0x0240,

	0x0241,0x0242,0x0243,0x0244,0x0245,0x0246,0x0247,0x0248,
	0x0249,0x024A,0x024B,0x024C,0x024D,0x024E,0x024F,0x0250,
	0x0251,0x0252,0x0253,0x0254,0x0255,0x0256,0x0257,0x0258,
	0x0259,0x025A,0x025B,0x025C,0x025D,0x025E,0x025F,0x0260,
	0x0261,0x0262,0x0263,0x0264,0x0265,0x0266,0x0267,0x0268,
	0x0269,0x026A,0x026B,0x026C,0x026D,0x026E,0x026F,0x0270,
	0x0271,0x0272,0x0273,0x0274,0x0275,0x0276,0x0277,0x0278,
	0x0279,0x027A,0x027B,0x027C,0x027D,0x027E,0x027F,0x0280,

	0x0281,0x0282,0x0283,0x0284,0x0285,0x0286,0x0287,0x0288,
	0x0289,0x028A,0x028B,0x028C,0x028D,0x028E,0x028F,0x0290,
	0x0291,0x0292,0x0293,0x0294,0x0295,0x0296,0x0297,0x0298,
	0x0299,0x029A,0x029B,0x029C,0x029D,0x029E,0x029F,0x02A0,
	0x02A1,0x02A2,0x02A3,0x02A4,0x02A5,0x02A6,0x02A7,0x02A8,
	0x02A9,0x02AA,0x02AB,0x02AC,0x02AD,0x02AE,0x02AF,0x02B0,
	0x02B1,0x02B2,0x02B3,0x02B4,0x02B5,0x02B6,0x02B7,0x02B8,
	0x02B9,0x02BA,0x02BB,0x02BC,0x02BD,0x02BE,0x02BF,0x02C0,

	0x02C1,0x02C2,0x02C3,0x02C4,0x02C5,0x02C6,0x02C7,0x02C8,
	0x02C9,0x02CA,0x02CB,0x02CC,0x02CD,0x02CE,0x02CF,0x02D0,
	0x02D1,0x02D2,0x02D3,0x02D4,0x02D5,0x02D6,0x02D7,0x02D8,
	0x02D9,0x02DA,0x02DB,0x02DC,0x02DD,0x02DE,0x02DF,0x02E0,
	0x02E1,0x02E2,0x02E3,0x02E4,0x02E5,0x02E6,0x02E7,0x02E8,
	0x02E9,0x02EA,0x02EB,0x02EC,0x02ED,0x02EE,0x02EF,0x02F0,
	0x02F1,0x02F2,0x02F3,0x02F4,0x02F5,0x02F6,0x02F7,0x02F8,
	0x02F9,0x02FA,0x02FB,0x02FC,0x02FD,0x02FE,0x02FF,0x0300,

	0x0301,0x0301,0x0301,0x0301,0x0301,0x0301,0x0301,0x0301,
	0x0301,0x0301,0x0301,0x0301,0x0301,0x0301,0x0301,0x0301,
	0x0301,0x0301,0x0301,0x0301,0x0301,0x0301,0x0301,0x0301,
	0x0301,0x0301,0x0301,0x0301,0x0301,0x0301,0x0301,0x0301,
	0x0301,0x0301,0x0301,0x0301,0x0301,0x0301,0x0301,0x0301,
	0x0301,0x0301,0x0301,0x0301,0x0301,0x0301,0x0301,0x0301,
	0x0301,0x0301,0x0301,0x0301,0x0301,0x0301,0x0301,0x0301,
	0x0301,0x0301,0x0301,0x0301,0x0301,0x0301,0x0301,0x0301,

	0x0301,0x0301,0x0301,0x0301,0x0301,0x0301,0x0301,0x0301,
	0x0301,0x0301,0x0301,0x0301,0x0301,0x0301,0x0301,0x0301,
	0x0301,0x0301,0x0301,0x0301,0x0301,0x0301,0x0301,0x0301,
	0x0301,0x0301,0x0301,0x0301,0x0301,0x0301,0x0301,0x0301,
	0x0301,0x0301,0x0301,0x0301,0x0301,0x0301,0x0301,0x0301,
	0x0301,0x0301,0x0301,0x0301,0x0301,0x0301,0x0301,0x0301,
	0x0301,0x0301,0x0301,0x0301,0x0301,0x0301,0x0301,0x0301,
	0x0301,0x0301,0x0301,0x0301,0x0301,0x0301,0x0301,0x0301,

	0x0301,0x0301,0x0301,0x0301,0x0301,0x0301,0x0301,0x0301,
	0x0301,0x0301,0x0301,0x0301,0x0301,0x0301,0x0301,0x0301,
	0x0301,0x0301,0x0301,0x0301,0x0301,0x0301,0x0301,0x0301,
	0x0301,0x0301,0x0301,0x0301,0x0301,0x0301,0x0301,0x0301,
	0x0301,0x0301,0x0301,0x0301,0x0301,0x0301,0x0301,0x0301,
	0x0301,0x0301,0x0301,0x0301,0x0301,0x0301,0x0301,0x0301,
	0x0301,0x0301,0x0301,0x0301,0x0301,0x0301,0x0301,0x0301,
	0x0301,0x0301,0x0301,0x0301,0x0301,0x0301,0x0301,0x0301,

	0x0301,0x0301,0x0301,0x0301,0x0301,0x0301,0x0301,0x0301,
	0x0301,0x0301,0x0301,0x0301,0x0301,0x0301,0x0301,0x0301,
	0x0301,0x0301,0x0301,0x0301,0x0301,0x0301,0x0301,0x0301,
	0x0301,0x0301,0x0301,0x0301,0x0301,0x0301,0x0301,0x0301,
	0x0301,0x0301,0x0301,0x0301,0x0301,0x0301,0x0301,0x0301,
	0x0301,0x0301,0x0301,0x0301,0x0301,0x0301,0x0301,0x0301,
	0x0301,0x0301,0x0301,0x0301,0x0301,0x0301,0x0301,0x0301,
	0x0301,0x0301,0x0301,0x0301,0x0301,0x0301,0x0301,0x0301,
};

const unsigned short bg_bottomPal[256] __attribute__((aligned(4))) __attribute__((visibility("hidden")))=
{
	0x7C1F,0x369C,0x327C,0x2E7B,0x2E5B,0x2E5B,0x2E5B,0x2A5B,
	0x2A3A,0x2A3A,0x2E39,0x2A19,0x2A19,0x2619,0x2619,0x2619,
	0x2619,0x2619,0x2618,0x25F9,0x2618,0x25F8,0x25F8,0x2A18,
	0x2E17,0x25F8,0x21F8,0x21F8,0x21F8,0x21F8,0x25F8,0x21F8,
	0x21F8,0x21F8,0x25F8,0x21F8,0x21F8,0x21F8,0x21F8,0x21F8,
	0x21F8,0x21F8,0x21F8,0x21F8,0x21F8,0x21F8,0x21F8,0x21F8,
	0x21F8,0x21F8,0x21F8,0x21F8,0x21F7,0x21F8,0x21F8,0x21F8,
	0x21F8,0x21F7,0x21F8,0x21F7,0x21D7,0x21D7,0x21D7,0x21D7,

	0x21D7,0x21D7,0x21D7,0x21D6,0x25D6,0x21D6,0x25D5,0x1DB6,
	0x1DB6,0x1DB6,0x1DB6,0x1D96,0x1DB5,0x21B5,0x1D95,0x1D95,
	0x1D95,0x1974,0x1D94,0x1D74,0x1974,0x1974,0x1973,0x25B1,
	0x1D92,0x1973,0x1D72,0x1953,0x1952,0x1951,0x1D4F,0x1552,
	0x1952,0x1952,0x1932,0x1951,0x1931,0x1950,0x1532,0x1531,
	0x1531,0x1531,0x1531,0x1531,0x1511,0x1511,0x1510,0x1530,
	0x1510,0x1510,0x1510,0x1510,0x190E,0x1510,0x150F,0x150F,
	0x150F,0x150F,0x14EF,0x14EF,0x150F,0x14EE,0x14EE,0x10EE,

	0x10ED,0x150C,0x14EC,0x14EC,0x14EB,0x14EC,0x14EC,0x10EC,
	0x10EC,0x10EB,0x10EB,0x10EC,0x10EB,0x10EB,0x10EB,0x14EB,
	0x14EB,0x10EB,0x10EB,0x10EB,0x10EB,0x10EB,0x10EB,0x10EB,
	0x10EB,0x10EB,0x10CD,0x10CD,0x10CD,0x10CC,0x10CC,0x10CB,
	0x10CB,0x10CB,0x10CB,0x10CB,0x10CB,0x10CB,0x10CB,0x10CB,
	0x10CB,0x10CB,0x10CA,0x10CA,0x10CA,0x10AC,0x10CA,0x10CA,
	0x10AA,0x10A9,0x10A9,0x10A9,0x0CA9,0x10AB,0x10AB,0x10AA,
	0x0CA9,0x108A,0x108A,0x0C8A,0x0C8A,0x10A9,0x10A9,0x10A9,

	0x0CA9,0x10A8,0x10A8,0x0CA8,0x10A8,0x0CA9,0x10A8,0x10A8,
	0x0CA8,0x0CA8,0x0CA8,0x0CA8,0x0CA8,0x0C68,0x0CA8,0x0C88,
	0x0C88,0x0C87,0x0C87,0x0C87,0x0C87,0x0C87,0x0C87,0x0C67,
	0x0C87,0x0C67,0x0C66,0x0C65,0x0C68,0x0C67,0x0C66,0x0C66,
	0x0C66,0x0C46,0x0C65,0x0C65,0x0C65,0x0C45,0x0C65,0x0C45,
	0x0C45,0x0C45,0x0845,0x0C44,0x0C45,0x0C44,0x0844,0x0C44,
	0x0C43,0x1042,0x1041,0x1041,0x1041,0x1041,0x0823,0x0822,
	0x0822,0x1041,0x0821,0x0C21,0x0800,0x0800,0x0800,0x36BD,
};

//}}BLOCK(bg_bottom)
