
//{{BLOCK(bg_top)

//======================================================================
//
//	bg_top, 256x256@8, 
//	Transparent color : FF,00,FF
//	+ palette 240 entries, not compressed
//	+ 733 tiles (t|f reduced) not compressed
//	+ regular map (in SBBs), not compressed, 32x32 
//	Total size: 480 + 46912 + 2048 = 49440
//
//	Time-stamp: 2026-09-03, 21:02:06
//	Exported by Cearn's GBA Image Transmogrifier, v1.23.0
//	( http://www.coranac.com/projects/#grit )
//
//======================================================================

const unsigned int bg_topTiles[11728] __attribute__((aligned(4))) __attribute__((visibility("hidden")))=
{
	0x00000000,0x00000000,0x00000000,0x00000000,0x00000000,0x00000000,0x00000000,0x00000000,
	0x00000000,0x00000000,0x00000000,0x00000000,0x00000000,0x00000000,0x00000000,0x00000000,
	0xA4A4A4A4,0xA4A4A4A4,0xA4A4A4A4,0xA4A4A4A4,0xA4A4A4A4,0xA4A4A4A4,0xA4A4A4BC,0xA4A4A4A4,
	0xA4A4BC42,0xA4A4A4A4,0xA4BC4242,0xA4BCA4A4,0xBCBC4242,0xBCBCA4A4,0xBCBCBCBC,0x42BCBCBC,
	0x07A4A4A4,0x40404040,0xBCA4A4A4,0x40403F07,0xBCA4A4A4,0x403F42BD,0xBCA4A4A4,0x3F7A7A10,
	0xBCA4A4A4,0x7A7A7A42,0xA4A4A4A4,0x7A7A10BC,0xA4A4A4A4,0x7A42BCA4,0xA4A4A4BC,0xBCA4A4A4,
	0x3F404040,0xACACACAC,0x40404040,0xBFBFACAC,0x40404040,0x40408EBF,0x40404040,0x3F404040,
	0x4040408E,0xBD07BF40,0x3FBF3FBD,0x7ABD7A8E,0x427A7A7A,0x7A7A1042,0x42BCBCBC,0x427A7A10,

	0x4040BFAC,0x40404040,0x404040BF,0x40404040,0x40404040,0x40404040,0x3F3F3F3F,0x404040BF,
	0xBDBD42BD,0x40403F7A,0x7A107A7A,0x4007BDBD,0x7A42BC42,0x07BD7A7A,0xBCBCA4BC,0xBD7A1042,
	0x40404040,0x40BFAC8E,0x40404040,0xBFACAC40,0x40404040,0xBEBF4040,0x40404040,0x40404040,
	0x40404040,0xBF8EBF40,0x40404040,0x7AAC4040,0x40404040,0xACBF4040,0x4040403F,0xAC074040,
	0x40404040,0x0202021E,0x40404040,0x02021040,0x40404040,0x027B4040,0x404040BF,0x63404040,
	0x40404040,0x19404040,0x404040BE,0x40404040,0x4040BEAC,0x40404040,0x40BFACAC,0x40404040,
	0x1E1E4C13,0x029A1E1E,0x4C809A02,0x024C1E1E,0x9A020202,0x801E1E80,0x02029A02,0x1E1E8023,
	0x0202029A,0x1E1E1E23,0x029A024C,0x1E1E5602,0x029A027B,0x1E800202,0x029A027B,0x13020202,

	0x02020202,0x02020202,0x02020202,0x02020202,0x9A9A2323,0x029A239A,0x4C4C1E1E,0x561E1E4C,
	0x1E1E1E1E,0x1E1E1E1E,0x1E1E1E1E,0x1E1E1E1E,0x1E1E1E1E,0x1E4C561E,0x1E1E4C4C,0x1E561E1E,
	0x02020202,0x02020202,0x02020202,0x02020202,0x02020202,0x02020202,0x02020202,0x02020202,
	0x02020256,0x02020202,0x02029A1E,0x02020202,0x0202801E,0x02020202,0x02131E1E,0x02020202,
	0x02020202,0x02020202,0x02020202,0x02020202,0x02020202,0x9A9A0202,0x02020202,0x02020202,
	0x02020202,0x02020202,0x02020202,0x02020202,0x02020202,0x9A020202,0x02020202,0x02020202,
	0x02020202,0x02020202,0x02020202,0x02020202,0x02029A02,0x9A9A9A02,0x02020202,0x02020202,
	0x02020202,0x02020202,0x02020202,0x02020202,0x02020202,0x02029A02,0x02020202,0x02020202,

	0x02020202,0x02020202,0x02020202,0x02020202,0x02020202,0x02020202,0x02020202,0x02020202,
	0x02020202,0x02020202,0x02020202,0x02020202,0x02020202,0x02020202,0x02020202,0x02020202,
	0x02020202,0x9A020202,0x02020202,0x02020202,0x02020202,0x02020202,0x02020202,0x02020202,
	0x02020202,0x02020202,0x02020202,0x02020202,0x02020202,0x02020202,0x02020202,0x02020202,
	0x80029A02,0x40404040,0x56029A02,0x40404040,0x029A0202,0x40404063,0x02020202,0x40407A02,
	0x02020202,0x40407A9A,0x8EAC1302,0x404040BE,0x40401980,0x40404040,0x404040BE,0xACBE4040,
	0x40404040,0xACACBF40,0x40404040,0xACACACBF,0xBF404040,0x42ACACAC,0xACAC3F40,0x4342ACAC,
	0xACACACBF,0xA4BCACAC,0xACACACBF,0xA4A442AC,0x7ABF4040,0xBCBCA442,0xBCAC3FBE,0xBCBCBC43,

	0xA4BC42AC,0xA4A4A4A4,0xA4A4A442,0xA4A4A4A4,0xA4A4A4A4,0xA4A4A4A4,0xBCA4A4A4,0x43A4BCBC,
	0x42BCBCA4,0x61A4BCBC,0xBC4242BC,0xA4A443A4,0xA4BC4242,0xA443A443,0xA4A4BCBC,0x43A4A4A4,
	0x43A443A4,0xA4A4A461,0x61A4A443,0xA443A461,0x615643A4,0x434343A4,0xA4615661,0x56A4A443,
	0x43A44361,0x025643A4,0x43A4A4A4,0x02025661,0x568043A4,0x0202029A,0x02025661,0x02020202,
	0x5643A4A4,0x02020202,0x02565643,0x02020202,0x02020256,0x02020202,0x02020202,0x02020202,
	0x02020202,0x02020202,0x02020202,0x02020202,0x02020202,0x02020202,0x02020202,0x02020202,
	0x02020202,0x02020202,0x02020202,0x7A020202,0x02020202,0x4063029A,0x9A020202,0x40191302,
	0x9A020202,0x8E407B02,0x02020202,0xBF40BE9A,0x02020202,0xAC40AC9A,0x02020202,0xBE407A02,

	0x1E40BE7B,0x4040BE56,0x13634040,0x404040BE,0x8E237A40,0x40404040,0x19561EBE,0x40404040,
	0x40631E7A,0x40404040,0x407A6310,0x40404040,0x40BE2B2B,0x40404040,0x40BF7A2B,0x40404040,
	0x40404040,0x40404040,0x40404040,0x40404040,0x40404040,0x404040BF,0x3FBF4040,0x074040BF,
	0xBFACBF40,0x42074040,0x40BEAC40,0xBCBC0740,0x40BF7AAC,0xA4BCBC3F,0xBF8E7A07,0xA4A443BC,
	0x1007BF40,0xBF42BC10,0x107A0740,0x8EBCA4BC,0xA4424207,0xBF42A4A4,0xA4A4BC42,0x408E43A4,
	0xA4A4A4BC,0x400743A4,0xA4A4A4A4,0x0742BCA4,0xA4A4A4A4,0x43BC42BC,0xBCA4A4A4,0xA443BCBC,
	0x40BF078E,0x40404040,0x404040BF,0x073F4040,0xBF404040,0xBCBC073F,0x4207BF40,0xA4A4A4BC,
	0xBCBC42BF,0xBCBCA4A4,0xA4A4A4BC,0xBCBCA4A4,0xA4A4A4A4,0xBCA4A4A4,0xA4A4A4A4,0x074243A4,

	0xBCBCBCBC,0xBCBCBCBC,0xBCBCBC80,0xBCBCBCBC,0x42BC6123,0xBCBCBCBC,0x4A802323,0xBC424242,
	0x23232323,0xBC2B1E80,0x23232323,0x13232323,0x13232323,0x2B2B4A4A,0x23232323,0x4A1E1323,
	0xA4A4BCBC,0xA4A4A4A4,0xA4BCBCBC,0xA4A4A4A4,0xBCBCBCBC,0xA4A4A4A4,0xBCBCBCBC,0xBCBCBCBC,
	0xBC424242,0xBCBCBCBC,0xBC4A8080,0xBC424242,0x1356102B,0xBC4A4A1E,0x4A42422B,0x4A80801E,
	0xBCA4A4A4,0xBC10BD42,0xA4A4A4A4,0xA4BCBCBC,0xA4A4A4A4,0xA4A4A4A4,0xBCA4A4BC,0xA4A4A4BC,
	0xBCBCBCBC,0xBCBCBCBC,0xBCBCBCBC,0xBC42BCBC,0xBCBCBCBC,0xBCBCBCBC,0xBCBCBCBC,0xBCBCBCBC,
	0xA4A4A4A4,0xBD42BCBC,0xA4A4A4A4,0xBDBCBCA4,0xA4A4A4A4,0xBCA4A4A4,0xA4A4A4A4,0xA4A4A4A4,
	0xA4A4A4A4,0xA4A4A4A4,0xBCBCBCBC,0xA4A4A4A4,0x4242BCBC,0xA4BCBC42,0x1E4A42BC,0x42424A1E,

	0x4040407A,0xACACBF40,0x4040BF7A,0xACACACBF,0x40403FBD,0xACACACBF,0x4040BFAC,0x40BF4040,
	0x40408E42,0x07073F40,0x3F07BCA4,0xA4A4BC07,0xA44343A4,0x403F07A4,0xA4A4A4BC,0x42A443A4,
	0x40ACACAC,0x40404040,0x19ACACAC,0xAC404040,0x40BF4040,0x63404040,0x4040BFBF,0x198E4040,
	0xBF42A4BC,0x40404040,0xBC43A4BC,0x4040403F,0xA4BC3F40,0x40404042,0xBC073F8E,0x19400743,
	0x020223B3,0x02020202,0x02232FB2,0x02020202,0x132F2F2F,0x9A9A9A23,0x232FB2B3,0x23232323,
	0x1E638E40,0x137B107B,0xBF404040,0x7A404040,0x40404040,0x40404040,0x40BEBEBF,0x40404040,
	0x56239A02,0x1E1E1E4C,0x02020202,0x9A9A9A02,0x02020202,0x02020202,0x02020223,0x02020202,
	0x029A2323,0x029A2323,0x23232313,0x9A131313,0x23232363,0x23232323,0x2323231E,0x1E1E1323,

	0x801E1E1E,0x02020223,0x1E1E5623,0x0202131E,0x809A0202,0x024C1E1E,0x02020202,0x02139A02,
	0x02020202,0x02020202,0x02020202,0x02020202,0x0202029A,0x02020202,0x02232323,0x02020202,
	0x02020202,0x02020202,0x02020202,0x02020202,0x02020202,0x02020202,0x029A9A02,0x02020202,
	0x9A020202,0x0202029A,0x02020202,0x0223139A,0x02020202,0x9A9A9A02,0x02020202,0x02020202,
	0x02020202,0x02020202,0x02020202,0x02020202,0x02020202,0x02020202,0x02029A02,0x02020202,
	0x02020202,0x02020202,0x02020202,0x02020202,0x02020202,0x02020202,0x02020202,0x02020202,
	0x02020202,0x02020202,0x02020202,0x02020202,0x02020202,0x02020202,0x02020202,0x02020202,
	0x02020202,0x02020202,0x02020202,0x02020202,0x02020202,0x02020202,0x02020202,0x56239A9A,

	0x02020202,0x02020202,0x02020202,0x02020202,0x02020202,0x02020202,0x02020202,0x02020202,
	0x02020202,0x029A9A02,0x02020202,0x02020202,0x02020202,0x80561302,0x13808080,0x1E1E6380,
	0x02020202,0x02020202,0x02020202,0x02022323,0x02020202,0x239A9A9A,0x029A0202,0x2B2B8002,
	0x13020202,0x2B2B2B1E,0x2B1E139A,0x2B2B2B2B,0x2B101063,0x561E2B2B,0x13808080,0x02021313,
	0x02020202,0x13020202,0x02020202,0x231E1302,0x139A2323,0x02131E63,0x632B4A4A,0x02020280,
	0x9A1E2B2B,0x9A020202,0x029A1E2B,0x0202029A,0x02029A23,0x23020202,0x02020202,0x23029A02,
	0x02020202,0x02020202,0x02020202,0x80020202,0x9A020202,0x191E0202,0x02020202,0xBF40AC13,
	0x1E02029A,0x2BAC19BE,0xBD612302,0xBCA4BCBC,0x80618013,0x80616180,0x02020223,0x02020202,

	0x404040BE,0x2B2B7ABE,0x1940408E,0x2B2B2B2B,0x2B7A3F40,0x2B2B2B2B,0x2B2B2BAC,0x2B2B2B2B,
	0x2B2B2B2B,0x2B2B2BBC,0x61612BBC,0x80616156,0x029A5656,0x029A9A02,0x02020202,0x9A020202,
	0xBC2B2B2B,0x43A4BCBC,0x2B2B2B2B,0x56A4A4BC,0xBC2B2B2B,0x02566143,0x612B2B2B,0x02020256,
	0x0223612B,0x02020202,0x0202029A,0x02020202,0x02020202,0x02020202,0x02020202,0x02020202,
	0x43615680,0x9A614343,0x9A9A0202,0x02029A9A,0x02029A9A,0x02020202,0x02020202,0x02020202,
	0x02020202,0x02020202,0x02020202,0x02020202,0x02020202,0x02020202,0x02020202,0x02020202,
	0x02020202,0x02020202,0x02020202,0x02020202,0x02020202,0x02020202,0x02020202,0x02020202,
	0x02020202,0x02020202,0x02020202,0x02020202,0x02020202,0x02020202,0x02020202,0x23020202,

	0x02020202,0x02020202,0x02020202,0x02020202,0x02020202,0x02020202,0x02020202,0x02020202,
	0x02020202,0x02020202,0x02020202,0x10569A9A,0x23020202,0x5E5E1010,0x0B132323,0x108E8E7B,
	0x9A020202,0x40401E02,0x02020202,0x407A9A02,0x02020202,0xBE9A0202,0x02020202,0x13020202,
	0x02231323,0x23020202,0x13105E5E,0x8E132323,0x5E5E5E5E,0x40BE7B5E,0x7B7B7B7B,0xBF40408E,
	0x408EACAC,0xBF404040,0x40BFBF40,0xACBF4040,0x40404040,0xAC7ABF40,0x404040BE,0xBFAC7ABF,
	0x4040408E,0x40BF7AAC,0x40404040,0x4040BEAC,0x40404040,0xBF404040,0xBEBE3FBE,0xBC074040,
	0xAC7A7AAC,0xA4BC4207,0x4019AC7A,0x434307BF,0xBF4040BF,0x42424242,0xBF404040,0x4040BF8E,
	0x40404040,0x078EBF40,0x073FBF40,0x43BC4242,0xA4A4423F,0xA4A44343,0xBCA44343,0x4242BCBC,

	0x0742A4A4,0xBC070707,0x40400743,0xA442BF40,0x42BFBF07,0xA443BC42,0xA4BC428E,0xA4A4A4A4,
	0xA4A44343,0xA4A4A4A4,0xA4A4A4A4,0xA4A4A4A4,0xBCBCBCBC,0xBCBCBCBC,0xBCBCBCBC,0xBCBCBCBC,
	0xA4A4A4A4,0x073F07A4,0xA4A4A4A4,0xBC420742,0xA4A4A4A4,0x42BCBCBC,0xBCA4A4A4,0x2B42BCBC,
	0xBCBCBCA4,0x131042BC,0x42BCBCBC,0x23231E42,0x104242BC,0x80131313,0x23562BBC,0x1E4A4A80,
	0x23232323,0x23232323,0x23232323,0x23232323,0x23232323,0x23232323,0x23232323,0x23232323,
	0x23232323,0x23232323,0x2323231E,0x23232323,0x23231010,0x23232323,0x23236310,0x23562323,
	0xBC1E8013,0xBC424242,0x13232323,0xBCBCBC1E,0x23232323,0x61611323,0x23232323,0x23232323,
	0x23232323,0x23232323,0x23232323,0x23232323,0x23232323,0x23232323,0x23232323,0x23232323,

	0xBCBCBCBC,0xBCBCBCBC,0x42424242,0x4ABCBCBC,0x2B4A4A61,0xBC4242BC,0x23232323,0xBC618080,
	0x23232323,0x13232323,0x23232323,0x23232323,0x23232323,0x23232323,0x23232323,0x23232323,
	0x23134C2B,0x1E4C1323,0x23232380,0x23232323,0x2323134A,0x13232323,0x23132B42,0x80232323,
	0x132B4A80,0x13232323,0x13801323,0x23232323,0x23232323,0x23232323,0x23232323,0x23232323,
	0xA443BCBC,0xA4A4A4A4,0xA4BCBC80,0xBCBCBCA4,0xBCBCA461,0xBCBCBCBC,0xBCBCBCA4,0xBCBCBCBC,
	0xBCBCA461,0xBCBCBCBC,0xBCA46123,0xBCBCBCBC,0x61612323,0xBCA4A461,0x23232323,0x80131313,
	0x4242BCBC,0xAC07BCA4,0xBCBC4242,0xAC4243BC,0xBCBCBCBC,0x42BCBCBC,0xBCBCBCBC,0x074242BC,
	0x42BCBCBC,0x61614A42,0x802BBCBC,0x23231313,0x4ABC4242,0x23231380,0x2B2B2B4A,0x2323802B,

	0xBEACACAC,0x40404040,0x8EACACAC,0x40404040,0xACACAC7A,0xACACBF40,0xACAC1007,0xAC3F40BF,
	0xBC426161,0x3F40BF07,0xA4612323,0x070742A4,0x61232323,0xA4A4A4A4,0x13232323,0xA4A4BC61,
	0x1323B2AC,0xBE631323,0x23138E40,0xB2562323,0x1EBE40BE,0xB263B3B2,0x4040ACAC,0x40404040,
	0xBFACACAC,0x3FBE19BF,0x42ACACAC,0xAC42BCBC,0xA4A4BCBC,0xBCBCA4A4,0xBCA4A4A4,0x4A806161,
	0x23232F7B,0x23232323,0x23107AAC,0x23232323,0x23131EB2,0x23232323,0xB2104040,0x23232323,
	0x4040BF3F,0x23232363,0x40BFACAC,0x23231E40,0xBF7A7A42,0x131E1940,0x7AA4BCBC,0xACBF40AC,
	0x02020223,0x02020202,0x02022323,0x02020202,0x23232323,0x0202029A,0x23232323,0x23232323,
	0x23232323,0x23232323,0x23232323,0x23232323,0x23232323,0x23232323,0x23231363,0x23232323,

	0x02020202,0x02020202,0x02020202,0x02020202,0x02020202,0x02020202,0x23232323,0x23232323,
	0x23232323,0x23232323,0x23232323,0x23232323,0x23232323,0x23232323,0x23232323,0x23232323,
	0x02020202,0x02020202,0x02020202,0x02020202,0x02020202,0x02020202,0x23232323,0x0202029A,
	0x23232323,0x23232323,0x23232323,0x23232323,0x23232323,0x23232323,0x23232323,0x23232323,
	0x02020202,0x02020202,0x02020202,0x02020202,0x02020202,0x02020202,0x02020202,0x02020202,
	0x23232323,0x9A232323,0x23232323,0x23232323,0x23232323,0x23232323,0x23232323,0x23232323,
	0x02020202,0x02020202,0x02020202,0x02020202,0x02020202,0x02020202,0x23230202,0x23232323,
	0x23230202,0x23232323,0x23232323,0x23232323,0x23232323,0x23232323,0x23232323,0x23232323,

	0x02020202,0x02020202,0x02020202,0x02020202,0x02020202,0x9A9A0202,0x23232323,0x23232323,
	0x23232323,0x23232323,0x23232323,0x23232323,0x23232323,0x23232323,0x23232323,0x23232323,
	0x02020202,0x56131323,0x02020202,0x02020202,0x02020202,0x9A9A9A9A,0x23232323,0x23232323,
	0x23232323,0x23232323,0x23232323,0x23232323,0x23232323,0x23232323,0x23232323,0x23232323,
	0x80808080,0x02029A80,0x02020202,0x02020202,0x9A9A9A9A,0x029A9A9A,0x23232323,0x23232323,
	0x23232323,0x23232323,0x23232323,0x23232323,0x23232323,0x23232323,0x23232323,0x23232323,
	0x02020202,0x9A020202,0x23020202,0x23232323,0x23230202,0x23232323,0x23232323,0x23232323,
	0x23232323,0x23232323,0x23232323,0x23232323,0x23232323,0x23232323,0x23232323,0x23232323,

	0x23232302,0x02029A23,0x23232323,0x02020202,0x02020223,0x02020202,0x23232323,0x23232323,
	0x23232323,0x23232323,0x23232323,0x23232323,0x23232323,0x23232323,0x23232323,0x23232323,
	0x9A020202,0x029A9A9A,0x9A9A9A02,0x02029A9A,0x23232323,0x9A232323,0x23232323,0x23232323,
	0x23232323,0x23232323,0x23232323,0x23232323,0x23232323,0x23232323,0x23232323,0x23232323,
	0x02020202,0x02020202,0x02020202,0x02020202,0x02029A02,0x02020202,0x23232323,0x23232323,
	0x23232323,0x23232323,0x23232323,0x23232323,0x23232323,0x23232323,0x23232323,0x23232323,
	0x02020202,0x02020202,0x02020202,0x02020202,0x02029A02,0x23230202,0x23232323,0x23232323,
	0x23232323,0x23232323,0x23232323,0x23232323,0x23232323,0x23232323,0x23232323,0x23232323,

	0x23020202,0x23232323,0x23232302,0x23232323,0x23232323,0x23232323,0x23232323,0x2F232323,
	0x23232323,0x0B2F2323,0x23232323,0x0B10B2B2,0x102F2323,0x7B0B1010,0x10102F23,0xBE5E0B10,
	0x8E5EB223,0x40404019,0x40105E2F,0x40404040,0x4019105E,0x8EBF4040,0x4040100B,0xACAC1940,
	0x40408E5E,0x42ACACBE,0xBE40407B,0xA4BCACAC,0xACBE4019,0xA4A4A47A,0x42ACBF40,0x806143A4,
	0x1919BF40,0xACBEBF40,0x40404040,0xACACAC40,0xBF07ACAC,0xACACACBF,0xBC43A442,0xACBD4242,
	0x43A4A4A4,0xBCA4A443,0xA4A4A4A4,0xA4A4A4A4,0x61616161,0xA4A4BC61,0x56232323,0xA4A4BC80,
	0x19AC7AAC,0xA4430740,0x40BFACAC,0xA4A4438E,0xBF40BFAC,0xBCA4A4BC,0xBCBFBEAC,0x4AA4A4A4,
	0xA4BC4242,0x2361A4A4,0xA4A44343,0x23231361,0xA4A4A4A4,0x23232313,0x134AA4A4,0x23232323,

	0xBCBCBCA4,0xBCBCBCBC,0xBCBC42BC,0xBCBCBCBC,0x561310BC,0xBCBC42BC,0x4A232313,0x61614ABC,
	0x614A1323,0x23232313,0x23801323,0x23232323,0x23232323,0x23232323,0x23232323,0x23232323,
	0xBCBCBCBC,0xBCBCBCBC,0x424242BC,0xBC424242,0x4A4A4A2B,0x4A4A4A4A,0x23232313,0x23232323,
	0x23232323,0x23232323,0x23232323,0x23232323,0x23232323,0x23232323,0x23232323,0x23232323,
	0x4A804ABC,0x23134A42,0x2BBCBCBC,0x23232380,0x23804A4A,0x23232323,0x23232323,0x23232323,
	0x23232323,0x23232323,0x23232323,0x23232323,0x23232323,0x2F232323,0x1E132323,0xB2B3B3B3,
	0x23237B7B,0x7B101E23,0x631E7B7B,0x4040407A,0xAC7B7B7A,0x40404040,0x408E7AAC,0x40404040,
	0x4040BF40,0x40404040,0x40404040,0x40404040,0xACBF4040,0xBEACACAC,0xACAC1940,0x7A7A7AAC,

	0x13637B7B,0x23232323,0x19404040,0x232323B2,0x40404040,0x23237B40,0x40404040,0x237B4040,
	0x40404040,0xB2404040,0x40404040,0x0B404040,0x40404040,0x8E404040,0x404019AC,0xBF404040,
	0x23232323,0x23232323,0x23232323,0x23232323,0x23232323,0x23232323,0x23232323,0x23232323,
	0x23232323,0x23232323,0x232F2F2F,0x23131323,0x9090B22F,0x0B0BB790,0x40408EB3,0x0B90BE40,
	0x23232323,0x23232323,0x23232323,0x23232323,0x23232323,0x23232323,0x23232323,0x23232323,
	0x23232323,0x23232323,0x23232323,0x23232323,0x232313B2,0x23232323,0x2F78B7B7,0x23232323,
	0x23232323,0x23232323,0x23232323,0x23232323,0x23232323,0x23232323,0x23232323,0x23232323,
	0x23232323,0x23232323,0x23232323,0x23232323,0x23232323,0x23232323,0x23232323,0x23232323,

	0x23232323,0x80808023,0x23232323,0x23232323,0x23232323,0x23232323,0x23232323,0x23232323,
	0x23232323,0x23232323,0x23232323,0x23232323,0x23232323,0x23232323,0x23232323,0x23232323,
	0x80808080,0x23232323,0x23232323,0x23801323,0x23232323,0x80232323,0x23232323,0x23232323,
	0x23232323,0x23232323,0x23232323,0x23232323,0x23232323,0x23232323,0x13232323,0x2F2F2F2F,
	0x42424A80,0xBFBF07BC,0x4A801323,0x4C4ABC42,0xBC10104A,0x802B42BC,0x61132323,0x42BC4A61,
	0x23232323,0x1E802323,0x23232323,0x23232323,0x23232323,0x23232323,0x2F2F2F2F,0x2F2F2F2F,
	0x1E10ACBE,0x23232323,0xBE8E7A2B,0x23235610,0x7A1E2323,0x637AACAC,0x1380804A,0x63636323,
	0x131E1E1E,0x23132323,0x23232323,0x23132323,0x23232323,0x23232323,0x2F2F2F2F,0x2F2F2F2F,

	0x23232323,0x23232323,0x23232323,0x23232323,0x23231313,0x23232323,0x23131E1E,0xB24C1323,
	0x23232323,0x10631323,0x23232323,0x23232323,0x2F2F2F2F,0x2F2F2F2F,0x2F2F2F2F,0x2F2F2F2F,
	0x23232323,0x23232323,0x23232323,0x23232323,0xB2132323,0x23232313,0x40BEB2B2,0x637A8E19,
	0x3FBF8EAC,0xBF40BF3F,0x2B63B2B2,0x7A7A7A2B,0x2F2F2F2F,0xB2B2B22F,0x2F2F2F2F,0x2F2F2F2F,
	0x23232323,0x23232323,0x23232323,0x23232323,0x23232323,0x23232323,0x23235623,0x23232323,
	0x23B27B10,0x23232323,0x7BAC8EAC,0x2313B2B2,0x10B2B2B2,0x1010B310,0x2F2F2F2F,0x2F2F2F2F,
	0x23232323,0x23232323,0x23232323,0x23232323,0x23232323,0x23232323,0x23232323,0x23232323,
	0x23232323,0x23232323,0x23232323,0x23232323,0x231313B2,0x23232323,0x2F2F2F2F,0x23232323,

	0x23232323,0x23232323,0x23232323,0x23232323,0x23232323,0x23232323,0x23232323,0x23232323,
	0x23232323,0x23232323,0x23232323,0x23232323,0x23232323,0x2F2F2323,0xB2562323,0x56618E8E,
	0x23232323,0x23232323,0x23232323,0x23232323,0x23232323,0x23232323,0x23232323,0x23232323,
	0x23232323,0x2F2F1323,0x2F2F2F13,0x7B102FB2,0xB2B2B2B2,0xB2B22FB2,0x0D565656,0x23235656,
	0x23232323,0x23232323,0x23232323,0xB22F2323,0x23232323,0x7B10B213,0x2F232313,0xAC107B0B,
	0x8E7B0B2F,0x2B7AAC19,0x1E7A7B63,0x23131313,0x23232313,0x23232323,0x23232323,0x23232323,
	0xB2B210B2,0x40BE8E7B,0x8EBE7BB2,0xBF40BF19,0xBEBF19BE,0x427AACAC,0x4242ACAC,0x61612BBC,
	0x80806363,0x23231380,0x23232323,0x23232323,0x23232323,0x23232323,0x23232323,0x23232323,

	0xA442AC40,0x23231361,0x131042AC,0x23232313,0x2323564A,0x23232323,0x23232323,0x23232323,
	0x23232323,0x23232323,0x23232323,0x23232323,0x23232323,0x23232323,0x23232323,0x23232323,
	0x13232323,0xA4A4BC2B,0xBC802323,0x138061BC,0x802B1013,0x23232313,0x23136180,0x23232323,
	0x23232323,0x23232323,0x23232323,0x23232323,0x23232323,0x23232323,0x23232323,0x23232323,
	0x23136161,0x23232323,0x23232313,0x23232323,0x23232323,0x23232323,0x23232323,0x23232323,
	0x23232323,0x23232323,0x23232323,0x23232323,0x23232323,0x23232323,0x23232323,0x78B22323,
	0x23232323,0x23232323,0x23232323,0x23232323,0x23232323,0x23232323,0x23232323,0x23232323,
	0x23232323,0x2F232323,0x23232323,0xB2B22F23,0x2F2F2323,0xB2B2B22F,0xB37B5EB2,0x100B105E,

	0x23232323,0x23232323,0x23232323,0x2F232323,0x23232323,0xB22F2F23,0x2F131323,0x102F2FB2,
	0xB2B2B22F,0xBE7B7B0B,0x8EB2B2B2,0xBF8E40BF,0x40BEB32F,0x40404040,0x4040BE63,0xBF404040,
	0x40BEB223,0x8E404040,0x40401910,0x40404040,0x404040BE,0x40BFBF40,0x40404040,0xBEACACAC,
	0xBE404040,0xBEACACAC,0xACBF4040,0x40BFBEAC,0xBE404040,0x40404019,0x4040BFBF,0x198E4040,
	0xACACACBE,0xBEBEBEAC,0xBEACACAC,0x404040BF,0x40BEACAC,0x4040BF40,0xBCBCBD7A,0xACBCBCBC,
	0xA4BCA4BC,0xBCA4BCA4,0xBCBCBCBC,0xBCBCBCBC,0xBCBCBCBC,0xBCBCBCBC,0xBCBCA42B,0xBCBCBCBC,
	0xBFAC7AAC,0xBF404040,0x7AACBFBF,0x40404019,0xAC404040,0x404040AC,0xBF404040,0x404040BE,
	0x404019AC,0x40404040,0x408EBDBC,0x40404040,0xACBDBCBC,0x40404040,0x7ABCBCBC,0x40404040,

	0x40404040,0x908E4040,0x40404040,0xBE404040,0xACACACAC,0x404040BF,0x7AAC1940,0x4040BFAC,
	0xBE404040,0x4040AC7A,0x40404040,0x4040ACBE,0x40404040,0x4040BF40,0xBFBF4040,0xBEBE4040,
	0xB7B70B0B,0x2323232F,0x0B0B0B0B,0x2F2F2F0B,0x0B0B0B10,0x2F2F0B0B,0x0B0B0B10,0x2F78B70B,
	0x0B0B908E,0x780B0B0B,0x0B94BE40,0x0B0B0B0B,0xBE404040,0xBE7B0B90,0x40408E19,0x40408E40,
	0x23232323,0x23232323,0x2F2F2F2F,0x232F2F2F,0x2F2F2F2F,0x2F2F2F2F,0x2F2F2F2F,0x2F2F2F2F,
	0x78787878,0x2F2F2F2F,0xB7B7B7B7,0xB20B780B,0x0B0B0B8E,0x0B0B0B0B,0x0B101940,0x0B0B0B0B,
	0x23232323,0x23232323,0x23232323,0x23232323,0x2F2F2F2F,0x2F2F2F2F,0x2F2F2F2F,0x2F2F2F2F,
	0x2F2F2F2F,0x2F2F2F2F,0x2F2F2F2F,0x2F2F2F2F,0x0B0B0B0B,0x0B0B0B0B,0x0B0B0BB7,0x0B0BB70B,

	0x23232323,0x2F232323,0x23232323,0x2F2F2F23,0x2F2F2F2F,0x2F2F2F2F,0x2F2F2F2F,0x2F2F2F2F,
	0x2F2F2F2F,0x2F2F2F2F,0x2F2F2F2F,0x2F2F2F2F,0x0B0B0B0B,0xB20B0B0B,0x0B0B0B0B,0x0B0B0B0B,
	0x2F2F2F2F,0x2F2F2F2F,0x2F2F2F2F,0x2F2F2F2F,0x2F2F2F2F,0x2F2F2F2F,0x2F2F2F2F,0x2F2F2F2F,
	0x2F2F2F2F,0x2F2F2F2F,0x2F2F2F2F,0x2F2F2F2F,0x2F2F2F2F,0x2F2F2F2F,0x780B0B0B,0x2FB2B2B2,
	0x2F2F2F2F,0x2F2F2F2F,0x2F2F2F2F,0x2F2F2F2F,0x2F2F2F2F,0x2F2F2F2F,0x2F2F2F2F,0x2F2F2F2F,
	0x2F2F2F2F,0x2F2F2F2F,0x2F2F2F2F,0x2F2F2F2F,0x2F2F2F2F,0x2F2F2F2F,0x2F2F2F2F,0x2F2F2F2F,
	0x2F2F2F2F,0x23232F2F,0x2F2F2F2F,0x2F2F2F2F,0x2F2F2F2F,0x2F2F2F2F,0x2F2F2F2F,0x2F2F2F2F,
	0x2F2F2F2F,0x2F2F2F2F,0x2F2F2F2F,0x2F2F2F2F,0x2F2F2F2F,0x2F2F2F2F,0x2F2F2F2F,0x2F2F2F2F,

	0x23232323,0x23232323,0x2F2F2F2F,0x2F2F2F2F,0x2F2F2F2F,0x2F2F2F2F,0x2F2F2F2F,0x2F2F2F2F,
	0x2F2F2F2F,0x2F2F2F2F,0x2F2F2F2F,0x2F2F2F2F,0x2F2F2F2F,0x2F2F2F2F,0x2F2F2F2F,0x2F2F2F2F,
	0x23232323,0x23232323,0x2323232F,0x23232323,0x2F2F2F2F,0x2F2F2F2F,0x2F2F2F2F,0x2F2F2F4C,
	0x2F2F2F2F,0x2F2F2F0D,0x0D4C2F2F,0x2F4C0D2D,0x564C2F2F,0x2F2F5631,0x4C2F2F2F,0x2F2F2F31,
	0x23232323,0x23232323,0x23232323,0x23232323,0x2F2F2F2F,0x2F2F2F2F,0x2F2F2F2F,0x2F2F2F2F,
	0x2F2F2F2F,0x2F2F2F2F,0x2F2F2F2F,0x2F2F2F2F,0x2F2F2F2F,0x2F2F2F2F,0x2F2F2F2F,0x2F2F2F2F,
	0x23232323,0x23232323,0x23232323,0x2F2F2F2F,0x2F2F2F2F,0x2F2F2F2F,0x2F2F2F2F,0x2F2F2F2F,
	0x2F2F2F2F,0x2F2F2F2F,0x2F2F2F2F,0x2F2F2F2F,0x2F2F2F2F,0x2F2F2F2F,0x2F2F2F2F,0x2F2F2F2F,

	0x23232323,0x2F2F2F23,0x2F2F2F2F,0x2F2F2F2F,0x2F2F2F2F,0x2F2F2F2F,0x2F2F2F2F,0x2F2F2F2F,
	0x2F2F2F2F,0x2F2F2F2F,0x2F2F2F2F,0x2F2F2F2F,0x2F2F2F2F,0x2F2F2F2F,0x2F2F2F2F,0x2F2F2F2F,
	0x2F2F2F2F,0x2F2F2F2F,0x2F2F2F2F,0x2F2F2F2F,0x2F2F2F2F,0x2F2F2F2F,0x2F2F2F2F,0x2F2F2F2F,
	0x56564C2F,0x2F2F2F2F,0x9D2D564C,0x2F2F2F2F,0x0D0A4C2F,0x2F2F2F4C,0x5625782F,0x2F2F2F4C,
	0x23232F2F,0x23232323,0x2F2F2F2F,0x23232323,0x2F2F2F2F,0x2F2F2F2F,0x2F2F2F2F,0x2F2F2F2F,
	0x2F2F2F2F,0x2F2F2F2F,0x2F2F2F2F,0x2F2F2F2F,0x2F2F2F2F,0x2F2F2F2F,0x2F2F2F2F,0x052F2F2F,
	0x23232323,0x13232323,0x23232323,0x8E562323,0x2F2F2F2F,0x8E8E562F,0x2F2F2F2F,0x8E8E8E61,
	0x612F2F2F,0x61A410AC,0xBD054C2F,0x8E2061BD,0xBDBDA405,0x61BD2020,0x60204261,0xAD202037,

	0x8EA48E10,0xABA48E8E,0x8E8E8E8E,0x0D058E8E,0x8E8EBD8E,0x0D0D208E,0xBD8E8E61,0x05052020,
	0x20428E8E,0xBD8EBD20,0x8EB0208E,0x8E8E8E8E,0x208EB020,0x8EAC208E,0x085120B0,0x61866B42,
	0xBCAB0D0D,0x1356828E,0x8E8E610D,0x0D0D2B8E,0x1010050D,0xAB0543BC,0x05050505,0x0D0D0505,
	0x05052020,0x0D050505,0x0543207A,0x05202005,0x2B10438E,0x20200543,0xA42B828E,0x200550A8,
	0x23232323,0x23232323,0x23232323,0x23232323,0x2323230D,0x2F232323,0x2F2F0D0D,0x2F2F2F2F,
	0x2F0D0D0D,0x2F2F2F4C,0x0D0D0D0D,0x2F2F2F56,0x050D0D05,0x560D0D0D,0x86828620,0x0D200582,
	0x23232323,0x23232323,0x23232323,0x2F2F2323,0x2F2F2F2F,0x2F2F2F2F,0x2F2F2F2F,0x2F2F2F2F,
	0x2F2F2F2F,0x2F2F2F2F,0x2F2F2F2F,0x2F2F2F2F,0x2F2F2F4C,0x2F2F2F2F,0x2F2F2F56,0x2F2F2F2F,

	0x23232323,0x23232323,0x2F2F2F2F,0x2F2F2F2F,0x2F2F2F2F,0x2F2F2F2F,0x2F2F2F2F,0x2F2F2F2F,
	0x2F2F2F2F,0x2F2F2F2F,0x2F2F2F2F,0x2F2F2F2F,0x2F2F2F2F,0xB22F2F2F,0xB2B278B2,0x0B0B0B0B,
	0x23232323,0x23232323,0x2F2F2F2F,0x2F2F2F2F,0xB22F2F2F,0xB77878B2,0xB7782F2F,0x0B0B0B0B,
	0x2F2F2F2F,0x2F2F2F2F,0x782F2F2F,0x0B0B7878,0x0B0B0B0B,0x19949090,0x940B0B0B,0xBF194040,
	0x2F232323,0xB7B70B0B,0xB70B782F,0xBE94B7B7,0xB7B79090,0x4040940B,0x945E7878,0xBF4040BE,
	0x40BE5E78,0xACBF4040,0x4040197B,0xACAC1940,0x40404040,0xACACAC40,0xBFBFBFBF,0x19ACACAC,
	0x40408E10,0x7A7AACBF,0x40404040,0xBEBE8E40,0x40404040,0x40404040,0xACACBE19,0x4040408E,
	0xBFBEAC7A,0x40404040,0x3F40BFAC,0xBEBEBEBE,0x7AAC4040,0xACAC7A7A,0xA4A44219,0xBDBCA4A4,

	0x404040BE,0xACACBF40,0x40404040,0xACACACBF,0xBF404040,0xACACACAC,0xAC404040,0xACACACAC,
	0xACACBEBF,0xACAC7AAC,0x7AACACAC,0x7ABDA4BC,0xBCBC7AAC,0xBCBCBCA4,0xBCBCBCBD,0xBCBCBCBC,
	0x4040BE7A,0x7ABDBE40,0xBF4040AC,0x7AA4BC42,0xBCBF4040,0xACBDBCA4,0xA44240BF,0xACACBCBC,
	0xBCBCACAC,0xBDBDBCBC,0xBCBCBC42,0xA4BCBCBC,0xBCBCBCA4,0xBCBCBCBC,0xBCBCBCBC,0xB3A4BCA4,
	0xA42BB30B,0xBCBCBCBC,0xB30BB70B,0xBCBCA42B,0x0B0B0BB7,0xBCA44A5E,0xBCBC2BB3,0xBCBC2B2B,
	0xA4A44A63,0xBCBCBCBC,0x2BB30BB7,0xBCBCBCBC,0x0BB70B0B,0xBC2BB35E,0x0B0B0B0B,0x5E0BB7B7,
	0xBCBCBCBC,0x404040BE,0xBCBCBCBC,0xACBEBEAC,0xBCBCBCBC,0xA4BCBCBC,0xBCBCBCBC,0xBCA4A4A4,
	0xBCBCBCBC,0xBCBCBCBC,0xBCBCBCBC,0xBCBCBCA4,0xBCBCBCA4,0xBCBCBCBC,0xA4A42B4A,0xBCA4BCBC,

	0xBCBC07BF,0x7ABF40AC,0xBCBCA4BC,0xBF404243,0xBCBCBCA4,0x4010A4BC,0xBCBCBCBC,0xBDA4BCBC,
	0xBCBCBCBC,0xA4BCA4BC,0xA4BCBCBC,0xA42BB32B,0x5E63A4A4,0xB30BB75E,0xB70B634A,0xB70B0B0B,
	0x4040BE7A,0x40404040,0x40BF2BBC,0x19BEAC19,0x40424307,0xACACAC40,0x8EA4BCBD,0xBDBCBC19,
	0xBCBCBCA4,0xA4A4BC7A,0xA4A4A4BC,0x2BBCBCA4,0x4AB35E5E,0x2BBCA4BC,0x0BB70B0B,0xA42B4AB3,
	0x94404040,0x0B0B0B0B,0x19404040,0x0B0B0B10,0x40404019,0x10BEBE40,0x4040BF7A,0x40404040,
	0x193F42A4,0x3F3F19BE,0xBCBCA44A,0xBCBCBCBC,0xB35E5E5E,0xBCBC4A4A,0xB7B34ABC,0xB35EB7B7,
	0x0B0B0B0B,0x0B0B0B0B,0x0B0B0B0B,0x0B0B0B0B,0x0B0B0B94,0x0B0B0B0B,0x0B908E40,0x0B0B0B0B,
	0x8E404040,0x0B0B0B94,0x40BF0710,0x7B10BE40,0x2B2BBCA4,0x8E108E42,0x0B0BB3B3,0x2B6363B3,

	0x0B0B0B0B,0x0B0B0B0B,0x0B0B0B0B,0x0B0B0B0B,0x0B0B0B0B,0x0B0B0B0B,0x0B0B0B0B,0x0B0B0B0B,
	0x0B0B0B0B,0x0B0B0B0B,0x947B9494,0x0B0B0B90,0x8EBF8E8E,0x8E8E8E8E,0x102B2B4A,0x7AAC077A,
	0x0B0B0B0B,0x0BB70BB7,0x0B0B0B0B,0x0B0B0B0B,0x0B0B0B0B,0x0B0B0B0B,0x0B0B0B0B,0x0B0B0B0B,
	0x0B0B0B0B,0x0B0B0B0B,0x0B0B0B0B,0x0B0B0B0B,0x5E8E1919,0x0B5E5E5E,0x10101010,0xBE19BE10,
	0x78787878,0x78787878,0x0B0B0BB7,0xB7B7B7B7,0x0B0B0B0B,0x0B0B0B0B,0x0B0B0B0B,0x0B0B0B0B,
	0x0B0B0B0B,0x0B0B0B0B,0x0B0B0B0B,0x0B0B0B0B,0x0B0B0B0B,0x0B0B0B0B,0x0B0B9094,0x0B0B0B0B,
	0x78787878,0x78787878,0xB7B7B7B7,0xB7B7B7B7,0x0B0B0B0B,0x0B0B0B0B,0x0B0B0B0B,0x0B0B0B0B,
	0x0B0B0B0B,0x0B0B0B0B,0x0B0B0B0B,0x0B0B0B0B,0x0B0B0B0B,0x0B0B0B0B,0x0B0B0B0B,0x0B0B0B0B,

	0x78787878,0x78787878,0x0B0BB70B,0xB7B70B0B,0x0B0B0B0B,0x0B0B0B0B,0x0B0B0B0B,0x0B0B0B0B,
	0x0B0B0B0B,0x0B0B0B0B,0x0B0B0B0B,0x0B0B0B0B,0x0B0B0B0B,0x0B0B0B0B,0x0B0B0B0B,0x0B0B0B0B,
	0x2F2F7878,0x2F2F2F2F,0x780BB70B,0x78787878,0xB7B70B0B,0xB7B7B7B7,0x0B0B0B0B,0x0B0B0B0B,
	0x0B0B0B0B,0x0B0B0B0B,0x0B0B0B0B,0x0B0B0B0B,0x0B0B0B0B,0x0B0B0B0B,0x0B0B0B0B,0x0B0B0B0B,
	0x2F2F2F2F,0x2F2F2F2F,0x78787878,0x78787878,0xB7B7B7B7,0xB7B7B7B7,0x0B0B0B0B,0x0B0B0B0B,
	0x0B0B0B0B,0x0B0B0B0B,0x0B0B0B0B,0x0B0B0B0B,0x0B0B0B0B,0x0B0B0B0B,0x0B0B0B0B,0x0B0B0B0B,
	0x2F2F2F2F,0x2F2F2F2F,0x2F780B78,0x2F2FB2B2,0x0BB7B7B7,0x780B0B0B,0xB70B0B0B,0xB7B7B7B7,
	0x780B0B0B,0x78787878,0x0B0B0B0B,0x78780B0B,0x0B0B0B0B,0x0BB7B70B,0x0B0B0B0B,0xB70B0B0B,

	0x0D2F2F2F,0x2F4C569E,0x7E2F2F2F,0x2F780D7D,0xB456B778,0x0BB75CA2,0x3D20B7B7,0x9010396D,
	0x1A1A7878,0x4C0D2D35,0x668A560B,0x4C850F8A,0x1A3D9390,0x0D8B0F8A,0xB43DB44C,0x288B0F8A,
	0x2F2F2F2F,0x2F2F2F2F,0x2F2F2F2F,0x2F2F2F2F,0x0B0B0B0B,0x0B0B0B0B,0x0B0B0BB7,0x78780B0B,
	0x2F2FB278,0x2F2F2F2F,0x78787878,0x78787878,0xB7B70B90,0xB7B70BB7,0x0B0B0BB7,0x0B0B0B0B,
	0x2F2F2F2F,0x2F2F2F2F,0x2F2F2F2F,0x2F2F2F2F,0x0B0B0B0B,0x2F2F2F78,0x78780B78,0x2F2F2F2F,
	0x2F2F2F2F,0x2F2F2F2F,0x78787878,0x78787878,0x0B0BB7B7,0x0B0B0B0B,0x0B0B0B0B,0x0B0B0B0B,
	0x2F2F2F2F,0x2F2F2F2F,0x2F2F2F2F,0x2F2F2F2F,0x2F2F2F2F,0x2F2F2F2F,0x2F2F2F2F,0x2F2F2F2F,
	0x78782F2F,0x78787878,0xB7B70B78,0xB7B7B7B7,0x0B0B0B0B,0x1EB70B0B,0x0B0B0B0B,0x0DB70B0B,

	0x3C8FB22F,0x2F2F2F2F,0x399E564C,0x2F2F2F56,0x0F290D4C,0x2F2F4C0D,0x9E4F1A56,0x2F2F2F28,
	0x5F8A4F05,0x78784CA0,0x35352993,0x0B900D6A,0x1B663DB4,0x0BB75C2D,0x8A8A3D29,0xB7569139,
	0x2F2F2F2F,0x2F2F2F2F,0x2F2F2F2F,0x2F2F2F2F,0x2F2F2F2F,0x2F2F2F2F,0xB22F2F2F,0xB2B2B2B2,
	0xB70B7878,0xB7B70B0B,0x0B0BB7B7,0x430BB70B,0x0B0B0B0B,0x5B204AB7,0xB7B70B0B,0x5B5B0820,
	0x2F2F2F2F,0x20052F2F,0x2F2F2F2F,0x20208256,0x562F2F2F,0x51606060,0x60612F78,0x7C515137,
	0x604D2010,0x517CC47C,0x37604D08,0x4D515160,0x60376020,0x4D4D3751,0x51606020,0x7C885B60,
	0x60606020,0x60512020,0xAD206051,0x207C7C20,0x608888C4,0x60935160,0x7C7C8851,0x887C7C7C,
	0x7C7C3488,0x4D607C7C,0x7C51C44D,0x344D607C,0x7C7C7C51,0x934D4DC4,0x7C517C7C,0x65884D34,

	0x20517C20,0x7C6B7E20,0x60375193,0x6B656B7C,0x88606060,0x7E7E6B7E,0x22C4C44D,0x7E7E6B51,
	0x347C7C60,0x7E7E6B9C,0x937C9393,0x65686888,0x9386937C,0x6528605B,0x2086937C,0x3C283479,
	0x657C6542,0x82A8B668,0x516B6B65,0x28773C7C,0x6568657E,0x3C3C7C7C,0x28686565,0x287C7C65,
	0x28686565,0x7C7E6868,0x683C6565,0x683C6828,0x68657E65,0x657C6868,0x6B6B7E65,0x377E2868,
	0x86862020,0x050D6565,0x65606065,0x82656868,0x60652877,0x6577B67C,0x77B63C28,0x283C6565,
	0x68656828,0x777777B6,0x7C682865,0x20202093,0x65776868,0x50202020,0x2868686B,0x6B7E7E7E,
	0x787856A8,0x78787878,0x0B0DA80D,0xB70B0BB7,0x3C3C0D86,0x8E8E8E20,0x21506568,0xBFBFBF8E,
	0xBF192082,0xACACACBE,0xACAC8EBE,0x2082BC42,0xA886863C,0xB6B63C3C,0x686B7777,0x3C3CB628,

	0x0B0BB70B,0x94900B0B,0x0B0B0B0B,0x408EBE8E,0x19198E8E,0xACACBEBF,0xACBE40BF,0xA4BCBD7A,
	0xBCBD427A,0x4A2BA4BC,0xA443B305,0xB70BB3BC,0x0B9056B6,0x0B0B0B0B,0x0B56B6B6,0x0B0B0BB7,
	0x40BE9494,0x7AAC1940,0xBEBF4040,0xACACAC8E,0x2B42ACAC,0x7A107B7B,0x5E4A2BA4,0x5E5E0BB7,
	0x0BB75E63,0x0B0B0B0B,0x0B0B0BB7,0x0B0B0B0B,0x0B0B0B0B,0x0B0B0B0B,0x0B0B0B0B,0x0B0B0B0B,
	0xACACACAC,0x1919ACAC,0xACACACBE,0xBCBEBEAC,0x7A7A7AAC,0xBCA4BD7A,0xBCA42B7B,0x5E4A2BBC,
	0x63635E0B,0x0B0B0BB3,0xB7B70B0B,0x0B0B0BB7,0x0B0B0B0B,0x0B0B0B0B,0x0B0B0B0B,0x0B0B0B0B,
	0x4AA4A4A4,0xA4104A4A,0x0BB3BCA4,0xB35EB7B7,0x0BB7B32B,0x0BB70B0B,0x0B0BB70B,0x0B0B0B0B,
	0x0B0B0B0B,0x0B0B0B0B,0x0B0B0B0B,0x0B0B0B0B,0x0B0B0B0B,0x0B0B0B0B,0x0B0B0B0B,0x0B0B0B0B,

	0xA4A4A4A4,0xBCBC2B2B,0xB3B3B3B3,0xBCBCBC4A,0x2B4A6363,0xA4A4A4A4,0x4AB30B0B,0x4A2B2B4A,
	0xB7B70B0B,0xB70B0B0B,0x0B0B0B0B,0x0B0B0B0B,0x0B0B0B0B,0x0B0B0B0B,0x0B0B0B0B,0x0B0B0B0B,
	0xBCBCBCBC,0x0B4AA4BC,0xA4A4BCBC,0x0B0B4AA4,0x63BC2BBC,0x0B0B0B5E,0x0B0B0B0B,0x0B0B0BB7,
	0x0B0B0B0B,0x0B0B0B0B,0x0B0B0B0B,0x0B0B0B0B,0x0B0B0B0B,0x0B0B0B0B,0x0B0B0B0B,0x0B0B0B0B,
	0x0B0B0B0B,0x0B0B0B0B,0x0B0B0B0B,0x0B0B0B0B,0x0B0B0BB7,0x0B0B0B0B,0x90909030,0x0B0B0B90,
	0x84848484,0x90901084,0x84846E84,0x846E6E6E,0x6E6E6E6E,0x6E6E846E,0x6E6E8484,0x6E6E6E6E,
	0x5E5E0BB7,0x63635E5E,0xB7B70B0B,0xB7B7B7B7,0x0B0B0B0B,0x0B0B0B0B,0x0B0B0B0B,0x0B0B0B0B,
	0x0B0B0BB7,0x0B0B0B0B,0x90101084,0x0B0B0B0B,0x6E846E6E,0x0B903030,0x6E6E846E,0x306E6E6E,

	0x0B0B0B0B,0x0B0B0B0B,0x0B0B0B0B,0x0B0B0B0B,0x0B0B0B0B,0x0B0B0B0B,0x0B0B0B0B,0x0B0B0B0B,
	0x0B0B0B0B,0x0B0B0B0B,0x0B0B0B0B,0x0B0B0B0B,0x0B0B0B0B,0x0B0B0B0B,0x0B0BB790,0x0B0B0B0B,
	0x0B0B0B0B,0x4A5EB70B,0x0B0B0B0B,0xB70B0B0B,0x0B0B0B0B,0x0B0B0B0B,0x0B0B0B0B,0x0B0B0B0B,
	0x0B0B0B0B,0x0B0B0B0B,0x0B0B0B0B,0x0B0B0B0B,0x0B0B0B0B,0x0B0B0B0B,0x900B0B0B,0x90909090,
	0x4AA4A42B,0x0B0BB3B3,0x6363B30B,0xB363634A,0xB7B7B70B,0x0B0BB7B7,0x0B0B0B0B,0x0B0B0B0B,
	0x0B0B0B0B,0x0B0B0B0B,0x0B0B0B0B,0x0B0B0B0B,0x0B0B0B0B,0x0B0B0B0B,0x90909090,0x90909090,
	0x0B0B0B0B,0xB7B7B7B7,0x0B0B0B0B,0x0B0B0B0B,0x0B0B0B0B,0x0B0B0B0B,0x0B0B0B0B,0xB7B7B70B,
	0x0B0B0B0B,0xB3B3B30B,0x0B0B0B0B,0x6363B30B,0x0B0B0B0B,0xB7B7B7B7,0x90909090,0x0B0B0B0B,

	0x0B0BB7B7,0x0B0B0B0B,0x0B0B0B0B,0x0BB7B70B,0x0B0B0B0B,0x0B0B0B0B,0x0BB7B7B7,0x10105E0B,
	0xB3B3B3B3,0x1919BE2B,0xA4BC6363,0xBDBDBDBC,0xB30BB7B7,0x2B2B2B2B,0xB7B70B0B,0x0B0B5E0B,
	0x0B0B0B0B,0x8E940B0B,0x0B0B0B0B,0x0B0B0B0B,0x0B0B0B0B,0x0B0B0B0B,0x94101094,0x0B0B5E10,
	0x4040408E,0x9410BE40,0x8E07077A,0x403FAC8E,0x2B2B2B2B,0x2B2B2B2B,0x0B0B5E0B,0x0B0B0B0B,
	0x8EBEBE8E,0x10900B90,0x9494900B,0x94100B90,0x0B0B0B0B,0x0B0B0B0B,0x0B0B0B0B,0x0B0B0B0B,
	0x0B0B0B94,0x0B0B0B0B,0x1010BE40,0x10101010,0x7B7A7ABD,0x10108E10,0x0B0B0B0B,0x7B5E5E0B,
	0x0B0B0B0B,0x0B0B0B0B,0x0B0B0B0B,0x0B0B0B0B,0x0B0B0B0B,0x0B0B0B0B,0x0B0B0B0B,0x0B0B0B0B,
	0x0B0B0B0B,0x0B0B0B0B,0x0B909410,0x0B0B0B0B,0xBEBE8E10,0xB7909410,0x107B7B7B,0x10108E8E,

	0x0B0B0B0B,0x0B0B0B0B,0x0B0B0B0B,0x0B0B0B0B,0x0B0B0B0B,0x0B0B0B0B,0x0B0B0B0B,0x0B0B0B0B,
	0x0B0B0B0B,0x0B0B0B0B,0x0B0B0B0B,0x0B0B0B0B,0x0B0B0B0B,0x0B0B0B0B,0x900B0B0B,0x0B0B9010,
	0x0B0B0B0B,0x0B0B0B0B,0x0B0B0B0B,0x0B0B0B0B,0x0B0B0B0B,0x0B0B0B0B,0x0B0B0B0B,0x0B0B0B0B,
	0x0B0B0B0B,0x0B0B0B0B,0x0B0B0B0B,0x0B0B0B0B,0xB70B0B0B,0x0B0B0B0B,0x0B0B0B0B,0x0B0B0B0B,
	0x0B0B0B0B,0x0B0B0B0B,0x0B0B0B0B,0x0B0B0B0B,0x0B0B0B0B,0x0B0B0B0B,0x0B0B0B0B,0x0B0B0B0B,
	0x0B0B0B0B,0x0B0B0B0B,0x0B0B0B0B,0x0B0B0B0B,0x0B0B0B0B,0x0B0B0B0B,0x0B0B0B0B,0x0B0B0B0B,
	0x0B0B0B0B,0xB70B0B0B,0x0B0B0B0B,0xB7B70B0B,0x0B0B0B0B,0x0D90B70B,0x0B0B0B0B,0x399D10B7,
	0x0B0B0B0B,0x4E5920B7,0xB70B0B0B,0x6A4F8D0B,0xB70B0B0B,0x31B48A20,0x0BB70B0B,0x204D891A,

	0xB43D4F05,0x852D5FB4,0x353D3D20,0x8B4E351B,0x556D3DB4,0x8B399EB4,0x22891A4F,0x4E39B422,
	0x916C7989,0x62552135,0x6A3A3A89,0x3558211A,0x55AA8962,0x585522AA,0x22204D4D,0x22222020,
	0x0B0B0BB7,0x0B0B0B0B,0x0B0BB756,0x0B0B0B0B,0x0BB79054,0x0B0B0B0B,0xB71E0A6A,0x0B0B0B0B,
	0x900D2D14,0x0B0B0B0B,0x109B72B4,0x0B0B0BB7,0x568B6258,0x0B0B0BB7,0x0D8F2220,0x0B0B0BB7,
	0x0B0B0B0B,0x0DB70B0B,0x0B0B0B0B,0x460BB70B,0x0B0B0B0B,0x4F0D90B7,0x0B0B0B0B,0x1A4E3C0B,
	0xB70B0B0B,0x892D0FB3,0x0BB70B0B,0x1A0F4F20,0x4CB70B0B,0x6246B435,0x4CB70B0B,0x4D4D200A,
	0x1B8A3D3D,0x903C5735,0x149E1A3D,0x5E858B8A,0xB4B41A3D,0x0D110F8A,0x892C1A4F,0x538B5F1A,
	0x988F7989,0x9E558921,0x91460E79,0x8A1A8921,0x55898955,0x0F0F1B52,0x894D4D2C,0x2C262C89,

	0x2063B70B,0x085B5B5B,0x5B081090,0x60345B5B,0x5B5B22BC,0x4D376008,0x3408378F,0x345B8860,
	0x9C888F8B,0x5BB16F20,0x5B9C4EA2,0x085BB0B0,0xB1814E0F,0x20AD4D5B,0x3746202C,0x34AD884D,
	0x60C46060,0x4D60885B,0x5B886020,0x884D884D,0x4D793434,0x86884D88,0x8808B020,0x86934D20,
	0x8888085B,0x5B509320,0x4D263420,0xB0ADA860,0x604D88AD,0x34B086A8,0x3C884D26,0x602293A8,
	0x4D606565,0x6560264D,0x89342050,0x7C605160,0x88884D20,0x9322347E,0x9C88885B,0x7C4D2288,
	0x88347C22,0x3C342222,0x4D4D3460,0x3C65225B,0xB0884D34,0x3C3C6534,0x4D5B604D,0xA83C3C65,
	0x6F869393,0x683C0879,0x6F868686,0x777C79B1,0x6F503C65,0x28605B79,0x7965503C,0x689C8821,
	0x7960A83C,0x51374D79,0x5B263C3C,0x37374D79,0x794D7E3C,0x9C378888,0x5B228828,0x9C375168,

	0x6B68657E,0x51682868,0x686B7E68,0x68282868,0x687E6868,0x68682868,0x7E266828,0x68686828,
	0x9C512828,0x68686828,0x9C282868,0x68682851,0x9C28687E,0x68686888,0x5128687C,0x68285189,
	0x68686B51,0x7C7C7C7C,0x686B5137,0x7C7C7C3C,0x687C607E,0x7C7C6528,0x7C607E28,0x7C652828,
	0x606B2868,0x6828287E,0x6B686868,0x282868C4,0x687E2868,0x68286B6B,0x7E682868,0x68682868,
	0x68283C7C,0xB6B62868,0xB63C7C7C,0x28686B28,0x3C7C7C7C,0x6B68B677,0x7C7C7C7C,0x28B6687C,
	0x7C7C7C7C,0xB665607C,0x7C7C6568,0x604D607C,0x7C7E6828,0x4D607C7C,0x68286868,0x7C7C7C7C,
	0x0DB6B6B6,0x0BB79010,0xB63CB6B6,0x900B0D3C,0x3C3C3C68,0x0D3CB63C,0x68686B68,0xB6B63C3C,
	0x6B6828B6,0x3C286868,0x28772868,0x773C2877,0x28687E34,0xB677B628,0x6860B04D,0x28686868,

	0x0B0B0B0B,0x0B0B0B0B,0x0B0B0BB7,0x0B0B0B0B,0xB7B7B756,0x0B0B0B0B,0x4C4C0DB6,0xB7B790B7,
	0xB6B6B6B6,0x5661560D,0xB6B63CB6,0x60B07EB6,0x3C3CB6B6,0x2222087C,0x603CB677,0x22223460,
	0x0B0B0B0B,0x0B0B0B0B,0x0B0B0B0B,0x0B0B0B0B,0x0B0B0B0B,0x0B0B0B0B,0x0B0B0B0B,0x0B0B0B0B,
	0x0B0BB7B7,0x0B0B0B0B,0xB7B74CA8,0x0B0B0B0B,0x1E0D6588,0xB7B7B7B7,0x68262222,0x1E4C0D50,
	0x0B0B0B0B,0x0B0B0B0B,0x0B0B0B0B,0x0B0B0B0B,0x0B0B0B0B,0x0B0B0B0B,0x0B0B0B0B,0x0B0B0B0B,
	0x0B0B0B0B,0x0B0B0B0B,0x0B0B0B0B,0x90900B0B,0x0BB7B7B7,0x90900B0B,0x0B565610,0x90909090,
	0x0B0B0B0B,0x0B0B0B0B,0x0B0B0B0B,0x0B0B0B0B,0x0B0B0B0B,0x0B0B0B0B,0x0B0B0B0B,0x0B0B0B0B,
	0x0B0B0B0B,0x84303090,0x1010900B,0x106E6E84,0x9090B70B,0x90909090,0x30109090,0x6E303030,

	0x0B0B0B0B,0x0B0B0B0B,0x0B0B0B0B,0x0B0B0B0B,0x0B0B0B0B,0x0B0B0B0B,0xB7909090,0x3090B70B,
	0xB7903084,0x84848490,0x10909090,0x6E846E84,0x6E6E8430,0x6E6E846E,0x6E6E6E6E,0x6E6E6E6E,
	0x846E6E6E,0x6E6E6E6E,0x6E6E6E6E,0x6E6E6E84,0x846E6E6E,0x6E6E6E6E,0x6E6E6E6E,0x6E6E6E6E,
	0x6E6E846E,0x6E6E6E6E,0x6E6E6E6E,0x6E6E6E6E,0x6E6E6E6E,0x6E6E6E6E,0x6E6E6E6E,0x6E6E6E6E,
	0x6E6E6E6E,0x6E6E6E6E,0x6E6E6E6E,0x6E6E6E6E,0x6E6E6E6E,0x6E6E6E6E,0x6E6E6E6E,0x6E6E6E6E,
	0x6E6E6E6E,0x6E6E6E6E,0x6E6E6E6E,0x6E6E6E6E,0x6E6E6E6E,0x6E6E6E6E,0x6E6E6E6E,0x6E6E6E6E,
	0x9090306E,0x0BB79090,0x6E6E6E6E,0x3030846E,0x6E6E6E6E,0x6E6E6E6E,0x6E6E846E,0x6E846E6E,
	0x6E6E6E6E,0x846E6E6E,0x6E6E6E6E,0x6E6E6E6E,0x6E6E6E6E,0x6E6E6E6E,0x6E6E6E6E,0x6E6E6E6E,

	0x900B0B0B,0x84843090,0x0B903030,0x90900B0B,0x30846E6E,0x10303030,0x6E6E8484,0x6E6E6E6E,
	0x8484846E,0x6E6E6E84,0x6E6E6E6E,0x6E6E6E6E,0x6E6E6E6E,0x6E6E6E6E,0x6E6E6E6E,0x6E6E6E6E,
	0x6E6E8484,0x6E6E846E,0x6E6E6E30,0x6E6E6E6E,0x6E309090,0x846E6E6E,0x6E6E6E6E,0x6E6E6E6E,
	0x6E6E6E6E,0x6E6E6E6E,0x6E6E6E6E,0x6E6E6E6E,0x6E6E6E6E,0x6E6E6E6E,0x6E6E6E6E,0x6E6E846E,
	0x846E6E6E,0x90909090,0x6E6E6E6E,0x6E6E6E6E,0x6E846E6E,0x6E6E6E84,0x6E6E6E6E,0x6E6E6E6E,
	0x6E6E6E6E,0x6E6E6E6E,0x6E6E6E6E,0x6E6E6E6E,0x6E6E6E6E,0x6E6E6E6E,0x6E6E6E6E,0x6E6E6E6E,
	0x0B0B0B0B,0xB70B0B0B,0x10101010,0x0B901010,0x6E6E6E6E,0x30306E6E,0x6E6E6E6E,0x6E6E6E6E,
	0x6E6E6E6E,0x6E6E6E6E,0x6E6E6E6E,0x6E6E6E6E,0x6E6E6E6E,0x846E6E6E,0x6E6E6E6E,0x6E846E6E,

	0xB7B70BB7,0xB7B70BB7,0x0B0B0B0B,0x0B0B0B0B,0x0BB70BB7,0x0B0B0B0B,0x30303030,0x30303030,
	0x6E6E6E6E,0x6E6E6E6E,0x6E6E6E6E,0x6E6E6E6E,0x6E846E6E,0x6E6E6E6E,0x6E6E6E6E,0x6E6E6E6E,
	0x0B0B0BB7,0x0BB7B70B,0xB70B0B0B,0x0B0B0B0B,0x0B0B0B0B,0x0B0B0B0B,0xB7909010,0xB7B7B7B7,
	0x8484846E,0x84848484,0x6E6E6E6E,0x6E6E6E6E,0x6E6E6E6E,0x6E6E6E6E,0x6E6E6E6E,0x6E6E6E6E,
	0x0B0B0B0B,0x0B0B0B0B,0xB70BB7B7,0x0B0B0B0B,0x0B0B0B0B,0x30303090,0xB7B7B7B7,0x90909090,
	0x84848484,0x84843084,0x6E6E846E,0x6E6E6E6E,0x6E6E6E6E,0x6E6E6E6E,0x6E6E6E6E,0x6E6E6E84,
	0x0B0B0B0B,0x0B0B0B0B,0x0B0B0B0B,0x0B0B0B0B,0x30303030,0x30303030,0x90909090,0x6E6E6E90,
	0x84848484,0x6E6E6E84,0x6E6E6E6E,0x6E6E6E6E,0x6E6E6E6E,0x6E6E6E6E,0x6E6E6E6E,0x6E6E6E6E,

	0xB7B70B0B,0x0B0B0B0B,0x0B0B0B0B,0x0B0B0B0B,0x30303030,0x30303030,0x6E6E6E6E,0x6E6E6E6E,
	0x6E6E6E6E,0x84846E6E,0x6E6E6E6E,0x846E6E84,0x6E6E6E6E,0x6E6E6E6E,0x6E6E6E6E,0x6E6E6E6E,
	0x0B0B0B0B,0x0B0B0B0B,0x0B0B0B0B,0x0B0B0B0B,0x90303030,0x0B0BB70B,0x1030846E,0xB79090B7,
	0x90903084,0x6E309090,0x6E6E6E84,0x6E6E846E,0x6E6E6E6E,0x6E6E6E6E,0x6E6E6E6E,0x6E6E6E6E,
	0xB70B0B0B,0x5555350D,0xB70B0B0B,0x22222610,0xB70B0B0B,0x62224D10,0x909090B7,0x62B42C5E,
	0x846E8484,0x89792294,0x846E6E6E,0x225AB194,0x846E6E6E,0x2221B194,0x846E6E6E,0x526CB194,
	0x26262626,0x26262626,0x22222222,0x22222222,0x22222252,0x89222222,0x213A6C21,0x22216C21,
	0x4E58793A,0x793A2249,0x8B6A5B5A,0x3A5A4567,0x916A2679,0x0E798F67,0x918B4D21,0x79218E20,

	0x5C8B6255,0x0B0B0BB7,0x53A06222,0x0B0BB710,0xA0391B22,0x0B0B9061,0xA0463358,0x0B0BB710,
	0x5C0A9C79,0x90909010,0x1053265A,0x10846E84,0x10532621,0x34206E84,0x20531A6C,0x268834A1,
	0x0B0B0B0B,0x0B0B0B0B,0x0B0B0B0B,0xB7B70B0B,0xB70B0B0B,0x200BB7B7,0x0BB70B0B,0x883420B3,
	0x8D43B310,0x34882688,0x88268D75,0x60343488,0x34882626,0xA8938888,0x60888888,0x86A8A83C,
	0x93430BB7,0x5858460F,0x351A201E,0x890E2235,0x8F4D2688,0x310E0E62,0x53AD344D,0x62B46C58,
	0x5CAB8634,0x89225A58,0x6020A850,0x226C8E1A,0x884D203C,0x89218E55,0x3C868834,0x526C8E9C,
	0x62335858,0x58585833,0x2289224D,0x22222222,0x89222289,0x89222222,0xB1793A3A,0xAA212179,
	0x4E39203A,0x0E227946,0xA067266C,0x0E3A26A0,0x7D3E3379,0x79225891,0x292D3321,0x79792667,

	0x88493933,0x88888888,0x4D81494D,0x88888888,0x4D46460E,0x86888888,0x4D334EB4,0xA83C6088,
	0x4D58350E,0x503C3C60,0x86581B6C,0x3C3C50A8,0xA86B1B6C,0x3C3CA83C,0xA8771B21,0x3C3CB63C,
	0x50A8604D,0x7E884D50,0xA850A860,0x687E2286,0xA8A850A8,0x3C65B086,0xA83CA83C,0x3C683460,
	0x60AB3C3C,0x65287E26,0x26863C3C,0x51282851,0x269C5050,0x517E2868,0x26267C86,0x687E2868,
	0x6020224D,0x3C3C3C28,0x65C44D22,0x3C3C3CB6,0x2851514D,0x60B63CB6,0xB6775151,0x227CB6B6,
	0xB6B63C7C,0x7C4D7CB6,0xB63CB665,0x5151887E,0x65B6B628,0x515151C4,0x7C28B6B6,0xB67E7C7C,
	0x65B02268,0x9C37376B,0x7E60744D,0x9C37379C,0x9C7E6074,0x9C37379C,0x37515160,0x60373737,
	0x607C5151,0x7E9C379C,0x603C6551,0x777C9C9C,0x60602868,0x68519C37,0x51C46028,0x68689C9C,

	0x68686851,0x287E2626,0x6868687C,0x7E262637,0x6868287C,0x26262651,0x68686868,0x26262651,
	0x286828B6,0x26269C68,0x2868B62A,0x26263768,0x6868B6B6,0x261A3728,0x68772A28,0x26267E28,
	0x7E286868,0x68686851,0x68286828,0x687E5151,0x68282851,0x7C515151,0x28285126,0x5151C47E,
	0x6851269C,0x51517C68,0x684D9C6B,0x51515168,0x6834657E,0x51517E68,0x9C606851,0x51516868,
	0x68686868,0x7C656868,0x68686868,0x68286868,0x6868687E,0x28686868,0x286B7C7C,0x68682828,
	0x88885151,0x68286851,0x52265151,0x287E4DB0,0x9C892637,0x34B04D26,0x68264D9C,0xB04D4D26,
	0x4DB08851,0x3C68687C,0x4D607E7E,0x3C7C884D,0x60516828,0x60344D34,0x7C682868,0x4D888860,
	0x68686868,0x607C7C7C,0x68686828,0x28687E7E,0x93686860,0x2868687C,0x4D604D22,0x6868514D,

	0x3C3C3C3C,0x4D88607C,0x283C3C3C,0xC4656568,0x68686865,0x65282868,0x687E8888,0x51515168,
	0x9C606051,0x22228837,0x517E6828,0x889C379C,0x68286877,0x9C9C516B,0x6877B677,0xC4516868,
	0xB0222222,0x7C60604D,0x22224D88,0x22222222,0x4D88607C,0x22222222,0x224D937E,0x4DB02222,
	0x8860604D,0xC4606088,0x65604DB0,0x7E7E7C7C,0x4DB03460,0x6B515160,0x889C6060,0x519C884D,
	0x3C7E887C,0x6E6E8410,0x68607422,0x8484103C,0x7C604D22,0x10503C68,0x88605160,0x287768C4,
	0x6B687E7C,0x2868C451,0x687EC47C,0x6B7C7E28,0x7C517E68,0x7E682865,0x7E68687E,0x68687E7C,
	0x6E6E6E6E,0x6E6E6E6E,0x6E6E1084,0x6E6E6E6E,0x6E848410,0x6E6E6E6E,0x84101050,0x6E848484,
	0x50682828,0x846E1020,0x77686828,0x20507777,0x68686868,0x77286868,0x68686868,0x68686868,

	0x6E6E6E6E,0x6E6E6E6E,0x6E6E6E6E,0x6E6E6E6E,0x6E846E6E,0x6E6E6E6E,0x6E6E6E6E,0x6E6E6E6E,
	0x6E6E6E6E,0x6E6E6E6E,0x84848494,0x6E6E6E84,0x10200D3C,0x84846E6E,0x3C777728,0x1010203C,
	0x6E6E6E6E,0x6E6E6E6E,0x6E6E6E6E,0x6E6E6E6E,0x6E6E6E6E,0x6E6E6E6E,0x6E6E6E6E,0x6E6E6E6E,
	0x6E6E6E6E,0x6E6E6E6E,0x6E6E8484,0x6E6E6E6E,0x84849420,0x6E6E106E,0x20254559,0x6E848484,
	0x6E6E6E6E,0x6E6E846E,0x6E6E6E6E,0x6E6E6E6E,0x6E6E6E6E,0x6E6E6E6E,0x6E6E6E6E,0x6E6E6E6E,
	0x6E6E6E6E,0x6E6E6E6E,0x6E6E6E6E,0x6E6E6E6E,0x6E6E6E6E,0x6E6E6E6E,0x6E6E6E6E,0x6E6E6E6E,
	0x6E6E6E6E,0x6E6E6E6E,0x6E6E6E6E,0x6E846E6E,0x6E6E6E6E,0x6E6E6E6E,0x6E6E6E6E,0x6E6E6E6E,
	0x6E6E6E6E,0x6E6E6E6E,0x6E6E6E6E,0x6E6E6E6E,0x6E6E6E6E,0x6E6E6E6E,0x6E6E6E6E,0x6E6E6E6E,

	0x6E6E6E6E,0x6E6E6E6E,0x6E6E6E6E,0x6E6E6E6E,0x6E6E6E6E,0x6E6E6E6E,0x6E6E6E6E,0x6E6E6E6E,
	0x6E6E6E6E,0x846E6E6E,0x6E6E6E6E,0x6E846E84,0x6E6E6E6E,0x10846E6E,0x6E6E6E6E,0x20846E6E,
	0x6E6E6E6E,0x6E6E6E6E,0x6E6E6E6E,0x6E6E6E6E,0x6E6E6E6E,0x6E6E6E6E,0x6E6E6E6E,0x6E6E6E6E,
	0x6E6E6E84,0x6E6E6E6E,0x6E6E84BC,0x6E6E6E6E,0x6E6E840C,0x6E6E6E6E,0x1084209F,0x6E6E6E6E,
	0x6E6E6E6E,0x6E6E6E6E,0x846E6E6E,0x6E6E6E6E,0x6E6E6E6E,0x846E6E6E,0x6E6E6E6E,0x6E6E6E6E,
	0x84846E6E,0x846E6E6E,0x6E6E6E6E,0x6E84846E,0x6E6E6E6E,0x6E6E6E6E,0x6E6E6E6E,0x6E6E6E6E,
	0x6E6E6E6E,0x6E6E6E6E,0x6E6E6E6E,0x6E6E6E6E,0x846E6E6E,0x6E6E6E6E,0x6E6E6E6E,0x6E6E6E6E,
	0x6E6E6E6E,0x6E6E6E6E,0x6E6E6E6E,0x6E6E6E6E,0x6E6E6E6E,0x84846E6E,0x6E6E6E6E,0x05948484,

	0x6E6E6E6E,0x6E6E6E6E,0x84846E6E,0x6E6E6E6E,0x6E6E6E6E,0x6E6E6E6E,0x6E6E6E6E,0x6E6E6E6E,
	0x6E6E6E6E,0x6E6E6E6E,0x84848484,0x84846E6E,0x94050510,0x20946E84,0xABAB50AB,0x86200561,
	0x846E6E6E,0x526CB194,0x846E6E6E,0x526CB194,0x846E6E6E,0xAA21B194,0x84846E10,0x1A215B10,
	0x20948484,0x4D793A20,0x6586202B,0xB022221A,0x50868686,0x79220E2C,0x50862086,0xB4628A33,
	0x538B4D6C,0xA5217520,0x9D91896C,0x795A200D,0x2057896C,0xA55A7594,0x256A8921,0x79213425,
	0x21B1B022,0x2189211A,0x220E2279,0xAA22AA22,0x79227922,0x0E227922,0x5835628F,0x1B355835,
	0x5853586C,0x34348888,0x584E586C,0x8660884D,0x33395821,0x503C3C20,0x0A4E5879,0x7E3C3C3C,
	0x211A2126,0x2226221A,0x22B02222,0x22AA2222,0x22792222,0xAA0E2279,0x62353562,0x35623955,

	0xA8506088,0x4D863CA8,0x3C3C3C50,0x866086A8,0x50505050,0x0DA85050,0x657E653C,0x3C7E3C65,
	0x26B12226,0x26211A21,0x0E222222,0x22220E22,0x220E8974,0x22222279,0x621B35B4,0x8AB46255,
	0x3C3CA860,0x226C8E9C,0x3C503CA8,0x226C8E1A,0x3C50A8A8,0x226C8E58,0x7768686B,0x890E219C,
	0x89892279,0x4D8979B1,0x22222222,0x52AAAA22,0x795B5B79,0x0E22AA1A,0x89455362,0x62624E35,
	0x9F11336C,0x7921268B,0x921D1A6C,0x793A2C91,0xABA82621,0x793A26A0,0x5C5C1A3A,0x220E5553,
	0x585A4D21,0x21222221,0x22222222,0x52AA2222,0x79227952,0x0E897922,0x3335350F,0x62396249,
	0x3C77B421,0x3CA8B6B6,0x3C315821,0x653C3CB6,0x3C31585A,0x513C3C28,0x3C386221,0x5165283C,
	0x9B357955,0x517E683C,0x9B357452,0x607E283C,0x31620E22,0x7C7C683C,0x9B4E8F35,0x68606B3C,

	0x269C5193,0x77286868,0x7C515137,0x2A3C6868,0x65605151,0xB6B66868,0x28515151,0x28B62868,
	0x68777E51,0x28B6B668,0x28287751,0x2AB6B6B6,0xB6686828,0x682AB6B6,0x2AB66868,0x266B2A2A,
	0x656B282A,0x7EB6687C,0x28686BB6,0x2665B6B6,0x2AB66868,0x889C51B6,0x682AB63C,0x3726269C,
	0x2651B6B6,0x51122626,0x26266077,0x7E7E519C,0x9C262626,0x7E7E7E7E,0x7E519C26,0x267E7E7E,
	0x37687C60,0x37287E26,0x9C7E6888,0x9C6B6837,0x9C9C9C51,0x9C7E7768,0x51262637,0x26517728,
	0x659C9C26,0x9C9C6B28,0x68519C37,0x9C9C5128,0x28689C9C,0x9C9C2651,0x31286B26,0x9C9C9C12,
	0x28B62A51,0x7E682868,0x77B6B651,0x28286868,0xB6B62851,0x68686828,0xB63C2851,0x6868282A,
	0x6868B651,0x68282AB6,0x68772A51,0x282AB668,0x77B67E9C,0xB6B62868,0xB6519C9C,0x2A2868B6,

	0x9C7E7E7E,0x517E2851,0x517E7E7E,0x51512837,0x7E686828,0x377E6851,0x68282868,0x89516868,
	0x68686868,0x269C6B68,0x68686868,0x519C5168,0x28686828,0x5151516B,0x68286877,0x51515151,
	0x68514D26,0x4D4DB051,0x6B7E264D,0x4D9C4D88,0x6068514D,0x4D269C4D,0x4D516B9C,0x4D4D2626,
	0x26347E51,0x4DB04D9C,0x9C269C7E,0x7E4DB026,0x267E9C37,0x287E4DB0,0x26517E9C,0x6828514D,
	0x4DB04D4D,0x689C8989,0x26268989,0x26898989,0x687E2689,0xB089266B,0x51515189,0x4D897E68,
	0x51517E51,0x4D4D687E,0x51516B7E,0xB04D7E7E,0x517C6B28,0x891A9C68,0x687C7E28,0x9C9C9C7E,
	0xB6B62868,0x68686828,0xB6286868,0x686828B6,0xB628B651,0x6828B6B6,0x28777E4D,0x28B6B6B6,
	0x7C88B04D,0xB6B62A28,0x4D89894D,0x2AB67E88,0x9C9C9C26,0x7E348926,0x9C9C9C9C,0x89269C9C,

	0x379C5151,0x344D8837,0x517E6868,0x26265151,0x68282868,0x5151516B,0x68686868,0x9C9C3751,
	0x686868B6,0x7E517E68,0x6868282A,0x28286868,0x6828B6B6,0x68686868,0x772AB660,0x68686828,
	0x687EC488,0x68686868,0x51379C26,0x68682868,0x37515151,0x77287E37,0x5137379C,0x687E9C51,
	0x37515151,0x51515151,0x51686868,0x51513737,0x68286868,0x5151517E,0x28686868,0x51686828,
	0x68686868,0x68686868,0x68686868,0x68686868,0x68686868,0x68686868,0x6877B628,0x68686868,
	0xB6B6B668,0x68686828,0x2A287E51,0x2828B6B6,0x68519C37,0xB6B6B62A,0x609C5151,0xB62AB628,
	0x68686868,0x28286868,0x77772868,0x68682828,0xB6286868,0xB6B6B6B6,0x68686868,0x28282828,
	0x68686868,0x68686868,0x68686868,0x68686868,0x2828B6B6,0x68686868,0xB6B6B6B6,0xB6B6B6B6,

	0x59A2592D,0x84100D25,0x720F72B8,0x0C0F5959,0x9F0F6624,0x592D2D9F,0x72246672,0x0F724BB8,
	0x66667224,0x9F9F2472,0x66729F9F,0x9F247224,0x729F9F9F,0x9F727287,0x244B7287,0x24729F72,
	0x6E848484,0x6E6E6E6E,0x84100D20,0x6E6E6E84,0x5449592D,0x6E848410,0x27270F4E,0x94757E0F,
	0x2D2D0F4B,0x622D2772,0x4B727272,0x592D2D2D,0x72727272,0x4E9F7272,0x721B2D9F,0x9F729F9F,
	0x6E6E6E6E,0x6E6E6E6E,0x6E6E6E6E,0x6E6E6E6E,0x6E6E6E6E,0x846E846E,0x6E848484,0x6E6E6E6E,
	0x84942093,0x6E6E6E84,0x12354B59,0x84843020,0x59592D2D,0x2020459F,0x0F4B724B,0xA227592D,
	0x6E6E6E6E,0x6E6E6E6E,0x6E6E6E6E,0x6E6E6E6E,0x6E846E6E,0x6E6E6E6E,0x6E6E6E6E,0x6E6E6E6E,
	0x6E6E6E6E,0x6E6E6E6E,0x6E6E6E84,0x6E6E6E6E,0x6E848410,0x6E6E6E6E,0x1010BC46,0x10848484,

	0x6E6E6E6E,0x6E6E6E6E,0x6E6E6E6E,0x6E6E6E6E,0x6E6E6E6E,0x6E6E6E6E,0x6E6E6E6E,0x6E6E6E6E,
	0x6E6E6E6E,0x6E6E6E6E,0x6E6E6E6E,0x6E6E6E6E,0x6E6E6E6E,0x8484846E,0x6E6E6E6E,0x10101084,
	0x6E6E6E6E,0x6E6E6E6E,0x6E6E6E6E,0x6E6E6E6E,0x6E6E6E6E,0x6E6E6E6E,0x6E6E6E6E,0x6E6E6E6E,
	0x6E6E6E6E,0x6E6E6E6E,0x6E6E6E6E,0x6E6E6E6E,0x84848484,0x84848484,0x10101010,0x10101010,
	0x6E6E6E6E,0x6E6E6E6E,0x6E6E6E6E,0x6E6E6E6E,0x6E6E6E6E,0x6E6E6E6E,0x6E6E6E6E,0x6E6E6E6E,
	0x6E6E6E6E,0x6E6E6E6E,0x6E6E6E6E,0x6E6E6E6E,0x6E6E6E6E,0x6E6E6E6E,0x6E108484,0x6E6E6E6E,
	0x6E6E6E6E,0x34846E6E,0x6E6E6E6E,0x12846E6E,0x6E6E6E6E,0x4F10846E,0x6E6E6E6E,0x3D4F1084,
	0x846E6E84,0x3D3D4F10,0x10846E6E,0x72722772,0x10846E6E,0x58B46281,0x306E6E6E,0x216C2110,

	0x10842047,0x6E6E6E6E,0x84100A27,0x6E6E6E6E,0x84202D66,0x6E6E6E10,0x1053593D,0x6E6E6E84,
	0x8F2DB883,0x6E6E8494,0x2D2D729F,0x6E846E3B,0xA08F6262,0x9484208B,0x33896C6C,0x82208225,
	0x6E6E6E6E,0x6E6E6E6E,0x6E6E6E6E,0x6E6E6E6E,0x846E6E6E,0x6E6E6E6E,0x6E6E6E6E,0x8484846E,
	0x8484106E,0x10109484,0x10108484,0xAB502010,0x50824343,0x82822050,0x828220AB,0x82820D0D,
	0x6E6E6E6E,0x6E6E6E6E,0x6E6E6E6E,0x846E6E6E,0x8484846E,0x10848484,0x43949484,0x82056105,
	0x2082AB10,0x82202020,0x828220AB,0x0D828282,0xAB0DAB82,0x3C1FAB82,0x82828282,0x1F3C1FAB,
	0x84846E6E,0x20204394,0x05108484,0xAB822082,0xABAB0543,0x3C0DAB20,0x0DABAB86,0x0D1F1F1F,
	0x3C3CABAB,0xABAB1F3C,0x1F1F1F1F,0x3C3C1F1F,0x1F1F1F1F,0x3C3C3C3C,0x3C3C3C3C,0x8650A83C,

	0x1F3C0D82,0x208686A8,0x861F3C1F,0x86208620,0x2086AB1F,0x1FA85086,0x50202020,0x50A8A81F,
	0xA81F50AB,0xA8508686,0x2050A83C,0x3C3C1F50,0x502086A8,0x1F1F3C3C,0x3C1F5086,0x3C1F1F1F,
	0x1F505086,0x551A3577,0x1F3C3C50,0x6C5A2C3C,0x1F1F1F3C,0x5A40343C,0x1FA83C1F,0x79404D3C,
	0x1F3C3C3C,0x6222263C,0x3C3C3C3C,0x62586277,0x2A3C3C3C,0x5858B438,0xB6B6B63C,0x2222452A,
	0x55895555,0x55265589,0x223A5A5A,0x6C5A5A21,0x3A222021,0x6C213A22,0xB0793535,0x3A557922,
	0x3A217931,0x26B43A5A,0x22222226,0x62582222,0x62B4B458,0x1B58B462,0x22222222,0x0E2222AA,
	0x558B1426,0xAA896A62,0x5839896C,0x5858A035,0x496D6C6C,0x9898A04E,0x4E0F225A,0x8B036A6A,
	0x0F0F6A55,0x4E919E14,0x0F8B980F,0xA04E0F0F,0x9E356A46,0x4E910F14,0x4E4F0F55,0x148B6614,

	0x6262B462,0x8962B462,0x918B8B4E,0xB44E8B8B,0x91918B1C,0x8BA01C91,0x660F4E4E,0xA04E2D72,
	0x29669F72,0x72729E29,0x2966144E,0x4E9E9E66,0x29140F8B,0x4E0F0F8A,0x0F0F9F9F,0x66140F0F,
	0x74394E52,0x62628B35,0x89A0A058,0x3A220F35,0x492D4E98,0x6C0E6214,0x0F0F4E91,0x210E498B,
	0x14669F0F,0xB4452D14,0x72729E0F,0x498B6A4E,0x0F72A08B,0x62396A0F,0x8B6D0F4E,0xAA350F8A,
	0x35626262,0x62336262,0x5589A53A,0x3A212189,0x792C8921,0x6C790E22,0x4D226262,0x895822B0,
	0x79218935,0x58553A6C,0x22228955,0x35555289,0x8A628A8A,0x6235358A,0x89898989,0xAAAA5252,
	0x77A00F62,0x286B5128,0x3C9B556C,0xB6776868,0x3C38265A,0xB6B62828,0x3C38896C,0x2AB6B6B6,
	0x3C9BB489,0xB6B6B6B6,0xB6383555,0x6828B6B6,0xB638148A,0x7E6828B6,0x312A6252,0x68686868,

	0x2AB6B628,0x9C9C5168,0x68B6B6B6,0x7E7E129C,0x127E282A,0x7E7E7E7E,0x7E7E7E77,0x7E7E7E7E,
	0x7E7E7E7E,0x7E7E7E7E,0x7E7E7E7E,0x28687E7E,0x7E7E7E7E,0x2828287E,0x687E7E7E,0x28282828,
	0x7E7E7E51,0x269C7E7E,0x7E7E7E7E,0x68265168,0x28687E7E,0x68687E28,0x2828687E,0x7E682868,
	0x68282868,0x687E6828,0x28282828,0x28282828,0x68282828,0x68282828,0x28282828,0x7E7E6828,
	0x7E7E6868,0x9C9C517E,0x7E7E7E68,0x517E7E7E,0x687E7EBB,0x7E7E7E68,0x2868317E,0x7E7E6828,
	0x68682828,0x7E7E7E7E,0x7E7E6828,0x257E7E7E,0x7E7E7E7E,0x6B6B6B7E,0x687E7E7E,0x7E7E6B25,
	0x689C9C9C,0x2868B62A,0x379C9C51,0x28B62A77,0xB6519C7E,0xB6B6B6B6,0x2AB65151,0xB6B6B6B6,
	0xB6286B6B,0xB6B6B6B6,0x287E6B6B,0xB6B6B6B6,0x7E6B6B6B,0xB6B62A68,0xB66B6B6B,0xB62A7728,

	0x686828B6,0x51515151,0x6828B628,0x7E9C5168,0x68B62868,0x287E6B68,0xB62828B6,0x68686868,
	0x2828B6B6,0x7E2868B6,0x77B62AB6,0x51286828,0x2AB6B6B6,0x68286828,0xB6B6B6B6,0x2868772A,
	0x379C516B,0x68286851,0x519C9C68,0x6B682868,0x68519C7E,0x516B2828,0x287E9C9C,0x28516828,
	0x2868519C,0x6B687E68,0x68286851,0x9C7E6851,0x51682868,0x9C9C519C,0x9C516828,0x519C9C9C,
	0x6868517E,0x9C7E519C,0x51686851,0x517E7E51,0x51516868,0x7E7E7E7E,0x7E519C6B,0x7E7E7E7E,
	0x7E7E9C9C,0x7E7E7E7E,0x7E7E7E9C,0x687E7E7E,0x317E687E,0x687E7E9D,0x549D7E68,0x687E5454,
	0x9C9C9C9C,0x9C9C9C9C,0x9C9C9C9C,0x9C9C9C9C,0x9C9C5168,0x9C9C9C9C,0x9C9C6868,0x9C9C9C9C,
	0x9C516831,0x9C9C9C9C,0x517E6828,0x519C9C9C,0x7E7E6828,0x7E51517E,0x7E7E7E68,0x7E7E3154,

	0x2A288826,0x686868B6,0x6826269C,0x77B6B628,0x9C9C9C9C,0xB6286851,0x9C9C9C9C,0x7E7E519C,
	0x9C9C9C9C,0x7E7E9C9C,0x9C9C9C9C,0x519C9C9C,0x51515151,0x9C9C5151,0x7E7E7E7E,0x51517E7E,
	0x68686868,0x68286868,0x68686828,0x68686868,0x2828B6B6,0x68686868,0xB62AB668,0x2828B6B6,
	0xB6287E7E,0xB6B6B6B6,0x7E7E7E7E,0xB6B6B677,0x7E519C9C,0xB6B6317E,0x519C9C51,0x687E1251,
	0x51516868,0xB6685151,0x28286868,0x687E7E68,0x68686868,0x68282828,0x68686828,0x68686868,
	0x28B6B6B6,0x68682828,0xB6B6B6B6,0xB6B6B6B6,0xB6B6B6B6,0x312AB6B6,0xB6B6B628,0x66495C2A,
	0xB6B6B6B6,0xB6B6B6B6,0xB6B6B6B6,0xB6B6B6B6,0xB6B67728,0xB6B6B6B6,0x28286868,0x2AB62828,
	0x283C6868,0x8A969B77,0x8A9B77B6,0x3D767266,0x83663532,0x76838376,0xB83D7676,0x66767629,

	0x9F989898,0x9FB82D2D,0x67676703,0x8B2D9867,0x6791530A,0x98676767,0x25257E0A,0x92325C25,
	0x0A38A932,0x7E259D25,0x32530A71,0x5C383232,0x81452525,0x32380A25,0x81465112,0x46466262,
	0x66726666,0x4B9F9F0F,0x72247272,0x9F2472B8,0x8B599857,0x87726659,0x98670303,0x9F8B8B98,
	0x91A3189D,0x67671698,0x7E517E71,0x03A31871,0x38531832,0x257E7E5C,0x32180A46,0x18183832,
	0x9F9F4BB8,0x2D2D2D72,0x4B72B84B,0x724B729F,0x72B89F72,0x2472724B,0xB8872D2D,0x724B2424,
	0x9F679167,0x4B9F9F66,0x57676716,0x59728B67,0x91530A0A,0x67676767,0x9D25250A,0xA3389D71,
	0x8F724B27,0x841010BB,0x592D7272,0x100C4B27,0x2D727272,0x8A59724E,0x24727224,0x27720F72,
	0x4B0F9F9F,0x9F729F24,0x72242472,0x729F9F4B,0x728B598B,0x9F249F0F,0x57160391,0x9F2D8B98,

	0x846E1010,0x9F669F20,0x20848484,0xB8838324,0xB8512020,0x7647833D,0x76278B9F,0xB8872487,
	0x8B2D7272,0xA0A04E39,0x0F0F9F24,0x2C222646,0x729F249F,0x3A620F7D,0x9F9F720F,0x35597272,
	0x9F662424,0x72872487,0x29763D83,0xB83D7683,0x3DB88383,0x3D761A29,0x29B84B29,0xB8B8B8B8,
	0xA04EA0A0,0x8BA04E4E,0x0E208989,0x22222222,0x336C3A3A,0x7946891A,0xA03A6C21,0x22921A0A,
	0x6E846E20,0x6E6E6E10,0x840D4959,0x6E6E1084,0x9D2D2DB8,0x10848410,0x2D2D2D24,0x82430D2D,
	0x2D8BA0A0,0x8271112D,0x460A55AA,0x9B2D2D0F,0x3346226C,0x274EA033,0x6246226C,0x2D8B1CA0,
	0x84101010,0x6A4D5A07,0x10848484,0x1C895A20,0xAB432010,0xA0895A20,0xABAB2050,0x212140AD,
	0x0A503C82,0x79797962,0x249F0F71,0x27279F9F,0x76B8B824,0x76B887C3,0x6A6A8B4E,0x4E4E8B8B,

	0x624D5A21,0xAB826862,0x4E205AB1,0x0D829D35,0x534D5AB1,0xAB0D9D45,0x62225A6C,0x4E394E0F,
	0xA0587979,0x9F242459,0x72727272,0x9F66B887,0x76B876B8,0xB89F9F76,0x4E4E4E4E,0x0F4E4E4E,
	0x0D0D0D82,0xABAB0D0D,0x0D0D0D0D,0x1F1F0DAB,0x1FABABAB,0x0D0D0D1F,0x49394E4E,0x6D6D6614,
	0x76B82472,0x83769F87,0x66297624,0x66838366,0x248787B8,0x24B87676,0x0F4E394E,0x0F4E0F0F,
	0xABABABAB,0x3C3C3C1F,0x3C1F1F1F,0x3C3C3C3C,0x3C3C1F0D,0x3C3C3C3C,0x6D6D1B6D,0x1B1B6D6D,
	0x877624B8,0x7624B876,0xB8247624,0xB8769FB8,0xB8878776,0x87B87672,0x0F0F4E0F,0x0F0F0F4E,
	0x1F3C3C3C,0xA85020AB,0x3C3C3C3C,0x3C3C3C1F,0x3C3C3C3C,0x3CA83C3C,0x6D6D1B6D,0x6D6D6D6D,
	0x87764747,0x47C3B883,0x76B876B8,0x247629B8,0x47767676,0x7672B887,0x4E0F0F0F,0x724E4E0F,

	0x3C3C3CA8,0x3C3C3C3C,0x3C3C1F3C,0xB6B63C3C,0x3C3C3CA8,0xB6B6B63C,0x66661B1B,0x1414148A,
	0xB8477647,0x877687C3,0x76662983,0x24B8B8B8,0x76472476,0x479F290F,0x4E0F0F0F,0x0F4E0F4E,
	0x3CB6B6B6,0x8A22622A,0xB6B6B6B6,0x898E2C2A,0xB62AB6B6,0x896C262A,0x390F0F49,0x355A264E,
	0x9F769F24,0x625A559F,0x249F2924,0x8A6CB424,0xB824B887,0x8A5A5559,0x0F0F0F0F,0x0F4D558B,
	0x22222262,0xB422AAAA,0x5A6C5A22,0x895A215A,0x3A3A3A89,0x62225A21,0x3A6C5A62,0x89216C0E,
	0x1A218EAA,0x585A6C3A,0xA2895A62,0x66798E55,0xA2555A31,0x661B216D,0x1B792135,0x2966352C,
	0x0372390F,0x666A0F4E,0x9166660F,0x668B668A,0x2D668A14,0x148B6666,0x2D8A668A,0x148B8A8A,
	0x2D8A6687,0x148B8A8A,0x2D8A8A66,0x148B8A8A,0x2D141466,0x9F8B6666,0x2D668A14,0x148BB466,

	0x66292929,0x29292966,0x35359E66,0x4F149E35,0x0F0F729E,0x4F664E0F,0xA0A31414,0x3D3D0FA3,
	0xA3921414,0x4F3D4903,0xA3911414,0x4F3D491D,0x4EA0359E,0x4F3D49A0,0x3D3D4F9E,0x4F3D5252,
	0x984E399E,0x49A06A4E,0x4E9E668A,0x8A8B3535,0x6A728A14,0x494E3535,0x8B0F148A,0x144E1435,
	0x6A0F148A,0x144E3535,0x2D9E8A8A,0x9F8B3535,0x2D358A8A,0x668B3535,0x8B9E8A8A,0x9F8B1435,
	0xAAAA2255,0x8F58AA89,0x21212179,0x55796C6C,0x22220E62,0xB4206C79,0x3A0E0EAA,0x0F892179,
	0x226C2155,0x896C6CA5,0x87796C35,0x0F3A3A14,0xA2228914,0x4E22219E,0x6D352D8A,0x4E896CB4,
	0x28856289,0x7E686868,0x6885896C,0x68282828,0x3C385579,0x28282828,0xA08B893A,0x1C8B8BA0,
	0x8B57263A,0x2D8B2D2D,0x8B112679,0x2D2D592D,0x59578926,0x5959598B,0x4E8B5535,0x4EA04E4E,

	0x2828687E,0x28282828,0x68682868,0x28282868,0x28282828,0x28282828,0x494EA0A0,0x31314949,
	0x4772592D,0x87762447,0x9F9F2D59,0xB8B87224,0x24720F72,0x8724B829,0x0F4E39A0,0x4E390F0F,
	0x68682828,0x7E7E7E7E,0x7E7E6828,0x7E7E7E7E,0x7E7E7E68,0x517E7E7E,0x310F7235,0x35350F72,
	0xB87276B8,0x76B87247,0x7287C372,0xB89F2476,0x9FC39F1B,0x24B8B8B8,0x390FA039,0x39390F39,
	0x25687E7E,0x28686B25,0x25257E51,0x2AB6686B,0x2525257E,0xB62A2A28,0x0F0F3531,0x4E0F4E0F,
	0x9F87764B,0x9F479F76,0x24769FB8,0xB824B824,0x7687B8C3,0x24767687,0x0F4E0F4E,0x4E0F0F0F,
	0x2AB66B6B,0xB6B6B62A,0xB62A2828,0xB6B6B6B6,0xB6B62A2A,0x2A2AB62A,0x0F0F0F0F,0x49494931,
	0x9F9F7687,0x878747B8,0x9F87B89F,0x66B8299F,0x87872476,0xB8B89F76,0x0F4E3939,0x39A04E39,

	0xB6B6B6B6,0x2868B62A,0xB6B6B6B6,0x6B28B6B6,0xB62AB62A,0x516877B6,0x49314931,0x72353149,
	0x24874747,0x7687B824,0x66B82966,0x9F87B824,0x29768787,0xB8299FB8,0x394E394E,0x0F49390F,
	0x379C9C6B,0x68519C37,0x9C9C9C9C,0x549D519C,0x9C515137,0x54549D51,0x0F0F0F0F,0x0F0F0F35,
	0x72879F9F,0x9F662987,0xB887B876,0x24249F72,0x87472924,0x24B887B8,0x3939394E,0x4E0F0F0F,
	0x5454317E,0x689D5454,0x5454549D,0x54545454,0x54545454,0x54545454,0x0F0F0F0F,0x0F720F0F,
	0x720F249F,0x87660F24,0x7224720F,0x242D7224,0x669F4B87,0x7224244B,0x49A04E39,0x4E0F0F4E,
	0x31317E7E,0x7E315454,0x54545454,0x54545454,0x54545454,0x54545454,0x0F0F0F0F,0x5C390F0F,
	0x24B89FB8,0x4E24870F,0xB89F6687,0x9F6672B8,0x72879F4B,0xB887B872,0x4E39A04E,0x4E8B4EA0,

	0x7E7E7E7E,0x7E7E7E7E,0x319D5454,0x319D5431,0x54545454,0x54545454,0x54545454,0x54545454,
	0x5454545C,0x355C9B54,0x5353537D,0x76878A4E,0x87242D72,0x29B83D87,0x76B8B80F,0x83762483,
	0x7E7E7E7E,0x7E7E7E7E,0x68683131,0x5C9B2828,0x9B285454,0x47728F8F,0x14350A9B,0x7676A247,
	0xB8767672,0x29B81B29,0x669F7683,0x297676B8,0xB89FB876,0xB8B87676,0x76B81B76,0x8B2D8BB8,
	0x53855C9D,0xB83D769F,0x4747879F,0xB8B8833D,0x8383C3C3,0xB8B86676,0x7676B876,0xB883B8B8,
	0x7676B8B8,0xB8662976,0x87B883B8,0x678B2D72,0x982D0FB8,0x03989898,0x91039898,0x45255391,
	0x29763DB8,0x1A298376,0x76B87683,0x3D761A76,0x76837676,0x9F722983,0x727683B8,0x98982D2D,
	0x91918B2D,0x91919857,0x91165767,0x33814953,0x468F8F53,0x4E4E4945,0x49494562,0x58624949,

	0x0A455117,0x4681339D,0x380A5117,0x2525259D,0x46255117,0x25389D25,0x81465117,0x25250A0C,
	0x81465117,0x9198679D,0x62465117,0xA3A3A37E,0x81455117,0x91919125,0x62455117,0x91A3A36B,
	0x38464646,0x380A259D,0x0A462533,0x58462551,0x45460A25,0x0A455160,0x0A810A9D,0x380A5160,
	0x0A625125,0x0A455160,0x0A625125,0x51457E60,0x0A625125,0x12457E60,0x0A625125,0x12450C60,
	0x18323838,0x9D9D0A38,0x0A450A46,0x5332380A,0x0A0A9D25,0x710A4581,0x2525517E,0x519D460A,
	0x0A9D9D71,0x607E460A,0x7E0C5353,0x607E4645,0x25911692,0x606B4681,0x250391A3,0x60254681,
	0x7F18259D,0x676767A3,0x259D3818,0x7F323825,0x5332380A,0x255C5318,0x45468125,0x18325353,
	0x33812545,0x0A458133,0x259D0A45,0x7E252525,0x7E7E4645,0x5125459D,0xA0A02545,0x5125339D,

	0x722D2D67,0x59669F72,0x676703A3,0x722D2D8B,0x535C9D7E,0x67676791,0x259D5353,0xA338719D,
	0x32530A0A,0x0A5C3832,0x45458125,0x3218530A,0x33512545,0x259D0A81,0x719D5C0A,0x25252525,
	0x8F6C3A49,0x79A02633,0x2CAA8A72,0x7933B120,0x262D598B,0x6C6C6C21,0xA0670303,0x6C6C6C21,
	0x2C535C0A,0x21222179,0x395AB17F,0xB0919C46,0x536C5A8F,0xB0911A1B,0x8F6C3A53,0x0EA02658,
	0x1B46226C,0x8F49494E,0x1B35226C,0xB4626249,0x1B35226C,0x3A228945,0x1B35226C,0x6C0E8945,
	0x3335226C,0x6C3A8945,0x33352221,0x6C3A8945,0x33452221,0x6C3A8945,0x3345226C,0x583A8945,
	0x498F358F,0x6262358F,0xB458B4B4,0xB4B4B4B4,0x3A3A3A3A,0x0E0EA53A,0x6C6C6C6C,0x0E3A6C6C,
	0x6C6C6C6C,0x3A6C6C6C,0x6C6C0E22,0x6C6C6C6C,0x6C795F8F,0x6C6C6C21,0x3A62490F,0x6C6C6C6C,

	0x58B46262,0x55555558,0xB4B4B4B4,0x58585858,0x0E0E0E0E,0x3A3AA50E,0x0E3A3A0E,0x580E3A0E,
	0x3A6C3A3A,0xB4796CB0,0x6C6C6C21,0x550E6C21,0x6C6C6C6C,0xB4226C6C,0x6C6C6C6C,0x55B06C6C,
	0x55555555,0x55555555,0xB45858B4,0xB4B4B4B4,0xA53A3A3A,0xA5A5A53A,0x6C795855,0x216C6C6C,
	0x6C3A6253,0x216C6C6C,0x6C218F7F,0x216C6C6C,0x6C3A4991,0x216C6C6C,0x6C3AAA89,0x216C6C6C,
	0x55555555,0x55555555,0xB458B4B4,0xB4B4B4B4,0x3A3A3A3A,0x3AA53A3A,0x22555555,0x6C3A3A6C,
	0x21354EB4,0x6C21216C,0x21359158,0x6C6C6C6C,0x213591B4,0x3AB06C6C,0x21228955,0x55353A6C,
	0x26265555,0x55555526,0x5858B4B4,0xB4B45858,0x3A3A3A3A,0x3AA53A3A,0x551B226C,0x6C216C1A,
	0x4E49226C,0x6C216C89,0x91390E6C,0x6C6C6C52,0x914E746C,0x790E5A89,0x22220E6C,0x8A558952,

	0x55552655,0x26265555,0x58B4B4B4,0xB4B45858,0x3A3A3A3A,0x3A3A3A3A,0x3A6C6C6C,0x89555555,
	0x216C6C6C,0x2135A0B4,0x6C6C6C6C,0x214992B4,0x6C6C6C6C,0x214991B4,0x216C6C6C,0x3A898955,
	0x1A552626,0x2D5555B4,0x5558B4B4,0x4E35491B,0x3A3A0EB0,0x3535720E,0x3A3A3A6C,0x728A2955,
	0x49216C21,0x3535350F,0xB43A2121,0x91919103,0x3AB03A6C,0x8B8B8B62,0x3A3A3A6C,0x350F0F52,
	0xB4350F6A,0x29296635,0x350F0F4E,0x0F0F0F72,0x0F148A4E,0x14353535,0x0F14144E,0x6614149E,
	0x0F0F0F35,0x35353572,0x91919198,0x8B918B91,0x8B91918B,0x9191918B,0x0F720F4E,0x0F0F0F0F,
	0x2D353514,0x668B3514,0x4E354E4E,0x8A4E9E72,0x4E3D0F4E,0x0F0F3D14,0x6A0F4E35,0x8B6A0F4E,
	0x0F0F3535,0x35350F0F,0x98980391,0x8B919898,0x14148B03,0x914E8A14,0x4E14918B,0xA0038A4E,

	0x29296D29,0x4F6D6D6D,0x2929291B,0x4F296666,0x66666666,0x66668A8A,0x0F2D4E4E,0x4E4E0F0F,
	0x31313149,0x31353535,0x91918B8B,0x8B8B8B91,0x8B8B8B8B,0x8B918B91,0x35357272,0x350F350F,
	0x2D4E0F66,0x728B0F0F,0x4E0F391B,0x4E913972,0x8B4F8A72,0x7291661A,0x8B0F0F8B,0x0F6A0F9E,
	0x9E0F0F31,0x4E0F3535,0x98989891,0x03039198,0x3535146A,0x91913535,0x910F0F0F,0x0F980F4E,
	0x4E0F669E,0x2D311A6D,0x4E0F2D4E,0x4E4E4E4E,0x4E313535,0x3514310F,0x4E0F0F72,0x0F720F0F,
	0x0F0F0F0F,0x720F0F0F,0x91919103,0x98919191,0x918B918B,0x8B919191,0x8B8B8B8B,0x6A4E8B8B,
	0x33628A39,0x58623358,0x89620FA0,0x26555555,0x2C464E1C,0x89898955,0x45910FA0,0x22222255,
	0x1C490F0F,0x0E223A89,0x91989198,0x4E918955,0x4698918B,0xA0035522,0x3391A08B,0x1C67586C,

	0x58335562,0x62335846,0x89898926,0x2626262C,0x89898989,0x89898989,0xAAAA2222,0x22222222,
	0x3A3A3A3A,0x3A3A3A3A,0x3A3A3A52,0x0E3A3A3A,0x3A3A3A52,0x0E3A3A3A,0x3A3A3A52,0x0E3A3A3A,
	0x62584658,0x58463362,0x1A89892C,0x26262626,0x89528989,0x89898989,0x22220E0E,0x22222222,
	0x3A792274,0x3A3A3A3A,0x3A89984E,0x3A3A3A79,0x6C2603A0,0x3A3A3A79,0x6C26676A,0x3A3A3A79,
	0x33623345,0x62335846,0x26265526,0x89892C26,0x89898989,0x22AA5289,0x220E2222,0x22222222,
	0x74AA793A,0x3A3A3A3A,0x4903583A,0x790EA53A,0x3903623A,0xA5A5A521,0x3957B43A,0xA5A53A6C,
	0x58625881,0x33453362,0x26268989,0x26262626,0x8952AAAA,0x89898989,0x0E222222,0xAA222274,
	0x223A3A3A,0x3A3A3A0E,0x98893A79,0x0EA53A49,0x98893A79,0x0EA52153,0x57263A79,0x0EA5214E,

	0x46463362,0x621A4658,0x2C2C2626,0x89262626,0x89898989,0x89898989,0xAAAAAAAA,0xAAAA22AA,
	0xA5B0A5A5,0xA50EAA22,0x0E0E0E0E,0x3A899849,0x0E0E0E0E,0x21890339,0x79790E0E,0x21896739,
	0x58465833,0x62583333,0x2689262C,0x26262626,0x89525252,0x89898989,0xAAAA22AA,0xAA2222AA,
	0xA5A5A5A5,0x0E222279,0xA50E0E0E,0x228B1C22,0x3A0E0E0E,0x22919189,0xA50E0E0E,0x22989189,
	0x58465833,0x62335846,0x2689892C,0x89262626,0x89898989,0x89898989,0xAAAAAAAA,0x22AAAAAA,
	0xA5A5A5A5,0x620E3AA5,0x0E0E0E3A,0x2414260E,0x3A0E0E3A,0x2D8B67AA,0x79790E3A,0x53915879,
	0x5858451A,0x662D451A,0x35898926,0x4F769F35,0x9F628922,0xB83D83B8,0x76242D58,0x72873D3D,
	0x76B8299F,0x988B8B2D,0x67982D66,0x53535398,0x49491C03,0x4945498F,0x49534546,0x26458F49,

	0x3DB8761A,0x243D76B8,0xB83DB8B8,0x2D9FB829,0x59663D76,0x98039872,0x98988B2D,0x0A8F9698,
	0x8F53A391,0x49494545,0x49454545,0x62493549,0x6245354E,0x55588962,0x22225549,0xB4262289,
	0x8B59B872,0x91031657,0x0316578B,0x62454E96,0x0A53A091,0x4E494581,0x31452545,0x45458149,
	0x62354949,0x26585B1B,0x52892658,0x89896C1A,0x1B26520E,0x5522211A,0x52747452,0x74225A89,
	0x624646A0,0x498F4545,0x49493546,0x45496249,0x45458F49,0x35628962,0x1A1B5862,0x8989211A,
	0x8989B022,0xB4796C6D,0x1B581A0E,0x1A79213D,0x796C5A21,0x3D796C3D,0x1A4E492C,0x3D796C3D,
	0x45623549,0x89266262,0x26586262,0x6C225222,0x3A3A7952,0x5A221B20,0x89898921,0x5A0E1A89,
	0x5A5A7989,0x5A79A55A,0x589C5B6C,0x5A797958,0x67160F3A,0x5A0E79A0,0x2D8B723A,0x5A0E0E8F,

	0x46455117,0xA37FA36B,0x81455117,0x91919125,0x25465117,0x91A3A37E,0xBAA05117,0x9169675F,
	0x73A71217,0x5F1A0169,0x73BA2517,0x73C01A1A,0x995F3117,0x041AC006,0x5F011A7E,0x041A041A,
	0x0A62519D,0x12450C60,0x0A62339D,0x93450C60,0x318F519D,0x12450C60,0x8F995F91,0x128F2560,
	0x011A73A7,0x7304013B,0x73995FC1,0x70041A64,0x1A730469,0x5F731A3D,0x1A995F5F,0xC00499C0,
	0x25989891,0x60254681,0x25A3A3A9,0x60254681,0x25039891,0x60254625,0x250392A9,0x607E2581,
	0x53919191,0x519D450A,0xA0395FA0,0x5791A0A0,0x538C7301,0xA0A039A0,0x9D955FC0,0x0A534549,
	0x03A94646,0x5146370A,0x91324646,0x5145510A,0x98A04646,0x5145510A,0x987F4646,0x5145510A,
	0x98328F8F,0x51459C0A,0xA0A0A091,0x51464638,0x49A08F39,0x51254EA0,0x4EA04953,0x1225534E,

	0x0A257145,0x810C0C25,0x91910A25,0x337E0C25,0x91A30A25,0x817E0C0C,0x91A34533,0x810C0C51,
	0x91910A81,0x810C0C0C,0xA3A34633,0x810C2551,0x91A0A046,0x817E7E0A,0x91538B0A,0x817E510A,
	0x3A6C3A53,0x213A3A3A,0x6C6C7953,0x6C5A6C6C,0x1A3AAA53,0x2133222C,0x390E2253,0x79A32662,
	0x390E2253,0x79A32633,0x62742253,0x22352C1A,0x22AA2253,0xAA22AA22,0xAAAA2253,0x22222222,
	0x5846226C,0x8AB48945,0x58462221,0x8A0F5545,0x33352221,0x3539B446,0x33351A21,0xB48AB445,
	0x3335225A,0x9E4E8F46,0x58352221,0x8A0F8F45,0x58352221,0x14393562,0x1B358921,0x66356262,
	0x22350F35,0x6C6C6C6C,0x358F1AB4,0x6C6C6C79,0x4E398F8F,0x6C6C6C58,0x8A1B8A8A,0x6C6C3A49,
	0x35350F0F,0x6C6C790F,0x8A668A8A,0x6C6CA549,0x35143535,0x6C6CA50F,0x6635918B,0x216C790F,

	0x6C6C6C6C,0x3A216C6C,0x6C6C6C6C,0x6C6C6C6C,0x6C6C6C6C,0x6C6C6C6C,0x6C6C6C6C,0x896C6C6C,
	0x6C6C6C6C,0x35796C6C,0x6C6C6C6C,0x620E6C6C,0x6C6C6C6C,0xB40E6C6C,0x6C6C6C3A,0xB4796C6C,
	0x6C213A21,0x6C6C6C6C,0x6C6C6C6C,0x6C6C6C6C,0x6C6C7989,0x6C6C6C6C,0x6C793535,0x216C6C6C,
	0x214D981C,0x216C6C21,0x5A4D03A3,0x216C6C21,0x5A4D98A0,0x216C6C21,0x212C03A3,0x216C6C6C,
	0x21216C3A,0xB4353A6C,0x6C6C6C6C,0x0F2D5521,0x6C0E1A3A,0x396A6221,0x3A8A391A,0x0F0F225A,
	0x4D039135,0x0F1B3A6C,0x22030335,0x8F266C6C,0x22919162,0x25442121,0x5B919162,0x81343A21,
	0x0E3AB455,0xB472356D,0x9E9F9E0F,0x0F0F8A8A,0x0F0F0F0F,0x2D0F0F0F,0x0F0F4972,0x0F35350F,
	0x8A8A8A8A,0x8F8A668A,0x8B910F9E,0x46580F0F,0x67164E66,0x9C22358B,0x2D11679F,0x58220F11,

	0x216C6C6C,0xB03A3A0E,0x6C6C6C55,0x216C3A6C,0x6C6C6C35,0x6C6C216C,0x6C6C6C74,0x6C6C6C6C,
	0x6C6C6C79,0x6C6C6C6C,0x6C6C6C79,0x6C6C6C6C,0x6C6C6C79,0x6C6C6C6C,0x6C6C6C79,0x6C6C6C6C,
	0x6C213A6C,0x1A66293D,0x216C6C6C,0x1A6D6D52,0x6C6C6C6C,0x6D6D6D52,0x216C6C6C,0x3D4F3DAA,
	0x6C6C6C6C,0x1A6D4FAA,0x6C6C6C6C,0x1A6D2952,0x216C6C6C,0x3D4F4FAA,0x6C6C6C6C,0x6D4F6D52,
	0x66668A14,0x1A6D6666,0x6D6D8A66,0x1A1A6D6D,0x4F6D8A35,0x6D6D6D4F,0x664F1B8A,0x3D1A296D,
	0x670F1B8A,0x1A4F8A91,0x160F6635,0x6D4F6698,0x16726D66,0x3D3D1B98,0x03726635,0x6D1A2991,
	0x168A4E0F,0x8B031B4E,0x67B4359E,0x0F986D35,0x98B4350F,0x4E98B435,0x98B4359E,0x4E03B435,
	0x03B48F9E,0x4E03B435,0x671B0F0F,0x4E98B435,0x671B0F35,0x4E91B435,0x671B8F72,0x4E91B435,

	0x8B8B8B6A,0xA06A9191,0x4E4E4E2D,0x662D2D0F,0x98984E0F,0x8A0F4E91,0x6767674E,0x9E2D5757,
	0x5711168B,0x148B5711,0x112D5757,0x148B1111,0x112D2D67,0x9E572D2D,0x112D2D57,0x72112D2D,
	0x030F0F91,0x6D91354E,0x8B0F3514,0x6D8B8A35,0x8B0F3566,0xB48B8A14,0x8B0F358A,0x1A8B8A14,
	0x8B0F3566,0x1A8B3535,0x910F35B4,0xB48B3535,0x8B0F35B4,0x3D8B3535,0x8B0F351B,0x1B8B1414,
	0x0F0F4E0F,0x358A0F0F,0x661B0F35,0x1BB48A66,0x1BB40F4E,0x358A8A6D,0x8A1B3535,0xB41A1B66,
	0x160F148A,0x6D1A8A91,0x164E8A0F,0x356D8A91,0x164E1414,0xB43D668B,0x030F350F,0x35B4668B,
	0x628B352D,0x350F553A,0x628B8A39,0x3A3A3A3A,0x624E1B0F,0x3A3A3A3A,0x450F4F0F,0x89891A89,
	0x62396D0F,0x797979A5,0x624E664E,0x3A3A3A3A,0x620F4F39,0x3A3A3A3A,0x62396D0F,0x3A3A3A3A,

	0x3A3A3A22,0x793A3A3A,0x3A3A3A3A,0x3A3A3A3A,0x3A3A3A3A,0x3A3A3A3A,0x1A1A891A,0x1A1A1A1A,
	0x79797979,0x79797979,0x3A3A3A3A,0x3A3A3A3A,0x3A3A3A3A,0x3A3A3A3A,0x3A3A3A3A,0x3A3A3A3A,
	0x3A890F35,0x3A3A3A79,0x3A3A3A3A,0x3A3A3A3A,0x3A3A3A3A,0x3A3A3A3A,0x1A1A1A1A,0x5555551A,
	0x79797979,0xA5797979,0x3A3A3A3A,0x0E3A3A21,0x3A3A3A3A,0xB4891A3A,0x3A3A3A3A,0x0F0F4E1A,
	0x620F2C3A,0x3A3A3A21,0x3A3A3A3A,0x3A3A3A3A,0x3A3A3A3A,0x3A3A3A3A,0x89898989,0x1A1A1A1A,
	0x0EB462A5,0x0E0E0E0E,0x528A3522,0xA50E0EAA,0xB41BB41A,0x3A1A55B4,0x394E3939,0x22390F0F,
	0x0F893A79,0x79A53A35,0x3A3A3AA5,0x793A0E3A,0x0E0E0E3A,0x0E740E0E,0x55551A89,0x55555555,
	0x0E0E0E0E,0x0E0E0E0E,0x79797979,0x0E797979,0x0E0E0E0E,0x0E0E0E0E,0x0E0E0E3A,0x0E790E0E,

	0x79797979,0x3A220F62,0xA5797979,0x0EA53A3A,0x22222274,0x22222222,0x55555555,0x55555555,
	0x0E0E0E0E,0x0E0E0E0E,0x0E0E790E,0x0E790E0E,0x0E0E0E0E,0x0E0E0E0E,0x0E0E0E0E,0x0E0E0E0E,
	0x790E0E0E,0xB00F0FAA,0x0E0E0E79,0x0E3A3A79,0x22222222,0x22222222,0x55555555,0x55555555,
	0x0E0E0E0E,0x0E0E0E0E,0x0E0E790E,0x0E0E0E0E,0x0E0E0E0E,0x0E0E0E0E,0x0E0E0E0E,0x0E79790E,
	0x0E0E0E3A,0x53460E79,0x79797979,0x0E3A0E0E,0x22222222,0xAA222222,0x55555555,0x55555555,
	0x0E0E0E0E,0x220E0E0E,0x0E0E0E0E,0x0EA50E0E,0x0E0E0E0E,0x0E790E0E,0x0E0E0E0E,0x0E0E0E0E,
	0x624E534E,0xA51B5862,0x1B588945,0xA51B8989,0x0E525A81,0x3A89796C,0x3A1A6C62,0x3AA53333,
	0x3A1A6C81,0x3AA50A0A,0x3A1A6C81,0x3AA54645,0x3A1A6C81,0x3AA54645,0x791A6C81,0xA5A5458F,

	0x891A5562,0x6D22221B,0x3A6CAA55,0x3D22A5B0,0x4958A574,0x3D22B079,0x2DA0210E,0xAA200E79,
	0x2D5321B0,0x52200E79,0x2D5321B0,0x52200E79,0x594E79B0,0x5220B0A5,0x0F49210E,0x3D200E74,
	0x6222B074,0x0E225A52,0xA067A33A,0x0E2221AA,0x392D5321,0x0E226CAA,0x392D5321,0x0E226CAA,
	0x0F595321,0x0E222122,0x4E2D963A,0x74222122,0x35114E3A,0xA5225A74,0x79222221,0x7922211A,
	0x528B8B55,0x3D796C52,0x0E6AA026,0x3D796C3D,0x0E2D2D26,0x3D796C3D,0x742D2D26,0x3D796C52,
	0x0E2D2D26,0x52792152,0x55571158,0x1A79213D,0x522C89A5,0x55796C1A,0x1A5F2C26,0x1A1A1A55,
	0x2D2D723A,0x5A0E0E8F,0x2D2D723A,0x5A0E0E8F,0x2D2D4B3A,0x5A0E0E8F,0x2D2D4B3A,0x5A0E798F,
	0x11572DA5,0x5A79AAA0,0x55581AB0,0x5A795526,0x894D223A,0x5A0E0E20,0x62695FAA,0x5AA50E49,

	0x5F73015F,0x04C01A1A,0xC073731A,0x1A737373,0x1A999709,0x1A040404,0xC0C05FBA,0xC01A1A1A,
	0x01067373,0xC0047301,0x04045F3D,0x5DC0BA70,0x1A5F06C0,0x99647073,0x0406065F,0x695F731A,
	0x1A049999,0x1A1A991A,0x1A0604C0,0x0404A21A,0x1A0604C0,0x995F041A,0x6499C004,0x99045DC0,
	0xC1BA5FC0,0x70C0C097,0xBA8C7304,0x06C07370,0xBA707006,0x97BA098C,0x735F9997,0x41418C70,
	0x18958C5F,0x32A0A08B,0xA33E0673,0xA0A0A04E,0x31990404,0x49498F8F,0x917001C0,0xBA679191,
	0xA095093E,0x64A7A035,0x707097BA,0x99738CBA,0x098C41BA,0x995F2E2E,0xA72EAF8C,0x97BA702E,
	0x39A04EA0,0x60254E4E,0x8F539191,0x0A0A0A0A,0x0A713232,0x5C25255C,0x450A4991,0x9D250A53,
	0x5535A770,0x62623358,0x46A05F64,0x58585862,0x91BA7364,0x58586218,0x03BABA01,0x33585392,

	0x8B494E45,0x81510C81,0x91A09153,0x250A250A,0x0A0A710A,0x315C250A,0x5C0A7125,0x0A385C5C,
	0x46626262,0x810A4646,0x62626258,0x81585858,0x181DA062,0x25335881,0xA303160A,0x8158580A,
	0x22891AA0,0x22225252,0x351A1AA0,0x89350F2D,0x98352C39,0x1A578B98,0x8B35B44E,0xB42DA259,
	0x8B3535A0,0x622D2759,0x8B3535A0,0x358B5959,0x8B3535A0,0x358B2759,0x913535A0,0x8A8B592D,
	0x46492C6C,0x39313146,0x534E2C21,0xA00F6235,0x49A0556C,0x4E356235,0x394EB43D,0x4E35354E,
	0x4E4E8A1A,0xA0148FA0,0x4E4E351B,0xA014354E,0x4EA0351B,0x0F14494E,0xA0A08A29,0xA0A0A3A3,
	0x148B5767,0x3A3A0E0F,0x358B5998,0x0EB00E0F,0x358B2791,0x0EA5A549,0x0F8B5998,0x0E0E0E0F,
	0x358B5998,0x8A8A6D0F,0x4E6A5998,0x2D2D396A,0x392D5991,0x4949498F,0x3591A091,0x6262621B,

	0x6C6C6CA5,0xB40E6C21,0x6C21A50E,0xAA793A3A,0x6C3A0EB0,0x6C6CB0A5,0x790E0E0E,0x21A50E0E,
	0x8A8A8A8A,0x5F66668A,0x2D2D2D2D,0x5F0F0F2D,0x49494949,0x5F394949,0x62626262,0x1A316262,
	0x2122A039,0x3A6C6C3A,0x1A2C0E3A,0x3A6C0E1A,0x5F993D6C,0x6C211A99,0x5F991A1A,0x5531C01A,
	0x6464C064,0x5F991AC0,0x9964645F,0x1A5F6464,0x5F5F645F,0x5F5F5F5F,0x995F991A,0xC15FC11A,
	0xB1A04EB4,0x25343A21,0x213A3A22,0x25343A6C,0x6C3A3A6C,0x2534216C,0x3A0E1B8F,0x35262121,
	0x358A395F,0x8A35498A,0x0F0F395F,0x0F4E2D0F,0x49A0AF5F,0x49354939,0x8F5F5FC1,0x62626246,
	0x2D2D9872,0x33226A2D,0x2D2D570F,0x33206A2D,0x2D2D570F,0x33896A2D,0x2D2D570F,0x45554E2D,
	0x2D2D5735,0x491A3911,0x2D57674E,0xA08F9157,0x8F8F8F49,0x4939498F,0x62626262,0x62626262,

	0x6C6C6C79,0x6C6C6C6C,0x6C3A3A79,0x2121216C,0x3A0E0E79,0xA50EB0A5,0x74740E22,0x740E740E,
	0x8A148A49,0x8A1A8A8A,0x0F6A2D8B,0x0F0F0F0F,0x49494949,0x49494949,0x62626262,0x62626262,
	0x6C3A3A6C,0x3D4F4FAA,0x3A3AA56C,0x3D4F4F3D,0xB0B0B03A,0x1B66663D,0x0E0E7474,0xB435351A,
	0x398A8A14,0x350F351A,0x038B720F,0x35394E0F,0x35918F49,0x8F358F8F,0x58A06262,0x626262B4,
	0x4F6D3535,0x1A4F4F4F,0x6D6D1414,0x3D4F6D6D,0x14143535,0xB48A1414,0x8A663535,0x6D66148A,
	0x35354E0F,0x358F4935,0x0F39910F,0x350F399E,0x8F8F8F8F,0x8F8F8F8F,0x62626262,0x62626262,
	0x03B4359E,0x4E981B35,0x03353514,0x2D986635,0x91498B9E,0x8B988A0F,0xA0359835,0x8B910F4E,
	0x9149910F,0x2D4E1414,0x984EA04E,0x578B668A,0x988F4E39,0x209B8B39,0x91354935,0x21205491,

	0x2D2D2D67,0x72112D2D,0x11352591,0x72572D2D,0x16348E32,0x0F112D2D,0x2D128E32,0x0F112D2D,
	0x2D7E61A3,0x0F572D2D,0x16540D16,0x0F571157,0x0D059420,0x4E677F28,0x0D2020A1,0x46490D0D,
	0x8B0F351B,0x6D8B1414,0x670F35B4,0x1A8B3535,0x913935B4,0x668B350F,0x31918B66,0x1B4E8B8B,
	0x396A6A8A,0x8B4E146A,0xA00F0F35,0x8B910F6A,0x49A04E4E,0x0F399103,0x8FA04646,0x3535A0A0,
	0x1B6D140F,0x356D1466,0x6D6D9E8A,0xB41A1B6D,0x14354E0F,0x35668A14,0x0F9E4E0F,0x8A8A0F9E,
	0x490FA0A0,0x394E4E31,0x0F0F8BA0,0x0F6A6A0F,0x498F4939,0x49494949,0x35353535,0x46464535,
	0x624E6D0F,0x3A3A3AA5,0x62391A0F,0x3A3A3A0E,0x62A08A4E,0x3A790E0E,0x62A0356A,0x3A745274,
	0x91A0A091,0x6C0E74AA,0x91918B8B,0x5558B446,0x8F498F8F,0xA0919103,0x35353535,0x8FA0A091,

	0x3A3A3A3A,0x3A3A3A3A,0x3A3A3A3A,0x0E3A3A3A,0x3A3A3A3A,0x223A3A3A,0x3A3A3A3A,0x0E3A3A3A,
	0x6C6C6C6C,0xB03A223A,0x2C262626,0x55620333,0x3939394E,0xA0A08F0F,0x35353535,0x35353535,
	0x740E0E22,0x8A8A4E1A,0x747474AA,0x4E8A0F1A,0x0E747474,0x164E0F55,0x74AA743D,0x038B4E55,
	0xB00E0E0E,0x03A00F1A,0x58B4B4B4,0x9191A035,0xA04EA0A0,0x35393939,0x8F358F35,0x8F353535,
	0x14359E14,0x894E6614,0x0F141435,0x890F1B4E,0x03356691,0x890F3503,0x03726691,0x1A353903,
	0x0335298B,0x5F5F5F91,0x164E0F35,0x5F5F646A,0x3939398A,0x64C05F5F,0x3535358F,0x5F5F5F5F,
	0x223A3A3A,0x0E740E22,0xAA1A1A79,0xAA89AA22,0x1B5F5F1A,0xAAAAAAAA,0x5F99C064,0x3D74465F,
	0x6499C064,0x891B095F,0x5F99C064,0x5FC15F5F,0x5F5FC0C0,0x5F5F5F5F,0x5F5F5F64,0xC15F5F64,

	0x0E0E0E0E,0x0E0E0E0E,0xAA0E2289,0x0E0E2289,0x740E0EAA,0x0E0EAA89,0x0E3DAAAA,0x0E0E5222,
	0xAAAAAAAA,0x55B40E74,0x3D7474AA,0x91353D3D,0xB4B4B462,0x39B4B4B4,0x4E4E394E,0x4949494E,
	0x0E0E0E79,0x0E0E0E0E,0x0E0E0E0E,0x0E22220E,0x0E0E0E0E,0x0E79790E,0x0E0E0E0E,0x0E0E0E0E,
	0x0E21B0B0,0x89AA220E,0x895858B4,0x898989AA,0x8F918B8B,0x52225835,0x4E534949,0x53358F1C,
	0x0E0E0E0E,0x22A50E0E,0x0E0E0E0E,0x890E0E0E,0x0E0E0E0E,0x1A520E79,0x0E0E0E0E,0x89898922,
	0x89898989,0x55898989,0x89898989,0x55898989,0x89898989,0x26898989,0x52528926,0x1A528989,
	0x3A1A6C81,0xA5745858,0x3A1A6C81,0x3A558922,0x79896C81,0x89523549,0x1A558981,0x22551B58,
	0x0E7979B1,0x22797979,0x551B5545,0x551A521A,0x213D2181,0x2174B452,0x52216C81,0x3DA0160F,

	0x225B210E,0x3D222255,0x35493A0E,0x89222279,0xB4625255,0xB0555589,0x79797979,0x22790EB0,
	0xB4B45826,0x62585858,0x3D3D1A55,0x21B0B0B0,0x62522121,0x1A21211A,0x03353D21,0x0121B416,
	0x26585826,0x3A745A62,0x5862624D,0x89552262,0x0E797421,0x22222222,0x5858895B,0x58585858,
	0x1B3562B4,0x5F1A5552,0x3D061A3D,0x5F21AA21,0x643D041B,0x5F3D735F,0x04C01A5F,0x065F0673,
	0x01045F58,0xB41B5F5F,0x1A040162,0x01310406,0xC05F4D79,0x5F061A1A,0x5F5F1A31,0x04C01A1A,
	0x9973C15F,0x1A1AC01A,0x01010464,0x1A06C01A,0x06C004C0,0x04061A3D,0x99C07306,0xC0049999,
	0x31C0045F,0xB1558953,0x1B0604C0,0x2626269C,0x2C5F041A,0x4D4D8920,0xA75F9904,0x5F9E695F,
	0x06067304,0x99977399,0x735F731A,0x99C17399,0x69737399,0x69709773,0x99C0C05F,0x7001065F,

	0xC0C00404,0xC00499C0,0x04C006C0,0x64C0C004,0x045F9706,0x0499C05D,0x99739770,0x1A991AC0,
	0x99C001A7,0x990104C0,0x9973A78C,0x6969C106,0x73A74141,0x69696997,0xBABA0909,0x3E692E8C,
	0x04999999,0x2E950199,0x04999999,0x2E705FC0,0x640499C0,0x95BA1A04,0x04735F5D,0x678C9770,
	0xBA2E5FC0,0x5716162E,0x2E8C0101,0x6770678C,0x2E8C708C,0x708C678C,0x09AF8C16,0x99BA67BA,
	0xBA8CBAA7,0x8C737373,0x5F975F01,0x70BA9773,0x5F735F06,0x97017373,0x09977373,0x8C016997,
	0x8CBABA09,0x09BA8C70,0x70A77095,0x704109BA,0x5F5F0601,0x01092E73,0x04C0C05F,0x690697BA,
	0x0303958C,0x8146A092,0x03038CC1,0x1B45A991,0x03958C73,0x580AA303,0x9267168C,0x53A3A701,
	0x73BABAA7,0x39A09501,0x5F7301C1,0x396A8C01,0xBAA7A770,0x916A7373,0x5F01BA01,0x4E5F953E,

	0x03920391,0x815862A0,0x03A3A303,0x335833A0,0x03A3A392,0x530A537F,0x03A3A303,0xA039A0A3,
	0x03A3A303,0x49494E91,0x03A3A303,0x49494E91,0x03A3A303,0x49494E91,0x03A3A303,0x5353A091,
	0xA03535A0,0x664E8B8B,0x4E4E4E91,0x354E6A8B,0x53183292,0x53535353,0x38383891,0x3B0A5C5C,
	0xA9A9A991,0x3B46460A,0x18A9A9A3,0x0A5C5353,0x3B3B0AA3,0x33254646,0x5C0A5CA3,0x31313131,
	0x53A0356D,0x463B3B0A,0x0A0A5335,0x0A0A0A0A,0x46462553,0x0A0A0A3B,0x0A0A0A3B,0x0A0A3B3B,
	0x46464646,0xA0532546,0x0A0A0A0A,0x4EA3310A,0x33333333,0xA0030A9C,0x0A0A5C31,0x0391320A,
	0xA0A04646,0xA0A01CA0,0x39910A46,0x35353535,0xA01C530A,0x46466262,0x8B918B91,0x6262628A,
	0x4E038BA0,0x14353535,0xA003911C,0x35490F0F,0x0316678B,0x4E4EA08B,0x5C383891,0x71717171,

	0xA0A08B1C,0x6404BAA0,0x358F3535,0x5F645F31,0x9191A08F,0x5F5F5FA7,0x914E358A,0x5F5FC191,
	0x98A06DB4,0x5F5F91A0,0x914E1B8A,0xAF5F4E8B,0x988B8F49,0xA0399191,0x0A719D71,0x25257171,
	0x645F5F5F,0x5F9964C0,0x5F5F645F,0x5F995F5F,0x5F5F5F99,0x5F5FC15F,0xC15F5F5F,0x5FC1A7A7,
	0x095FAFC1,0xAFA72DA7,0xA06A92AF,0x92A739A7,0x6AA7AF6A,0xAFAF6A0F,0x95A75F71,0xA7AF6A2D,
	0xC15F5FC1,0x91919191,0x395F5F5F,0x35144939,0x1B31C15F,0x8F621BB4,0x31AF09AF,0x35621BB4,
	0x5FA7C1C1,0x62148A8A,0x4935C1C1,0x8A358A35,0x4E493992,0x53394E4E,0x7171253B,0x715C5C71,
	0x91A0A0A0,0x91919191,0x8F8F8F8F,0x498F4939,0xA0039198,0x6262350F,0x4E03984E,0x62628A0F,
	0x35030335,0x628A8A8A,0x8A8B0335,0x4949498F,0x358B03A0,0x4E4E4E49,0x259D9D25,0x71719D25,

	0x1C919191,0x1C1CA0A0,0x8F490F8F,0x8F494949,0x91351B62,0xA3A00398,0x49351B62,0x49A06791,
	0x358A358A,0x8A4E0367,0x49143549,0x35390303,0x4E4E4E4E,0x39A00303,0x9D717171,0x9D257171,
	0x4E0391A0,0x919191A0,0x628B3535,0x35358A62,0xB48B8A35,0x8F8A6262,0x1B913535,0x3562628A,
	0xB4914935,0x628A8A62,0xB4913949,0x8F1B1B1B,0xB4031C4E,0x49351462,0x357F385C,0x394E4E0F,
	0x91A0A091,0x91919191,0x8F8F4935,0x35353549,0x4E0391A0,0x8AB4354E,0x4E03910F,0x35148A0F,
	0x62910335,0x49493562,0x628B0339,0x1C4E498A,0x62910349,0x8F39A035,0x498B03A0,0x62468F39,
	0x1C553591,0x393C5098,0x1C588F4E,0x9120208B,0x91625349,0x8F20208B,0xA335390F,0x5320508B,
	0x5C18A0A0,0x4E200D53,0x0A8F534E,0x4E0D2053,0x21073149,0x42847A21,0x0A3C560C,0x31684A50,

	0x91530A46,0x8F530D85,0x91919192,0x8F490D68,0x49A0537F,0x0A8F0D0D,0xA0A09C53,0x0A490D7E,
	0x9132340A,0x5C530D31,0x91A06233,0x0A530D31,0x50202082,0x17427B43,0x31317E3C,0x28619D54,
	0xB4A05353,0x91910349,0xB4530A8F,0x350F9149,0x6253460A,0x35390349,0x8FA03B0A,0x49A00349,
	0x53318F53,0x49A09553,0x31A0183B,0xA091A053,0x455C0D20,0xA353460A,0x8F500D1C,0x0A0A0A0A,
	0x91039191,0x9191A01C,0x8A494935,0x498F8F35,0x39A035B4,0x0FA00391,0x914E62B4,0x1C39A091,
	0x0FB41B14,0x350F6795,0x3962358F,0x1B4E6703,0x4935A0A3,0x624E0303,0x535391A3,0x624E9103,
	0xA0919191,0x91919803,0x3549358F,0x4E4E9191,0x358A8A4E,0xA0A09191,0x8AB41B49,0x8BA09191,
	0x8A358A62,0x4E910391,0x621B8A8A,0x8B920391,0x628A3549,0x929103A3,0x8A494949,0xA3910391,

	0xA3A0A01C,0x9191A31C,0x8F8F494E,0x358F8F49,0xA0030303,0x35358AA0,0x4E039191,0x35353535,
	0x35039203,0x358A62B4,0x8F03A303,0x498F8A1B,0x49039103,0x8F494962,0xA091A3A3,0xA0A0A0A0,
	0x91919191,0x9191A0A0,0x8F490F35,0x49494949,0x924E3562,0xA0A00395,0x918F8A35,0x49A09103,
	0x918A8F35,0x62499191,0x918F498A,0x3549918B,0x91494935,0x62498BA0,0xA3A0A0A0,0xA0A01C1C,
	0x5F919191,0x995F6499,0x5F5F4949,0x645F9904,0x5F5F6231,0x5FC00499,0x5F358A31,0x5F995F5F,
	0x5F628A8A,0x095F5FC1,0x5F353535,0x6AA7AF09,0x35353535,0x6AAFAFA0,0xA01C1CA0,0x41A7A0A0,
	0x99045F5F,0x5FC15F5F,0x5F645F5F,0x5FC1C15F,0xC1C15F5F,0xC15F5F5F,0xAFC15F5F,0x5F5F5FC1,
	0xA7AFA7C1,0xA75F5F09,0x5FAFAFC1,0xC1C15F5F,0xBAA7A739,0xA70909AF,0xA76A6AA7,0x91AFAF41,

	0x9191A05F,0x9191A01C,0x4949A05F,0x4E493939,0x9139A0C1,0x91910303,0xA049A7AF,0x4EA09191,
	0x398F5FAF,0x35490391,0x3939A0AF,0x8F490391,0x39398F5F,0x62490391,0xA0A04E4E,0xA04E9191,
	0x4E919191,0x0F49A0A0,0x4E0F0F39,0x354E911C,0x0F353535,0x4E91A04E,0x358F4949,0x914E3949,
	0x35358F49,0x4E4E4E8F,0x0F394E4E,0x39394E39,0x4E493535,0x8B1CA04E,0x03911C1C,0x71713203,
	0x5555354E,0x58555555,0x918B498A,0xA04EA091,0x4E494949,0x628A4E4E,0x49A09191,0x4E394949,
	0x919103A0,0x4E0F4E1C,0x4E4E4E4E,0x4E4EA04E,0x8B8B8B8B,0x9191918B,0x0A717171,0x5C710A5C,
	0x353D6C46,0x6D620A8B,0x491A6C46,0x459C9CA3,0x531A6C46,0x1B9C9CA0,0x531A6C46,0x629C9CA0,
	0x49896C46,0x499C9CA0,0x49896C46,0x499C9CA0,0x49896C25,0x499C9CA0,0x49896C45,0x499C26A0,

	0xA0A0620E,0x061A1491,0xA0A33552,0x313D0F1C,0x1C91353D,0x58B0391C,0x91918A52,0x551A98A0,
	0x9191353D,0xB41B161C,0x911C143D,0x31316A39,0x921C144F,0x73061A73,0x696A354F,0x043D5F5F,
	0x1A996499,0xA25F5FC0,0x041A065F,0x735F5F06,0x695F6A4E,0x99060673,0xA2959539,0x1AC099C0,
	0xBAA7BA8C,0xA23D0669,0x70731A73,0x010601BA,0x5FC01A1A,0x0606695F,0x04C0991A,0x5F065F70,
	0xC03D1A99,0x7306C006,0x991A3DC0,0x06730499,0x04990173,0x5F73C0C0,0x045F2E70,0x7070C03D,
	0xC05F1A01,0x04065FC0,0x5F06041A,0x061A065F,0xA2C073C0,0x695F7373,0x01C0C05F,0xC0970164,
	0x99045F73,0x69069901,0x01736906,0x70010169,0x5F697001,0x7069C15F,0x5F5F6970,0x7069C169,
	0x695FC1C1,0xA72E01BA,0x702E702E,0xA7AFBAA7,0x8C090197,0x2E8C7069,0x8C016973,0x8C41C170,

	0x09BA70BA,0x3E3E8C95,0x418C092E,0x3E8B6795,0xBAA7BA97,0x8C3E9570,0x73BA015F,0x8C57A75F,
	0x06010606,0x67705F64,0x5FC01A73,0x64015F1A,0x0404995F,0x695F9904,0x7304BA2E,0x73040404,
	0xA7A78C41,0x04738C8C,0x09A7418C,0x97978C95,0x412E4195,0x97010195,0x95959541,0xA7415F8C,
	0x95576795,0x8C8C958C,0x67576701,0x67A78C8C,0x95573E09,0x6795AF2E,0x673E8C95,0x67674141,
	0x73049973,0x06645F01,0xC15F9904,0x99736473,0x7306015F,0x01BA045F,0x64C0A72E,0x975F738C,
	0x73A7A767,0x018C70BA,0x958CAF95,0x958CBA8C,0x4195418C,0x09098C41,0x41673E95,0x8C8CAFAF,
	0x5F700106,0x354E95BA,0x2E970173,0x49A01641,0xBABA8C5F,0x03A7BAA7,0x2EA7A7BA,0xA9929709,
	0x8CBA8CBA,0x38321695,0xAF8CAF8C,0x32850341,0x8CA7AFA7,0x3831A98C,0x70A72EBA,0x519DA38C,

	0x951D1D03,0x98919198,0x1D036795,0xA3A3A31D,0x3185A9A3,0x9B9B9B31,0x38389B9B,0x32A98538,
	0x85858585,0x3885A6A9,0x9B319B85,0x9D9D9D9D,0x7E7E9D31,0x34343434,0x34AD6051,0x17171717,
	0x9371687F,0x60606017,0x9B9B9B38,0x9B717171,0x85383838,0x6B9B9B38,0x9B9B3138,0x34176B9B,
	0x176B7171,0x08A18D17,0x17171717,0xA136A144,0x34171717,0x3636A108,0x088D088D,0xA1A1088D,
	0x34346060,0x9D51AD34,0x3608939B,0x6F6F6F6F,0x36361751,0x08080808,0x34348D8D,0x08080844,
	0x08080808,0x36363608,0xA1A1A1A1,0x363636A1,0xA1A1A1A1,0x3636A1A1,0x8D8D8D36,0x3608348D,
	0x1760207E,0x08080808,0x3636A16F,0x3636B136,0x36360808,0x3608348D,0x36363608,0x36088D08,
	0xA1A1A1A1,0x6FA13636,0x36363636,0x34086F6F,0x6F6F3636,0x66629C9C,0x35126F36,0x76767629,

	0x08080808,0x08080808,0x36363636,0x366FB136,0x36363636,0xA1363636,0x366F3636,0x36363636,
	0x088D366F,0x6F6F3636,0x4E14269C,0xADAD0836,0x72764747,0x719D8D33,0x594B4776,0x688D6F39,
	0x1812178D,0x8D126A6A,0x086F3636,0x6F6F8F2D,0x36A1A1A1,0x086F8F4E,0xA16FA1A1,0x366F8F39,
	0x08A10808,0x08A18F0F,0x1871686B,0x9B9BA059,0x32385C9B,0xA9323253,0x9B9B389B,0x9B9B9B9B,
	0x17178D08,0x60606017,0xA1A1A136,0x36363636,0xA1A13636,0x3636A1A1,0x36363636,0x6FA1A136,
	0x36080808,0x213636A1,0x60719D9D,0x34A16F8D,0x9B9D6838,0x0F6F1771,0x939D689B,0x49A11760,
	0xA1A18D17,0x0836A1A1,0x9C9C0836,0x9C9C9C9C,0x9F9F6208,0x87249F9F,0x87662734,0xB8878787,
	0x87B87217,0x87878787,0xB8B8298A,0x47B8B8B8,0x87876627,0x87878787,0x3838A039,0x57A30A38,

	0x08080808,0x08080808,0x082C9C9C,0x08080836,0x347D8766,0x08080836,0x3459B8B8,0x3636086F,
	0x34592487,0xA136366F,0x342D24B8,0x36A1366F,0x34670F24,0xA1A1A16F,0x7E91169E,0xA1A1A108,
	0x33448D8D,0x0A0A0A53,0x36363636,0x08333308,0xA1080808,0x45112D46,0x0A6F3636,0x3E477257,
	0xA0363636,0x8B140F2D,0x8D363636,0x14AA1B4E,0xA1A13636,0x932DB948,0x46A1A1A1,0x383196B5,
	0xA0530A49,0x8F0A4653,0x3B173636,0x0A463B0A,0x6F363608,0x6F6F6F6F,0x3636B18D,0x0836A136,
	0xA136B108,0x083636A1,0x36363608,0x6F6F6F36,0x6F6FB121,0x33123308,0x0C0C0C33,0x9C9C9C33,
	0x91A010BB,0x5862437E,0x0A46430D,0x12490D31,0x08B11075,0x92534320,0x36082B20,0x5C6F2B20,
	0x3608BCA1,0x08B14320,0x6F6F4320,0x176FBC20,0x9C9C1020,0x53330520,0x9C9CBC20,0x0A332020,

	0x53815858,0x310DA053,0x0A0C3333,0x310D9118,0x91919191,0x20050AA3,0x03A39191,0x20BC2112,
	0x92A3A018,0x2043B136,0xA3A0533B,0x20BC219C,0xA0530C9C,0x2020337F,0xA00A9C34,0x202033A0,
	0x49203C16,0x49538F0A,0x4E0D0D8B,0x53535353,0x34202034,0x3434348D,0xB12020B1,0x36363636,
	0x08757508,0x36363636,0xB14242B1,0xA16F216F,0x33202033,0xA1125112,0x58202058,0x51349C9C,
	0x91A35353,0x4EA003A3,0x255C5353,0x930A9E53,0x35518D34,0x46873DA2,0xA20A2136,0x8BA2241A,
	0x3108A1A1,0xA027721A,0x313636A1,0x44491B55,0x316F6F6F,0x46489614,0x2D250C0C,0x8B2D961B,
	0xA0A0A0A0,0x9D6838A3,0x1212129C,0x1717179C,0x080808B1,0x08080808,0x0808B108,0x08080808,
	0x36363608,0x36363636,0x36A1A16F,0x36363636,0x3636A136,0x36363636,0x36A16F8D,0x36363636,

	0x6B717171,0x51517E7E,0x36363634,0x9C9C2036,0x08080808,0x9F596236,0x08080808,0xB859256F,
	0x36A13636,0x87593321,0x36363636,0x8759336F,0x6F363636,0x9F575121,0x0A363636,0x8B57A053,
	0x9393937C,0x6B519393,0x34343426,0x08519C9C,0x24242424,0x1B9F9F9F,0x87878787,0x0F878787,
	0x24242424,0x0F248724,0x87878787,0x24668724,0x9F242424,0xB8242424,0x0A310A0A,0xA00A0A0A,
	0x6B6B6B6B,0x5F3B7E6B,0x8D8D8D8D,0x606017AD,0x08080808,0x8D080808,0xA1A1A136,0x36363636,
	0x36366F08,0x08B13636,0x36A18D62,0x9D340836,0x36214627,0x859B5108,0xB18D534E,0x9B9D71AD,
	0xA72D92AF,0x513BA77F,0xA06A7F51,0x8D8D8D17,0x4E8B3336,0x3636A144,0x396A336F,0x36363608,
	0x392D3336,0x08080808,0x4E7D0A68,0x9D6B6B71,0x6A2DA385,0x689B32A3,0x0A5C0A71,0x685C535C,

	0x7E7E7E7E,0x7E7E5151,0x8D8D8D8D,0x8D8D8D8D,0x36363636,0x08080836,0x36B13636,0x08080836,
	0x368D3608,0x36366F6F,0x9C0F337E,0x366F449C,0x2929399B,0x08581B87,0x76472D38,0x4F768376,
	0x7E7E7E7E,0x1717517E,0x8D8D8D8D,0x34348D8D,0x08080808,0x08080808,0x08080808,0x08080808,
	0xA136A1A1,0xA136A1A1,0x36363636,0x36363636,0x36366F6F,0x36363636,0x366F9C46,0x3636A1A1,
	0xADAD3417,0x17AD8DAD,0x34341717,0x71689334,0x34343434,0x6B6B7E17,0x34343434,0x448D4434,
	0x36080836,0x08080808,0x36363636,0xA1A1A136,0x36363636,0xA1A13636,0x36363636,0xA1A1A1A1,
	0xA055260A,0x49333391,0x0A9C517E,0x45535353,0x25686B6B,0x5C252525,0x51178D8D,0x9B71517E,
	0x36360808,0x34340836,0x363636A1,0x36363636,0x363636A1,0xA1363636,0x36A1A1A1,0x8D340836,

	0x5FA0356D,0x99649904,0xA78B0F8A,0x99C006BA,0x010A4646,0x7006015F,0x189D9D71,0x2E705F69,
	0x60939317,0x5F69093B,0x34343408,0xBA3134AD,0x3417178D,0x5F3B0A17,0x1734178D,0x06705F31,
	0x1A1AC004,0x73730173,0x063D9969,0x06730106,0x01046401,0x70018C95,0x7070C12E,0x9595952E,
	0x708CA709,0x67958C70,0x2E06C006,0x8CBA702E,0xC1990499,0xBA040469,0xC099041A,0x0604C006,
	0x7006995F,0x01060606,0x41705F5F,0x7006BA8C,0x2E975F69,0x73738C41,0x09976901,0x70015767,
	0x958C8C3E,0x958C8C95,0x8C8C6767,0x95958C8C,0x977069C1,0x8CC12E69,0x5F01695F,0x958C0106,
	0xBA707070,0xAF8C8C8C,0x702E7070,0x2E8C418C,0x8C2E8CC1,0x41418CC1,0x8C958C2E,0x8C2E412E,
	0x413E3E95,0x8C2E708C,0x418C113E,0x8C70708C,0x412E7041,0x8C414141,0xC12E7070,0x412E7070,

	0x95010195,0x972E5F1A,0x8C412E8C,0xA7419501,0x672E8C8C,0x09AFAF95,0x3E418C8C,0x0997A795,
	0x57169595,0x0909953E,0x678C09A7,0x2E2E958B,0x958C8C8C,0x8C955757,0x8C8C8C8C,0x4167578C,
	0x573E412E,0x573E6795,0x573E8C2E,0x67116795,0x3E3E8C2E,0x41951111,0x2D8C8C8C,0x8C41678B,
	0x2D67418C,0x2EAF413E,0x2D579541,0x41095F3E,0x2D11958C,0x67AF978C,0x8B2D8C41,0x3EA74116,
	0x8C8C9567,0x9295AFAF,0xAF8C4195,0x125F4141,0xBA09A7AF,0x3B188CA7,0x2E09092E,0x2E8C0997,
	0x418C8C41,0xA78CA709,0x16958C67,0x8CA74192,0x92959557,0x9516A712,0x92419516,0x253B3B5F,
	0x0970A7A7,0x3434188C,0x317F333B,0x0836368D,0x8D343434,0x348D0808,0x1717343B,0x17171717,
	0x3417318C,0x17173417,0x340C7FAF,0x8D341717,0x34348D3B,0x25128D34,0x9C343434,0xB8668F8F,

	0x34173434,0x36083434,0x08341717,0x44360808,0x17348D34,0x34348D8D,0x34344434,0xAD8D0808,
	0x9C173417,0x358F3312,0x0F8F5117,0x76839F0F,0x29661462,0x2447B876,0x47B87629,0x27722487,
	0x348D3636,0x36360808,0x8D360834,0x8D448D08,0x8D08368D,0x44441734,0x8D8D0C45,0x8D8D088D,
	0x340C0FB8,0x34343417,0x8D255976,0x17171717,0x17535972,0x34343417,0x9C57592D,0x17171708,
	0x08080808,0x36360808,0x6FA1088D,0xA13636A1,0x8D8D8D8D,0xA1A1A136,0x088D8D8D,0xA1A1A1A1,
	0x8D444434,0xA1080808,0x088D8D34,0x6F6FA108,0x8D8D3434,0x8D08088D,0x8D8D3417,0x8D34348D,
	0x8B25A136,0x24B8B876,0x538D4436,0x4B4B2459,0x536FA1A1,0x59594B8B,0xA08D348D,0xB8725991,
	0x34080808,0x9F2D8B91,0x346F6F6F,0x911C9191,0x5360348D,0x91389B98,0x389D1708,0x91389B38,

	0x59724B4B,0x0836338B,0x4B592772,0x2C357D87,0x3D832472,0xA02D9FB8,0x72B83D3D,0xA0A08F2D,
	0x8B8B2D4B,0x539B9D5C,0x9B71328B,0x8D6B719B,0x7E9B7171,0x366F177C,0x36936838,0xA1088D08,
	0x6B681708,0x6B6B6B6B,0x3636A136,0x36A13636,0xA136A108,0xA1A1A1A1,0xA1363608,0xA1A1A1A1,
	0x36A10834,0x36A1A1A1,0xA1368D08,0xAD086FA1,0x8D8D3408,0x6F6F088D,0x9C173408,0x3434179C,
	0xA1081760,0x8F36366F,0xA16FA1A1,0x36363636,0x363636A1,0xA136A1A1,0x3636A1A1,0xA1A13636,
	0x36080836,0xA1363636,0x0834348D,0xA1A1A1A1,0x6F6F6F6F,0x8D8D8DA1,0x8D8D8D44,0x8D8D8D8D,
	0x6B687171,0x3DA2857E,0xA1080808,0x3D5D9F25,0x366F36A1,0xA2A2A20A,0x6F36A1A1,0x4F871617,
	0x3636A1A1,0x3D111BA1,0x3636A1A1,0xA77F0A36,0x2136088D,0xBB310917,0x1734448D,0x837F318F,

	0x60A0A23D,0xA1363608,0x084647C2,0x36363636,0x0835B887,0x8D36366F,0x21511B8A,0x366F3636,
	0xA136466D,0x35366FA1,0xA16F34A0,0x2D35366F,0x34365CC1,0x762D2536,0x44128BA2,0x9F572508,
	0xA0128D6F,0x9C343435,0x34B13417,0x28313851,0x12B15B31,0x2AB6250C,0x5B200AA0,0x3434B1B1,
	0x0A915767,0x2C9C3325,0x91594727,0x32321853,0x4E274776,0x0A0A2533,0x2557279F,0x250C9C9C,
	0x9C9C9C26,0x9B5C9C34,0x31313131,0x0D3C3131,0x3C3C2A2A,0x0D0D3C3C,0x34343434,0x31658D34,
	0x33259C34,0x227921B1,0x7FA3A032,0x9C9C3325,0x25530A0A,0x5338380A,0x33530A25,0x2525339C,
	0x5C5C610D,0x0C18203C,0x0D3C560D,0x8185100D,0x0D4C4C56,0x253CB356,0x28313C3C,0x85283C3C,
	0xB1222222,0xB1B15B5B,0x2C9C9C9C,0x2C2C2C34,0x18535353,0x53181818,0x530A2546,0x53535318,

	0xA00A259C,0x500DA0A3,0xA0530A25,0x0D0D16A0,0x32389D25,0x0D0DA918,0x85858585,0x31288585,
	0xB1B1B1B1,0x5BB1B1B1,0x34343434,0x9C9C3434,0x53535353,0xA3A33253,0x53535353,0x18183253,
	0x0A208253,0x9C20519D,0x3C560D2A,0x3131312A,0x564C560D,0x2A150D0D,0x3C3C3131,0x34AD6528,
	0x202022B1,0x2534B120,0x33339C9C,0xA3A01825,0xA3A3A3A3,0x32A31DA3,0xA0323218,0x5318A0A0,
	0x179C9C9C,0x494D2660,0x31313131,0x60518585,0x3C2A2A2A,0x33519320,0x089C6034,0x9C204D4D,
	0x3B0A530A,0x320A0A0A,0xA3A303A3,0xA3161616,0x7F38A3A3,0x91112D2D,0x9FA3A353,0x7DA23D3D,
	0x368D9C53,0xA1A1A1A1,0x34252C34,0x36A1A136,0x539CB120,0xA1A1A18D,0x7F532533,0x3636A18D,
	0x9CA3A31D,0x3636366F,0x34A33818,0x36363621,0x51A03B5C,0xA1363608,0x32535391,0xA1086038,

	0xA246A1A1,0x327DA2A2,0xA27D9D21,0x4EA23DA2,0x29A0176F,0x8BA2A227,0x1A0A2136,0x2727473D,
	0x5F0A2136,0x5F2D984F,0x96A1A136,0xA04820A2,0x316F36A1,0x252A7E1B,0x910CA108,0xA0452D1B,
	0x6868686B,0x719D9D9D,0x08083608,0x08080808,0x36366F08,0x36A1A136,0x36366F46,0xA1A1A136,
	0x36366F53,0x36A1A1A1,0xA1363608,0x3636A1A1,0xA1A1A136,0x36A1A1A1,0x3636368D,0x36363636,
	0x087E535C,0x6B930836,0x36080808,0x36A16F36,0x36A1A1A1,0xA1A13636,0x363636A1,0x36363636,
	0x36A1A1A1,0x36363636,0x36080808,0x36363636,0xA18D8D8D,0x363636A1,0x8D8D366F,0x36363636,
	0x71716B7E,0x259B7171,0x34AD8D08,0x0F351734,0x080836A1,0x9F2D3336,0x36363636,0x8F57336F,
	0x36363636,0x6853126F,0x36363636,0x7E17A136,0x36363636,0x6FA1A1A1,0xA1A13636,0x8DA1A136,

	0x4B9F2DA0,0x8376769F,0x4B274B9E,0x4724249F,0x87833DB8,0x244B9F9F,0x3D294B72,0x7224763D,
	0x592D8B0A,0x599F1A29,0xA09B9B7E,0x918B8BA0,0x9B9D5108,0x9B328B71,0x60AD088D,0x9B325771,
	0x6F9C9E1A,0x3636A136,0x6F9C2DB8,0x3636A136,0x6F8D4E27,0xA1363636,0x6F344E2D,0x8DA13636,
	0x34340A91,0x08343434,0x17340A67,0x8D8D8D34,0x60514E91,0x8D8D8D17,0x609B8538,0x12125117,
	0x36363636,0x3636088D,0xA1A13636,0x448D8DAD,0x0836A1A1,0x8D8D8D8D,0x08A1088D,0x17171744,
	0x34178D08,0x34171734,0x17348D8D,0x9C171717,0x08088D8D,0x34088D44,0x6F8D1212,0x46088D8D,
	0x34343408,0x36368D34,0x36363636,0x36368D8D,0x8D8D8D8D,0x17178D08,0x34171717,0x17341717,
	0x17254E12,0x17344434,0x14B8B849,0x449C0C33,0x3D3DC34E,0x46629F87,0x769F274E,0x47833D3D,

	0x3134348D,0x991A1A64,0x5F1A8D08,0x01040473,0x73313417,0x2E2E0199,0xBA121717,0xAF8C4170,
	0x12341717,0x2E09929D,0x34171734,0x31341734,0x178D340C,0x34171717,0x600A3566,0x17171734,
	0x04990499,0x73990664,0x73C09901,0x70972E73,0x2E017397,0xC1698CBA,0x414169BA,0x2E01C141,
	0x1641AFC1,0x9570978C,0x5F313418,0x9595413B,0x31338D34,0x4170415F,0xC1BA3112,0x4170C170,
	0x735F5F5F,0x418C7073,0x5F063D70,0x69959573,0x6970C070,0x2E958C73,0x4157708C,0x41958C2E,
	0x113E9595,0x956A3E95,0x3E959541,0x672D5711,0x3E707041,0x67113E57,0x97692E41,0x3E11678C,
	0x6970412E,0x412E5F5F,0xC169C197,0x8CC15F5F,0x065F5F01,0x69017306,0x5F64012E,0x0101735F,
	0x70730995,0x70419797,0x2E704195,0x41950109,0x8C414116,0x95706970,0x958C9516,0x705F3E16,

	0xAF8C928C,0x6711678C,0x95959541,0x3E2D3E95,0x53313B31,0x59111631,0xA16F6F6F,0x11A00C08,
	0x36363636,0x110A2136,0x36363636,0x11316F36,0x8D363636,0x2D53088D,0x17348D8D,0x2D538D17,
	0x8B596753,0x033E9116,0x2D8B9567,0x6095678B,0x112D8C3E,0x080C7F67,0x3E273E57,0x1717443B,
	0x6A598B2D,0x34171717,0x332D2D9E,0x9C171734,0x0C672D7D,0x129C3444,0x0C672D72,0x9C121234,
	0x923B349C,0x8D124141,0x178D366F,0x340CAF18,0x34173444,0x17343434,0x17171717,0x17126017,
	0x17171717,0x34171734,0x17171760,0x17171760,0x17171712,0x9C121212,0x17171717,0x12121212,
	0x397F2544,0xB8762947,0x18910C44,0x2424B89E,0xA3388D17,0x9F9F9F6A,0xA0513417,0x879F5991,
	0xA08D1717,0x2D725991,0x7F341717,0x4B278B91,0x53343434,0x27278BA3,0x51341712,0xA0A37FA3,

	0x242447B8,0x27595972,0x4B4B9F24,0x2D59274B,0x4B244B72,0x59595927,0x5959274B,0x59592759,
	0x72595959,0xB8B87259,0x24597D27,0x3D767676,0xB8769F72,0xB83D8376,0x2947479F,0x57599F76,
	0x5191597D,0x17340808,0x91985959,0x17121233,0x0F72722D,0x250F1472,0x83B8B89F,0x4559873D,
	0x24837676,0x5167982D,0x112D473D,0x0AA051A3,0x18A38B2D,0x03322571,0xA685321C,0xA6A6A9A6,
	0x8D8D1717,0x3608448D,0x34088D17,0x34343434,0x8D341734,0x8D8D8D44,0x17171717,0x17171717,
	0x17171734,0x08080844,0x17171734,0x34343417,0x17171725,0x17171717,0x17171725,0x17171717,
	0x8D8D3636,0x17ADAD8D,0xA18D3434,0x6F6F6F6F,0xA1A1A136,0x8D8D8D08,0x8D8D0834,0x17171717,
	0x8D17348D,0x36080808,0x8D8D8D8D,0x088D8D08,0x08080808,0x8DA1088D,0x8D8D8D8D,0xA16F088D,

	0x8D08AD17,0x8D341717,0x34086F6F,0x8D348D8D,0x17348D8D,0x8D8D3434,0x17171717,0x088D1717,
	0x8D080808,0x36080808,0x34171734,0x36363634,0x088D4434,0x36363636,0x366F6FA1,0x4444448D,
	0x08083434,0x34080808,0x08363608,0x08366F36,0x60171717,0x08088D17,0x08088D34,0x08088D8D,
	0x34340836,0x34343434,0x34348DA1,0x088DAD34,0x6F6F0808,0x17AD08A1,0x08441717,0x34088D36,
	0x17344434,0x6F368D34,0x36080808,0x08080836,0x8D080808,0x17171734,0x17343434,0x17171717,
	0x8D601717,0x34178D08,0x17608D08,0x8D346017,0x448D3417,0x34343434,0x8D8D3417,0x44344444,
	0x6008366F,0x317F1A2D,0x34440808,0x483CA333,0x60171717,0xA9489D08,0x08080834,0x678B4E51,
	0x8D448D34,0x11A26771,0x9C348D8D,0xA3A35C93,0x44343434,0x8D8D8D8D,0xA1363636,0xA1A1A1A1,

	0x0844A039,0x118B4617,0x34210A48,0x163BB151,0x0A08531D,0x59250834,0x0A085359,0x666A0A0A,
	0x179C9111,0x318B0353,0x8D6071A3,0x5F142D0C,0x3434AD8D,0x8A240F9C,0x8D8D086F,0x31675136,
	0x62595959,0x0A0A4625,0x25A05757,0x2C12339C,0x51492D59,0x5353530A,0x9C6A1B24,0x33515108,
	0x5F318F8A,0xB1B121B1,0x5F316A1A,0x535353A0,0x1B721A1A,0x38383818,0x5C3E5F31,0x1717348D,
	0x3B32380A,0x9C9C3351,0x0A5C519C,0x9C9C2546,0x5CA3A018,0x339C349C,0x183B2525,0x51255332,
	0x2C202020,0xA05C3333,0xB1B146A0,0x34200820,0x0A53A018,0x20202C0A,0x9D9D7E60,0x1818A00A,
	0x0C0C3333,0x0C333333,0x33333333,0x33333333,0x25252533,0x0A462525,0x12519C9C,0x33335151,
	0x32323232,0x32323232,0x34343434,0x9C9C3434,0x4D344D4D,0x2C2C344D,0xA0A0A0A0,0xA0A0A0A0,

	0x0A250C0C,0x0A0A0A0A,0x53532533,0x53535353,0x53530A3B,0x53535353,0x0A253333,0x9D9D9D3B,
	0x7F7FA032,0x7F7F7F7F,0x12519C9C,0x51121212,0x9C9C262C,0x2C9C9C9C,0xA0A0A0A0,0x32A0A0A0,
	0x5C38380A,0x18325353,0x53535353,0x32323253,0x53535353,0x0A0A5C38,0x0A3B3B9D,0xA3A3530A,
	0x7FA07F7F,0x5332A3A3,0x9C9C5151,0x510C250C,0x9C9C2634,0x46463333,0x0303A3A0,0x0303A391,
	0x4703A332,0xA23D3D3D,0x2DA0327F,0xA2AEAEA2,0xA2039253,0x2DA2A2C3,0x8B327FA3,0x572D2D9F,
	0x030A0A53,0x6A87A227,0x2A913333,0x5FC324BB,0x0D92030A,0x1D7785A9,0x6531161D,0x4E71491D,
	0xA3383298,0x51383232,0xA3A33203,0x32383838,0x0A537F16,0xA3463325,0x339C510A,0xA3A3530A,
	0x535C2518,0x851D03A3,0xA3A33295,0x9D9D85A9,0x7E5CA391,0x088D1717,0x6F6FA01B,0x8D8D8D36,

	0x030A8D60,0x491BB53D,0x96818D12,0x2D492220,0x1B499385,0x2D3D2121,0x2D326B9B,0x911BC3C3,
	0x1D9B719B,0x32165716,0x6008347E,0x345C7F38,0x36080836,0x34086F6F,0x34171734,0x17173434,
	0x34343417,0x34343434,0x36368DAD,0x36363636,0x088D3417,0x8D8D0808,0x17171760,0x8D8D3417,
	0x3434177E,0x34341717,0x08080808,0x1760178D,0x8D8D8D34,0x8D8D3434,0x8D8D3460,0x8D8D348D,
	0x08083636,0x343408A1,0x6F6FA136,0x8D08A1A1,0x8D8D8D36,0x8D8D8D8D,0x8D8D3444,0x368D348D,
	0x34343417,0x1717088D,0x8D606017,0x17173408,0x348D8D8D,0x17171717,0x348D8D8D,0x8D8D8D17,
	0x3636A18D,0x36A1A136,0x17178D08,0x08083634,0x1717178D,0x60601717,0x1717178D,0x8D8D3417,
	0x17343417,0x08341717,0x34080834,0x60606060,0x34606060,0x8D8D8D8D,0x368D8D8D,0x8D8D8D8D,

	0x08080808,0x17601217,0x348D3636,0x08088D17,0x8D346060,0x17171717,0x8D8D8D8D,0xAD17348D,
	0xA1363636,0xA13636A1,0x368D1717,0xA1A1A136,0xA136088D,0x6F363636,0x348D8D8D,0x34343434,
	0x17936017,0x0808368D,0x34178D36,0x36360808,0x34171717,0x08083444,0x08080808,0x17444444,
	0x34086FA1,0x17171717,0x080808A1,0x17171734,0x1717ADA1,0x17171717,0x8D17348D,0x8D8D0808,
	0x348D0808,0xA0083417,0x17174408,0xA0128D8D,0x9C34348D,0x57A00A46,0x72253417,0x87872447,
	0x11533417,0xC33D3D9F,0x910A8D17,0x83242DA0,0xA0536034,0x2D679D34,0x7F919D8D,0x92A99B85,
	0x274B2472,0x83764772,0x249F2727,0x87274B4B,0x59597227,0x87B8874B,0x9F275972,0x8727274B,
	0x599F4747,0x4B9F249F,0x76B87683,0x9F9F7287,0xC33D3D47,0x72877676,0x3D665967,0xB847B83D,

	0x8A83833D,0x1717250F,0x3D3D3D76,0x25A08A83,0x8329244B,0xA0A0143D,0x8724B8B8,0x0C03919F,
	0x1B479F72,0x1291A072,0x4B7D4B24,0x340A920F,0x4BB89F7D,0x8D0A0391,0x6A599F87,0x8D0A0391,
	0xBA97705F,0x8C2E708C,0x4141AF12,0x09418C41,0x95180C34,0x41A73195,0x25341734,0x41AF120C,
	0x34171734,0x418CAF31,0x17171717,0x167F1212,0x17171717,0x3118128D,0x9C341717,0x34601212,
	0xC1419509,0x1111672E,0x8C676770,0x2D8B952E,0x41676741,0x59114141,0x8C3E418C,0x2D674141,
	0x3E8C9241,0x5916418C,0x0F163B18,0x0F7F9257,0x12311234,0x1B17A08B,0x9C8D3434,0x664E573E,
	0x57959557,0x8C8C8C57,0x5767163E,0x41414195,0x95676711,0x95414141,0x8C16678B,0x5767958C,
	0x7F16572D,0x1157677F,0xA316112D,0x9591111C,0x67678B59,0x1892673E,0x67672DA2,0x173B9116,

	0x34171712,0x11538D17,0x60173417,0x11A0179C,0x51516034,0x11A01251,0x9C517E12,0x1153089C,
	0x12171712,0x11530817,0x34346017,0x11530834,0x12125151,0x11183451,0x9C9C1717,0x11186012,
	0x0C67279F,0x510C1234,0x9D16729F,0x1251129C,0x9D16729F,0x51511260,0x0A67729F,0x12517E51,
	0x0C677D9F,0x17171734,0x0C677D5F,0x17171734,0x0C677D27,0x3417178D,0x38577D7D,0x9D607E9D,
	0x17121212,0x60609C60,0x9C9C6060,0x17171717,0x51121251,0x51251212,0x34343417,0x17121734,
	0x12121212,0x12343417,0x17171717,0x60173417,0x44343434,0x519C1734,0x259D127E,0x127E719D,
	0x9C126017,0x9191A303,0x519C9C17,0x7F039103,0x0C125151,0x175C6792,0x7E343434,0x85A30303,
	0x71515151,0x85A69203,0x6017179C,0x719D9D9D,0x3434607E,0x448D3417,0x17171760,0x17084417,

	0x24146A03,0xA9A3168B,0x91910391,0xA932A903,0xA992980A,0xA948A9A6,0x4891A348,0x32A9A9A9,
	0x9203A385,0x7E3885A9,0xA3911871,0x1717515C,0x9C348D44,0x6012129C,0x51121760,0x9C60127E,
	0xA9A9A9A9,0x9C258585,0x9B32A948,0x34343425,0x607185A9,0x17176017,0x60175185,0x17601212,
	0x1717349C,0x53533334,0x17171717,0x8B25A00C,0x17606060,0x0303A012,0x08086012,0x03A36008,
	0x17171717,0x36363417,0x17173434,0x08363417,0x17173417,0x17171717,0x17176017,0x17171717,
	0x350F0F0F,0x35353535,0x76767629,0x76767676,0x7D7D277D,0x59595959,0x8B8B8B8B,0x8B8B8B8B,
	0x348D6FA1,0x34343434,0x60608D08,0x8D343417,0x17171717,0x34088D17,0x17171717,0x17171717,
	0x9E9E9E9E,0x8A8A359E,0x76767676,0x83837676,0x59595959,0x597D7D7D,0x8B8B8B8B,0x918B8B8B,

	0x17343434,0x60606017,0x17178D08,0x34343417,0x08088D17,0x8D8D448D,0x8D8D8D17,0x1717178D,
	0x8A8A8A8A,0x66666666,0x83838383,0x83838383,0x59597D59,0x27272D59,0x9191918B,0x8B919191,
	0x17606017,0x17343434,0x17173434,0x34343434,0x3434088D,0x8D8D0808,0x17171717,0x17171717,
	0x66666666,0x53358A66,0x83838383,0x46532783,0x7D7D7D27,0xA3912D7D,0x8B8B8B8B,0x92678B8B,
	0x60171717,0x17171760,0x34363608,0x8D8D8D17,0x08448D8D,0x3434178D,0x08343434,0xA1360808,
	0x1734349C,0xA1363617,0x60606032,0x17171717,0x1717177F,0x17171717,0x17173B18,0x17171717,
	0x60348D44,0x60606060,0x08088D17,0x3408A136,0x36083434,0x60608D8D,0x08A1A1A1,0x36343434,
	0x08343408,0x363636A1,0x34171734,0x17171717,0x34343434,0x17171717,0x60606017,0x17171717,

	0xA1080808,0x67536F36,0xA18D6060,0x57536F36,0x6FA13636,0x6A3212A1,0x8D3408A1,0x7171518D,
	0x60608D36,0x8D171717,0x17171717,0x17176017,0x60171717,0xAD343417,0x8D8D3417,0x448DA18D,
	0x3453A0A0,0x08AD6060,0x172D723E,0x6FA108A1,0x0C8B1116,0xAD086F6F,0x5C32A332,0x348D0834,
	0x3417AD8D,0x1717348D,0x17343417,0x34171717,0x60606034,0x36083417,0x17171734,0x44346017,
	0xAD08088D,0x257E5193,0xAD34366F,0x1717AD8D,0x8D34348D,0x8D8D8D8D,0x08088D34,0x8D081760,
	0x088D1717,0x51178D34,0x34171717,0x088D0836,0x8D08A136,0x0844348D,0x9C174444,0x9C606060,
	0x7E7E7E25,0x51515151,0x34171734,0x60173434,0x348D8D34,0xAD080834,0x34088D34,0xAD343434,
	0x368D6060,0x8D340836,0x608D0808,0x8D129393,0x08080808,0x36A1A1A1,0x17178D17,0x348D8D8D,

	0x51515151,0x7E515151,0xADADAD17,0x171734AD,0x8D8D088D,0x3436368D,0x8D8D3434,0x0836368D,
	0x8DA13608,0x34343434,0x36363636,0x36363636,0x8D8D3636,0x8D8D088D,0x348D8D34,0x9C9C6017,
	0x38383838,0x5C383838,0x34ADAD34,0x34341734,0x8D8D8D8D,0x34343434,0x44441734,0x44448D8D,
	0x36363434,0xA1A13636,0x178D3608,0x17171717,0x36363636,0x17343434,0x36083417,0x086F6FA1,
	0x5924A971,0x3133B48F,0x67460834,0xA348A918,0xA98D8D34,0x48484815,0xA0088D44,0x918B6A45,
	0x8B0A08A1,0x6757112D,0xA0711234,0x71A39292,0x44343417,0x34348D44,0x44363608,0x60173434,
	0x1717124E,0x8D088D34,0x44440817,0xAD8D088D,0x34AD8D44,0xAD346034,0x44440844,0x8D448D44,
	0x8D8D3471,0x36363608,0x36360851,0x36363636,0x34343434,0x8D8D8D8D,0x17171717,0x34606060,

	0x8D8D0808,0x08360808,0x36448DAD,0x08080836,0x8D8D8D34,0x34343417,0x8D8D8D8D,0xA1A1A108,
	0x36363608,0x8DA13636,0x93125112,0x08A18D93,0x44343434,0x17348D44,0x34443444,0x8D348D34,
	0x08080808,0x08080808,0x17171717,0x34343434,0x34343434,0x17171760,0x36363636,0x1717348D,
	0x08083434,0x17601734,0x17178D08,0x51176060,0x17171717,0x53331717,0x17178D08,0x46183417,
	0x60603408,0x34343417,0x34343434,0x17171717,0x36083417,0x363636A1,0x34171717,0x34348D8D,
	0x17341717,0x17171717,0x5133510C,0x51515151,0x87872DA3,0x8787B887,0xB8292D0A,0xB8B8B8B8,
	0x34343434,0x17606017,0x17171717,0x36343417,0x17601734,0x8D8D0834,0x8D8D8D44,0x8D8D1734,
	0x34348D34,0x44443434,0x33333333,0x33333333,0x87878787,0x87878787,0xB8B8B8B8,0xB8B8B8B8,

	0x0808AD17,0x08080808,0x36A1A1A1,0x08080808,0x17178D08,0x17171717,0x17178D8D,0x17171717,
	0x343436A1,0x34343434,0x51511251,0x51515151,0x87878787,0x87878787,0xB8B8B8B8,0xB8B8B8B8,
	0x34340808,0x8D8DADAD,0x36360808,0x348DA1A1,0x17341760,0x51516017,0x609C1717,0x8D8D6060,
	0x8D343434,0x6034ADAD,0x51515151,0x120C3351,0x87878787,0x8B9E9F87,0xB8B8B8B8,0x91B8B8B8,
	0x255160AD,0x8585A9A6,0x34176060,0xA6385C12,0x17127E51,0x717E1717,0x6017448D,0x17171717,
	0x08171260,0x17171744,0x36361751,0x17348D36,0xA1448FA0,0x8D8D8D8D,0x083B7F5C,0x348D8D17,
	0x5957A332,0x24C33DB8,0x03A93285,0xA09F5967,0xA6A6A685,0x036703A9,0xA9A69D51,0x9103A632,
	0x5C511734,0x031D32A9,0x17341717,0x0303A371,0x348D8D34,0x32530C8D,0x179C3434,0x17216F36,

	0xA00F9E9F,0x34171803,0x91910303,0x17341867,0x03A3A367,0x0C257F92,0x910A5C03,0x120C7F91,
	0x03853248,0x71381D91,0xA9A6A6A6,0x32A91D03,0x715C85A6,0x25385C5C,0x7E255160,0x34606012,
	0x51121212,0x179C609C,0x60171717,0x34341760,0x1217179C,0x129C9C51,0x3417179C,0x129C3434,
	0x1751510C,0x34171734,0x0C0C5C32,0x1712510C,0x51515151,0x8D8D6051,0x1212129C,0x17343608,
	0x17171717,0x7D110A12,0x179C1734,0x11531717,0x510C519C,0xA0125151,0x51129C12,0x92515151,
	0x51121734,0x0A515151,0x60601734,0x12606060,0x129C348D,0x25517E12,0x12601717,0x25517E12,
	0x67672DA2,0x348D9C91,0x67112D27,0x179C1751,0x67572D11,0x0C0C0C25,0x67572D11,0x9C9C6012,
	0x67572D3E,0x12121251,0x678B7D57,0x51515125,0x678B273E,0x5151510C,0x678B273E,0x5151510C,

	0x389D7E34,0x59A05171,0xA6858551,0x2D11A385,0xA9388585,0x8B111DA9,0x7F1D3285,0x5757A318,
	0x53A07F92,0x578B91A3,0x03037F53,0x3E116795,0x67959503,0x91579567,0x95959595,0x16161695,
	0xA33E7D8B,0xA62538A9,0x95117D91,0x85858532,0x672D7D3E,0xA9A9A9A9,0x672D2D57,0x32187F16,
	0x8B8B3E67,0x91A39267,0x2D3E6767,0x1695958B,0x67679595,0xA3959567,0x95959516,0x38181803,
	0x32323885,0x129D32A6,0x85388585,0x38388585,0xA9A9A9A9,0xA9A9A9A9,0x18181832,0xA3323218,
	0xA07F9191,0xA9320A0A,0x387F6703,0x031DA332,0xA332380A,0xA6329292,0x1D924818,0x328585A3,
	0x12121212,0x33515112,0x32328585,0x0C32325C,0x71388532,0x71A65C9D,0x0A32A992,0x9D857125,
	0x3285A392,0xA9853885,0x858532A3,0x85A68585,0xA6857185,0x85323285,0x5C715138,0xA632855C,

	0x51510C0C,0x7E171751,0x12343434,0x17171712,0x34346051,0x34343434,0x7E519B85,0x51515151,
	0x17123832,0x1751129C,0x129D1271,0x36446034,0x25713825,0x51121717,0x446085A9,0x60517E34,
	0x607E0C0C,0x03531712,0x17171717,0x030A3417,0x34173434,0x7F343434,0x1734127E,0x7F341717,
	0x8D083417,0x53603434,0x8D8D4436,0x1234088D,0x12121251,0x12603417,0x519C6060,0x348D3412,
	0x2D2D2D03,0x2D595959,0x2D2D2D67,0x2D2D2D2D,0x8B3E6767,0x8B8B8B8B,0x59595703,0x7D597D7D,
	0x8B8B6767,0x8B8B8B8B,0x728B6703,0x72722727,0x8B980392,0x8B8B8B8B,0x57679191,0x57918B57,
	0x2D2D2D2D,0x2D2D2D2D,0x5959592D,0x2D592D59,0x8B8B8B8B,0x918B8B8B,0x7D7D7D7D,0x7D7D7D7D,
	0x8B8B8B8B,0x8B8B8B8B,0x72727272,0x87879F72,0x918B8B8B,0x8B8B9191,0x57575757,0x57575757,

	0x2D2D2D2D,0x2D2D2D2D,0x2D2D2D2D,0x2D2D2D2D,0x91919191,0x91919191,0x7D7D7D7D,0x7D7D7D7D,
	0x8B8B8B8B,0x8B8B8B8B,0x66668787,0x66666666,0x8B8B8B8B,0x8B8B8B8B,0x57575757,0x57575757,
	0x2D2D2D2D,0x91112D2D,0x2D2D2D2D,0x928B2D2D,0x91919191,0x67919191,0x7D7D7D7D,0x982D277D,
	0x91918B8B,0x678B9191,0x72729F24,0x72727272,0x91918B8B,0x918B9191,0x57575757,0x57575757,
	0x1734A053,0x17171717,0x530C537F,0x3434443B,0x5F8F0A7F,0x17176032,0x4F6632A0,0x9C170A91,
	0xA08BA0A3,0x9C1718A0,0x7F32A303,0x60175367,0x03A07F67,0x17443116,0x31A3A367,0x348D5C16,
	0x8D8D8D17,0x17176017,0x17173434,0x8D8D3417,0x60601734,0x0808088D,0x1717609C,0x60601717,
	0x7E25519C,0x8D8D517E,0x8D8D6060,0x178D8D8D,0x34343434,0x17173434,0x7E7E5117,0x5160517E,

	0x08348D34,0x17083636,0x34173434,0x178DA18D,0x8D8D8D8D,0x17178D8D,0x44343417,0x17601744,
	0x3636368D,0x7E513408,0x9C341717,0x8D8D607E,0x517E6034,0x448D8D44,0x715C250C,0x8D171212,
	0x60171760,0x8D8D0817,0x17171717,0x93606060,0x17171717,0x8D8D1760,0x17171717,0x9C9C6060,
	0x17171751,0x088D0808,0x12126034,0x0808088D,0x12126034,0x178D1712,0x178D8D34,0x12606060,
	0x8D088D8D,0x17171717,0xA16F3412,0x08363636,0x8D8D8D8D,0x17080808,0x609C9C9C,0x17606060,
	0x0808088D,0x34080834,0x08080808,0x17080808,0x34343434,0x17173434,0x368D1717,0x34360808,
	0x8D083634,0x34178D8D,0x1760608D,0x60171717,0x36083417,0x34083636,0x34341760,0x34443434,
	0x34448D8D,0x34444434,0x368D6060,0x608D3608,0x6F8D1734,0x08363636,0x60606060,0x8D171717,

	0x08368D8D,0x8D8D1717,0x12343417,0x17931712,0x8D448D17,0x178D8D8D,0x34348D17,0x60606060,
	0x3408368D,0x08346060,0x17176012,0xAD341717,0x36083660,0x36363636,0x8D368D60,0x17173434,
	0xA1088D8D,0x34343434,0x17171717,0x08606060,0x34343434,0x8D343434,0x8D8D368D,0x60343444,
	0x4417348D,0x6017448D,0x17171744,0x08364417,0x17603636,0x8D443434,0x51516017,0x9C125151,
	0x9C173434,0x8D8D4444,0x08080836,0x17171717,0x8D8D8D8D,0x9C606060,0x60609C9C,0x8D346060,
	0x17171717,0x34341717,0x8D080808,0x9C178D8D,0x8D6F3608,0x12ADADAD,0x17171712,0xAD341717,
	0x17178D08,0x17171717,0xA1363417,0x343636A1,0x8D346060,0x8D08088D,0x8D448D8D,0x60606034,
	0x34343434,0x17176017,0x17171760,0x60601717,0x08080834,0x34173408,0x088D0808,0x448D0808,

	0x36363608,0x34363636,0x60601717,0x17349C60,0x9C9C6034,0x9C609C12,0x34448D17,0x17084434,
	0x36088D17,0x08080808,0x17176060,0x08080808,0x34343434,0x08368D34,0x8D8D8D8D,0x088D5160,
	0x17173434,0x18538D17,0x17171717,0x911825AD,0x2551609C,0x91A03B17,0xA35C3460,0x92180A0A,
	0x8A0A3608,0x0353A06A,0x4EA05136,0x67187F59,0xA09246B1,0x57A3912D,0x7F162536,0x5703A018,
	0x2D2D5792,0x2D2D2D2D,0x91915767,0x91919191,0x59592791,0x59595959,0x8B8B8B67,0x8B8B8B8B,
	0x2D2D2D2D,0x2D2D2D2D,0x2D2D2D2D,0x2D2D2D2D,0x2D2D2D2D,0x2D2D2D2D,0x59595959,0x59595959,
	0x2D2D2D2D,0x2D2D2D2D,0x91919191,0x91919191,0x5959597D,0x59595959,0x8B8B8B8B,0x8B8B8B8B,
	0x2D2D2D2D,0x2D2D2D2D,0x2D2D2D2D,0x2D2D2D2D,0x2D2D2D2D,0x592D2D2D,0x59595959,0x0F7D5959,

	0x2D2D2D2D,0x2D2D2D2D,0x8B919191,0x8B8B8B8B,0x59595959,0x7D59597D,0x8B8B8B8B,0x8B8B8B8B,
	0x2D2D2D2D,0x2D2D2D2D,0x2D2D2D2D,0x2D2D2D2D,0x7D595959,0x0F0F0F0F,0x72727272,0x9E72729E,
	0x2D2D2D2D,0x98592D2D,0x9191918B,0x91919191,0x59595959,0x038B2759,0x8B8B8B8B,0x03918B8B,
	0x2D2D2D2D,0x03038B2D,0x2D2D2D2D,0x92038B59,0x0F0F0F0F,0x0A169859,0x9E727272,0x1216910F,
	0x60603216,0x60606060,0x17348D7F,0x12606017,0x444408A0,0x51606017,0x129C603B,0x44176012,
	0x44448D34,0x12340834,0x8D8D3412,0x1217088D,0x60511744,0x7E126012,0x8D174436,0x51173434,
	0x34171760,0x8D343444,0x60176012,0x17171717,0x12125151,0x34341712,0x6FB13636,0x36360808,
	0x7E7E7E12,0x34346051,0x5112129C,0x5151517E,0x51250C7E,0x51515151,0x60125151,0x51123434,

	0x0C0C608D,0x12121251,0x17171717,0x8D170C51,0x9C9C9C9C,0x51515151,0x609C1217,0x5112519C,
	0x8D441734,0x85251734,0x8D175151,0x38385C17,0x51515151,0x25511712,0x51515151,0x32382571,
	0x17601760,0x9C34088D,0x8D8D8D8D,0x1217088D,0x12121251,0x259D250C,0x25717E12,0x85A6A67E,
	0xA6387138,0xA6A6A69B,0xA3A98532,0x7F7F7FA3,0xA30385A6,0x533B0A5C,0x1DA98585,0x18385318,
	0x51126060,0x0C515151,0x17601212,0x51601293,0x9D9D0C0C,0xA6858585,0xA6328585,0xA6858585,
	0x3232A932,0x92323232,0xA3A3A37F,0x95A3A3A3,0x18531818,0x91181818,0x950316A3,0x2D959595,
	0x678B2791,0x5151510C,0x678B2791,0x5151510C,0x678B5F98,0x5151517E,0x678B2791,0x5C5C5C32,
	0x678B7D3E,0xA632A903,0x578B592D,0xA9A9A303,0x57118B2D,0xA3A01803,0x5711572D,0x0AA39567,

	0xA3535353,0x535353A3,0xA6323232,0x858585A6,0x1D03A3A3,0xA3A3A3A3,0x1DA93885,0x1D1D1D1D,
	0x9B388585,0x8585A638,0x325C609B,0x5C5C5C85,0x9D9D2525,0x38853838,0x17171717,0x856B6B6B,
	0x53535353,0xA9385C53,0x38383838,0x92A3A985,0xA3A3A3A3,0xA6A9921D,0x1D1D1D1D,0x3232A6A3,
	0xA6858585,0xA9A932A6,0x38853285,0x85858585,0x129BA938,0x3232A925,0x7E7E9BA9,0x7E6B7E51,
	0x32A91DA3,0x3232A932,0xA98532A3,0x3232A6A9,0x389D7185,0x85858585,0x325C9D85,0xA9A6A6A6,
	0x255C38A9,0x71A9A97E,0x8D5118A9,0x8D7E857E,0x088D1225,0x0808088D,0x7E9C0844,0x9C121212,
	0xA9A9A932,0x255CA9A6,0xA932A6A6,0x9D3885A6,0x7E718585,0x6071A65C,0x5171A9A9,0x60712525,
	0xA9A99D12,0x34085132,0x17178D08,0x51601760,0x51126034,0x0C717E12,0x51121234,0x129C1251,

	0x129C0C9D,0x3608517E,0x9D719D9D,0x1734609D,0x60606060,0x17171717,0x17171717,0x51171717,
	0x9D511717,0x0A9D9D25,0x12601717,0x12515112,0x3417609C,0x3444448D,0x12512512,0x51121212,
	0x17343436,0x08360844,0x9C126017,0x9C171717,0x17127E12,0x12171717,0x368D6060,0x12448D8D,
	0x7E7E7E25,0x5C121251,0x17121251,0x32711234,0x44363644,0x127E5160,0x25121212,0x3444609D,
	0x0CA09291,0x0AA3160A,0x080A0391,0x3803160C,0x7E530392,0x321D03A9,0xA9920303,0xA9A9A9A9,
	0xA9030367,0xA9A9A9A9,0x48481D03,0x858585A6,0x7171717E,0x719D9D9D,0x34343417,0x17173434,
	0x9D9D9D9D,0x9D9D9D9D,0x71719B71,0x719B9B71,0x8585A685,0x8585A685,0x858585A6,0x85858585,
	0xA9A9A9A9,0xA9A9A9A9,0xA6A6A685,0x4848A9A6,0x719D9D9D,0x9D9D7171,0x60173444,0x8D081760,

	0x25252525,0x25252525,0x60606060,0x60606060,0x85858585,0xA9858585,0xA6858585,0xA6A93232,
	0xA9A9A9A9,0xA6A94848,0xA9484848,0xA9A9A9A9,0x9D9D9D9D,0x9D717125,0x08088D8D,0x08341260,
	0x25252525,0x250C2525,0x17171760,0x9C341717,0x383838A6,0x85383838,0x38383885,0x38383838,
	0x85858532,0xA932A685,0xA9A9A9A9,0x32A6A9A9,0x0A719D9D,0x5C71710A,0x1212178D,0x51121212,
	0x173B0303,0x349C7F95,0x120A0392,0x3425A395,0x321D9103,0x175C7F92,0x85A3A392,0x08173832,
	0x85A9A392,0x17449C38,0x9BA99203,0x9D511760,0x609B3885,0x9C606017,0x8D341251,0x34343434,
	0x60171717,0x178D1760,0x518D3417,0x8D080812,0x12171734,0x17606012,0x34176044,0x8D343434,
	0x34341212,0x8D8D088D,0x9D9D9D9D,0x9D9D719D,0x17606060,0x607E3851,0x0808088D,0x348D7E7E,

	0x17606012,0x34179C9C,0x34343444,0x17171717,0x51173434,0x1251517E,0x17123436,0x34343417,
	0x8D125C34,0x9C606017,0x259D5C9D,0x7E7E5125,0x12129C12,0x7E121717,0x34343434,0x7E080808,
	0x60600834,0x34343434,0x17123417,0x08088D8D,0x1212129C,0x51601212,0x08088D44,0x51360808,
	0x08088D60,0x60600808,0x0C25250C,0x9C9D0C25,0x7E515125,0x5151517E,0x178D0817,0x088D3434,
	0x36088D8D,0x34368D08,0x448D8D08,0x36083444,0x1212127E,0x17517E12,0x08080817,0x12124408,
	0x08080808,0x36360808,0x5151519C,0x5151517E,0x0C7E5151,0x51517E7E,0x12123608,0x17348D8D,
	0x12173417,0x1717609C,0x08363636,0x8D8D8D8D,0x17171717,0x60511717,0x25126012,0x17121212,
	0x12363636,0x0808368D,0x7E515151,0x8D8D8D34,0x51515151,0x7E511251,0x17171717,0x12121717,

	0x60601212,0x51606060,0x1717448D,0x17171717,0x17171717,0x60171717,0x34343434,0x44171744,
	0x08363608,0x8D171736,0x34341744,0x17606044,0x517E257E,0x12606012,0x08080834,0x8D440836,
	0x44443451,0x51178D8D,0x3636368D,0x518D0808,0x8D8D4417,0x12121260,0x34343434,0x44343417,
	0x448D4444,0x34171717,0x129C1760,0x17171760,0x9D252525,0x5151129D,0x08349D12,0x1734348D,
	0x34343417,0x36341734,0x36B13634,0x8D083636,0x34346051,0x7E121717,0x12605117,0x9C9C1212,
	0x44086017,0x44448D44,0x17122512,0x17179C17,0x510C0C0C,0x25252551,0x44171717,0x7E123608,
	0x36363636,0x17340808,0x8D34348D,0x0808368D,0x9D7E0C51,0x8D8D8D25,0x128D8D34,0x60606051,
	0x8D8D8D44,0x17171734,0x12601717,0x60519D25,0x2525257E,0x25252525,0x60178D8D,0x129C9C60,

	0x34171717,0x0860348D,0x8D080808,0x34340808,0x178D8D8D,0x127E9D17,0x60606060,0x44517E9C,
	0x17171717,0x9C0C1717,0x12121212,0x9D515112,0x5C0A719D,0x7171710A,0x51129C12,0x17606060,
	0x9516256F,0x676753A0,0x91030C36,0x6703A091,0x17035C60,0x0C039251,0x25033217,0x5C92910A,
	0x38320C8D,0xA991A332,0x5C9D6012,0x32A37F32,0x12122571,0x48929138,0x17171717,0x85031860,
	0x572D5757,0x57575757,0x91919191,0x91919191,0x17171734,0x17171717,0x25719D7E,0x25252525,
	0xA9A9A685,0x8585A6A6,0xA9858538,0x85A6A6A9,0xA9A9A9A6,0xA9A9A9A9,0x85858585,0x85858585,
	0x57575757,0x57575757,0x91919191,0x91919191,0x17171717,0x17171717,0x25259D71,0x719D2525,
	0x8532A9A6,0x4832A6A6,0xA9328585,0xA9323232,0xA9A9A9A9,0xA932A9A9,0xA9328585,0x85383885,

	0x57575757,0x57575757,0x91919191,0x91919191,0x17171717,0x34171717,0x259D7171,0x25252525,
	0xA632A948,0x85A6A6A6,0xA9A9A948,0xA9A9A9A9,0x48A9A9A9,0xA9A9A9A9,0x48328585,0x85858585,
	0x57573E57,0x51950367,0x91916791,0x12030367,0x340A169D,0x33929225,0x513216A3,0x0C929125,
	0x8548A3A9,0x0C92919D,0xA9A9A9A9,0x329292A9,0xA6A9A932,0xA36792A9,0x85858538,0x4892A985,
	0x8D8D3408,0x3408088D,0x448D8D36,0x34444434,0x9C9C608D,0x1251129C,0x17171734,0x60516017,
	0x3434348D,0x34343434,0x17171760,0x60601717,0x17171238,0x9D256017,0x127E38A6,0x17171717,
	0x08083608,0x128D3608,0x0C251717,0x5151257E,0x17171760,0x34602560,0x17171717,0x7E171717,
	0x17171712,0x9C606017,0x129C9C12,0x25252525,0x9D9D9D9D,0x179C120C,0x17171717,0x17171717,

	0x5C7E5151,0x853248A9,0x85517E0C,0x38715C32,0x9D34448D,0x5C511725,0x8D171251,0x9D256008,
	0x9B25127E,0x5C9D7171,0x12603451,0x51121212,0x448D4434,0x7E341734,0x088D5112,0x4434178D,
	0x32388585,0x3232A392,0x5C9D8585,0xA303A332,0x38385C38,0x1D323838,0x385C5C38,0x38388532,
	0xA932A932,0x32A94848,0x32A9A925,0x510A8538,0x7171719D,0x3812179C,0x60606034,0xA9253417,
	0x95915353,0x8B679595,0x530A53A9,0x16950392,0x5C38A316,0x7F7F0A25,0x481DA3A9,0x5C0A0A18,
	0x1DA93285,0xA9323216,0x3285857E,0x030303A3,0xA6858585,0x32A68585,0xA9A93232,0x85A932A9,
	0x67679511,0x92959567,0x16161695,0x16951616,0x7F7F7F7F,0x7F7F7F7F,0x5C5C5C5C,0x5C5C3838,
	0xA9A9A9A9,0x3232A9A9,0x03030303,0x03030303,0xA93232A9,0x32323232,0x9B85325C,0xA6A6A685,

	0x17171717,0x12251234,0x5C717171,0x44250A5C,0x9D9D2525,0x0A259D9D,0x9C601225,0x71259C60,
	0x9C601212,0x519D9D51,0x25511212,0x7E253871,0x38858585,0x5C5C5C5C,0x7E7E0C0C,0x12121212,
	0x08363412,0x36363608,0x3434348D,0x17343434,0x25252571,0x717E2525,0x12121225,0x60601212,
	0x12121212,0x17601717,0x12129C51,0x7E171760,0x9D0A9D25,0x5C0A0A9D,0x25176012,0x5138850A,
	0x9C0C1208,0x17171760,0x08342571,0x08080808,0x127E7E5C,0x7E0C0C9C,0x5C603417,0x71718518,
	0x857E8D44,0x7E512571,0x9D385C5C,0x25257E7E,0x715C3838,0x38385C5C,0x12121212,0x51517E7E,
	0x0808088D,0x08080808,0x08080808,0x8D080808,0x34343460,0x17448D34,0x257E7E71,0x5151517E,
	0x7E0C7E7E,0x517E7E7E,0x5151510C,0x517E2525,0x0A38855C,0x12607E25,0x120C9D38,0x12173444,

	0x5C253408,0x5151517E,0x125C9C8D,0x34343444,0x1712517E,0x44444434,0x7E0C0C7E,0x609C9C9C,
	0x51515151,0x517E7E51,0x51125151,0x7E515151,0x7E7E7E7E,0x85717E12,0x389D257E,0x38853871,
	0x51515151,0x60171212,0x17173434,0x12171717,0x3434348D,0x7E0C6017,0x51511760,0x120C9D51,
	0x515C717E,0x34176060,0x44607138,0x34344444,0x17607E38,0x9C606017,0x120C7E25,0x7E7E7E51,
	0x12179C51,0x51515112,0x6017127E,0x17176060,0x12511212,0x129C6060,0x25511212,0x25250C25,
	0x60173434,0x9C517E12,0x34171717,0x44341260,0x9D9D0C51,0x60121251,0x9D9D257E,0x5C383838,
	0x51515151,0x51515151,0x9C443434,0x60252525,0x9D601717,0x3634129D,0x715C9D25,0x5193517E,
	0x17606060,0x85511260,0x44444444,0x857E8D44,0x12121212,0x605C5C7E,0x71717171,0x12253871,

	0x51515151,0x60171225,0x34341717,0x1212348D,0x08080836,0x9C256008,0x1212517E,0x08510A12,
	0x9D7E0AA9,0x517E9D71,0x1260607E,0x5C259C9C,0x34606017,0x515C7E44,0x9C601760,0x08173825,
	0x3460519C,0x12171717,0x9C9C9C12,0x719D719D,0x8D8D8D44,0x08341734,0x08080808,0x17083608,
	0x12125151,0x25511212,0x51515151,0x51515151,0x12121212,0x12121212,0x17343434,0x17171717,
	0x08088D51,0x08080808,0x259D9D71,0x51607E25,0x34257160,0x8D8D4444,0x08087E9D,0x08080808,
	0x0C517171,0x7171719D,0x7E7E7E51,0x7E9DA971,0x12121212,0x9C60715C,0x71511217,0x34341738,
	0x51348D8D,0x08081271,0x257E7E7E,0x51517E25,0x088D8D8D,0x088D8D08,0x08363636,0x60360808,
	0x60257E9D,0x71176017,0x1251517E,0x51121212,0x1212129C,0x34343460,0x34343434,0x08080844,

	0x088D0808,0x0C7E088D,0x0C9D7125,0x7E9D7E7E,0x12122512,0x12601760,0x17170825,0x12344434,
	0x3417179D,0x129C1717,0x93931251,0x12511212,0x17343434,0x9C715134,0x08080808,0x34129D17,
	0x60601734,0x44179C60,0x7E517E51,0x0C250C0C,0x7E121212,0x51511251,0x7E121212,0x34340808,
	0x60129C12,0x12123408,0x51171212,0x9D71257E,0x60171717,0x5C129C60,0x17171717,0x5C171717,
	0x8D6B1734,0x17171744,0x51712525,0x17171751,0x25252551,0x9D9D259D,0x088D3434,0x34083608,
	0x349C1212,0x60176017,0x9D717171,0x9D717171,0x12607E38,0x60121212,0x1717179D,0x17171717,
	0x17171717,0x177E1717,0x17171717,0x7E7E3417,0x250A5C9D,0x7E7E7E0C,0x08177112,0x08080808,
	0x8D08257E,0x178D8D8D,0x259D9D71,0x5C0A250C,0x9C9C6060,0x34255160,0x17171717,0x089C5117,

	0x34340808,0x17171734,0x60173434,0x12606060,0x517E7E7E,0x9D257E7E,0x17178D08,0x0817717E,
	0x348D0834,0x08175C51,0x179D9D71,0x170C7151,0x4417348D,0x51515117,0x12126044,0x12121212,
	0x08175117,0x08080808,0x7E9D7E9C,0x448D4417,0x719D9D9D,0x25511725,0x08080808,0x9C170808,
	0x08080808,0x128D0808,0x34343444,0x71173434,0x71387151,0x25257171,0x345C9D12,0x6060939C,
	0x08080808,0x7E8D0808,0x34173434,0x9D8D3434,0x259D7E7E,0x17607E9D,0x08080817,0x34340808,
	0x08080808,0x1212178D,0x348D1271,0x12121717,0x5C9D9D71,0x7E7E7E0A,0x12121260,0x12121212,
	0x3444088D,0x34343434,0x34448D25,0x34343434,0x7E171717,0x9D0A2525,0x08443434,0x25600808,
	0x17601212,0x0A36088D,0x12121212,0x25176060,0x12517E7E,0x60606012,0x347E2560,0x17173434,

	0x128D4444,0x17173417,0x718D3434,0x17173425,0x25252525,0x2525259D,0x08080808,0x08080808,
	0x0808087E,0x8D8D8D08,0x1760179D,0x71252560,0x60606060,0x17171717,0x17171717,0x34341717,
	0x17171717,0x51511734,0x60171717,0x12609C12,0x9D252525,0x9D388571,0x08080808,0x12711244,
	0x8D8D8D8D,0x7160088D,0x5C385C5C,0x9D71255C,0x9D381260,0x51515151,0x5C254434,0x12129C93,
	0x7E515151,0x7E7E7E7E,0x9C606012,0x17601760,0x7E25259D,0x60601712,0x08080808,0x348D0808,
	0x08080851,0x08080808,0x7E7E7E25,0x51517E7E,0x12125112,0x12125151,0x12121212,0x12121212,
	0x5C51517E,0x12127132,0x12171717,0x3412719D,0x34171212,0x12171734,0x08172517,0x36080808,
	0x51251208,0x9D9D717E,0x25257E7E,0xA9387125,0x34127171,0x51343434,0x8D120A12,0x34343434,

	0x0C515112,0x12515171,0x9C606017,0x3417519D,0x257E7E7E,0x34343460,0x25178D8D,0x34444451,
	0x7E7E7E25,0x51125125,0x1712175C,0x17171717,0x08446071,0x44343444,0x7E9D3851,0x609C9C12,
	0x51515112,0x51515151,0x34343434,0x60173417,0x17344417,0x12171717,0x1212129C,0x93176012,
	0x7E7E7E7E,0x5151517E,0x127E0C60,0x34171712,0x60123434,0x3444448D,0x60606060,0x34511251,
	0x60515151,0x60601717,0x51601760,0x9D9D2525,0x448DAD12,0x8D444444,0x08447E9D,0x08080808,
	0x600C0C12,0x34176060,0x34173434,0x607E7112,0x44443434,0x255C1744,0x44443444,0x85608D44,
	0x60606060,0x51516017,0x9D9D9D9D,0x34122571,0x348D8D8D,0x36172560,0x8D080808,0x607E5134,
	0x51121734,0x9D9D2525,0x7E7E7E12,0x7E7E7E7E,0x7E7E2551,0x51515151,0x51512538,0x51517E51,

	0x510C9D25,0x7E7E5151,0x1734348D,0x34341717,0x0808088D,0x08080808,0x17171712,0x08368D17,
	0x71712525,0x7E7E9D71,0x2525257E,0x25252525,0x51515151,0x9C125151,0x9D7E5151,0x5125719D,
	0x25252525,0x51606051,0x51123434,0x17607E7E,0x60340836,0x7E255160,0x60601734,0x5C711260,
	0x9D9D9D9D,0x9C601251,0x71252525,0x088D7185,0x51515151,0x1271329D,0x25259D9D,0x85389D25,
	0xA9A93225,0x323232A9,0x5C60129C,0xA99D6BA6,0x12129C12,0x60176012,0x9D9D259D,0x7E7E259D,
	0x7E7E0C7E,0x0A250C7E,0x12608D8D,0x51121212,0x0808088D,0x257E9C34,0x7E7E7E25,0x5C9D9D0C,
	0x85323238,0x32323232,0x51515138,0x7E859D12,0x51517E12,0x7E257E7E,0x38717E7E,0x9D5C5C38,
	0x7E252571,0x7E7E7E7E,0x51512525,0x51511251,0x255C9D51,0x12125151,0x38328538,0x38383838,

	0x12121212,0x12121212,0x51125125,0x12171251,0x12515125,0x9D125112,0x51252525,0x8D171251,
	0x18181818,0x9D0A3818,0x5C321838,0x259D5C0A,0x25255C38,0x25252525,0x25252525,0x25252525,
	0x2571608D,0x12127E25,0x51257171,0x7E7E7E51,0x5C5C7171,0x5C5C5C5C,0x7E5C9D17,0x71515151,
	0x12125C38,0x259D5160,0x719D715C,0x38389D9D,0x9C515125,0x0A5C9D60,0x51519D25,0x1751185C,
	0x12121251,0x9D513417,0x7E7E7E51,0x25857171,0x0A0A3885,0x9D715C5C,0x1212255C,0x12121212,
	0x60121251,0x34171717,0x5C5C5C5C,0x710A0A0A,0x12121251,0x12121212,0x34171717,0x12126017,
	0x60173451,0x51511260,0x51511217,0x51515151,0x5C5C5C5C,0x385C5C5C,0x5C855C7E,0x25259D71,
	0x60255C17,0x17171717,0x60125C71,0x9C606060,0x25256060,0x9D71389D,0x60179C60,0x12515C9D,

	0x7E121212,0x51253838,0x51517E7E,0x12122571,0x85383838,0x25259D5C,0x71259D25,0x9D715C32,
	0x9D171717,0x1717179D,0x9D382560,0x12121212,0x9D0A719D,0x0A0A719D,0x12121212,0x12121212,
	0x51121251,0x12125112,0x12121212,0x12121212,0x51127E25,0x517E250C,0x9D255C5C,0x18853838,
	0x7E7E7E60,0x51515151,0x609C1212,0x60171717,0x9D38719D,0x5C7E5151,0x5C32320C,0x9D719D0A,
	0x17125151,0x7E38A90C,0x9C341712,0x1212715C,0x85251251,0x7E7E7E5C,0x5C858585,0x38383825,
	0x7E5C857E,0x2525257E,0x12129D71,0x12121212,0x25257E38,0x259D9D9D,0x259D7171,0x25252525,
	0x12121212,0x0C0C5112,0x12121212,0x71349C12,0x120C7E7E,0x5C9D9C9C,0x85858585,0x175C3838,
	0x25252525,0x25715C25,0x12121212,0x9D38187E,0x9D517E25,0x38383885,0x8538717E,0x0C0C7E0A,

	0x25602525,0x25255C18,0x6060515C,0x7E7E7E51,0x9C9C609D,0x609C1212,0x34341734,0x34341734,
	0x0C0C250C,0x12126051,0x71719D9D,0x7E7E7E9D,0x5C5C3838,0x259D3838,0x517E0C0C,0x7171855C,
	0x25252525,0x9D9D9D7E,0x7E25250C,0x25255C18,0x0A349C9C,0x1212125C,0x5C514417,0x12121212,
	0x0C85519C,0x12125112,0x7E259D7E,0x5C5C9D25,0x25512525,0x9D252525,0x7E51517E,0x0C252525,
	0x38712525,0x51511271,0x517E7E25,0x7E7E7E51,0x12121212,0x12121212,0x51511212,0x12515151,
	0x17605112,0x34171717,0x715C385C,0x5C717171,0x25259D9D,0x719D2525,0x719D257E,0x127E5C5C,
	0x9D9D9D9D,0x517E259D,0x259D2525,0x9D389D25,0x17601212,0x087E258D,0x088D349C,0x34605C12,
	0x12088D44,0x518D9D85,0x5C9D5C5C,0x719D7138,0x8D8D0C5C,0x8D080808,0x5112129C,0x12121212,

	0x9D255151,0x8D8D7138,0x719D2525,0x12517E9D,0x34173444,0x60121717,0x7E7E1217,0x517E7E7E,
	0x12127E7E,0x51121212,0x5151259D,0x25257E7E,0x12121744,0x51512551,0x259D9D51,0x7E7E7E25,
	0x44444444,0x5C344444,0x9D9D9D25,0x185C9D71,0x0A387E17,0x259D9D9D,0x609D1251,0x34080808,
	0x08512551,0x7E121744,0x44128571,0x7E7E7E51,0x1251389D,0x51515151,0x1217250A,0x51121212,
	0x1717177E,0x17171717,0x6017607E,0x34343417,0x7E51517E,0x7E7E5151,0x34341717,0x8D8D1717,
	0x51517E7E,0x34127E7E,0x51517E7E,0x51515151,0x7E515151,0x9C9C7E7E,0x1251517E,0x259C1212,
	0x17171717,0x34126017,0x12174434,0x9C5C5112,0x25259D25,0x7E259D25,0x08179D9D,0x8D088D8D,
	0x8D081725,0x8D8D8D8D,0x8D8D8D9D,0x44444444,0x1744345C,0x51515151,0x12171238,0x7E7E7E7E,

	0x12121234,0x34171212,0x17171734,0x51511717,0x5C5C7171,0x9D5C5C5C,0x12178D8D,0x348D0C51,
	0x448D8D8D,0x518D9D7E,0x3412178D,0x51340C51,0x517E5151,0x34349D25,0x517E5151,0x8D123825,
	0x34711234,0x1212178D,0x60389C34,0x34348D8D,0x9D9D2525,0x0C0C259D,0x34343434,0x719D9D60,
	0x9C125151,0x34343460,0x34179C12,0x12606060,0x51121734,0x51125151,0x17440808,0x17171717,
	0x12121212,0x60126012,0x9C9C1217,0x17343460,0x7E7E7E0C,0x9D5C717E,0x719D7171,0x177E3885,
	0x51121260,0x7E129D5C,0x517E5151,0x129D185C,0x9C517E51,0x12855C12,0x12171717,0x0A855C25,
	0x175C7E34,0x17171734,0x389D1717,0x0C0C7E9D,0x9D25259D,0x9D252525,0x17171717,0x08441717,
	0x7E7E7E7E,0x60127E7E,0x7E7E5112,0x7E7E5151,0x9D9D7E9C,0x25515125,0x7E7E7E9D,0x8D601251,

	0x17171717,0x17171717,0x25257E0C,0x2571389D,0x127E0A9D,0x7E7E7E51,0x345C7E36,0x12601734,
	0x0C5C3417,0x9C448D8D,0x32253451,0x1717170C,0x5C9D2525,0x32180A5C,0x08080808,0x3851088D,
	0x5C173417,0x17341271,0x5C259D9D,0x9D259D38,0x51515151,0x7E515112,0x12121212,0x12121212,
	0x12515112,0x12121212,0x9C9C6060,0x7E7E1260,0x38383838,0x38383838,0x517E7E5C,0x250C7E7E,
	0x17171717,0x17171717,0x259D9D71,0x715C385C,0x189D7E7E,0x259D2525,0x9D121212,0x9C60170A,
	0x12121212,0x1744255C,0x127E7E7E,0x519D387E,0x7E713838,0x7E257E51,0x517E0C25,0x719D5151,
	0x12711734,0x34343434,0x5C5C9D71,0x51513451,0x7E7E2525,0x717E517E,0x60606060,0x7E126060,
	0x17171717,0x8D341717,0x7E125112,0x259D257E,0x9D255151,0x9D9D9D9D,0x32387171,0x5C5C3838,

	0x0A5C0A12,0x7171719D,0x12510C12,0x7E7E7E7E,0x7E51607E,0x12511251,0x9C176071,0x51121212,
	0x259D5C12,0x0A5C0A9D,0x7E38859D,0x710A257E,0x7E5C3238,0x12121212,0x855C9B71,0x60606025,
	0x2525385C,0x1225250A,0x12388525,0x51125160,0x38711212,0x12511212,0x7112517E,0x51512585,
	0x9D715C38,0x385C8585,0x250A7171,0x515C387E,0x51515151,0x0C5C7E51,0x51515151,0x5C7E1251,
	0x60609C9C,0x9D609C60,0x51515151,0x51515151,0x51511212,0x51515151,0x12126060,0x12121212,
	0x5C5C5C5C,0x5C717E9D,0x0C7E7E7E,0x250A9D0C,0x60606017,0x9C121212,0x1260519D,0x51512551,
	0x715C1832,0x25259D71,0x32859D7E,0x7E7E519D,0x9D251212,0x12121212,0x7E931212,0x25252525,
	0x385C5C5C,0x18188585,0x387E250C,0x7E517E5C,0x12606060,0x1717715C,0x25252525,0x2571329D,

	0x51606012,0x85857171,0x34121212,0x0A9C3434,0x12121212,0x17171212,0x9D252525,0x0C9D9D9D,
	0x32321818,0x5C383232,0x51517E7E,0x12717125,0x17601717,0x9D5C1217,0x7E0C2525,0x250C7E0C,
	0x9D710A0A,0x7E517E51,0x12121251,0x12515112,0x51129D0A,0x12121212,0x85328525,0x9D9D9D9D,
	0x9D9D9D9D,0x32859D9D,0x12606034,0x9D511212,0x12121260,0x25252551,0x9D9D2525,0x71252525,
	0x9D325C9D,0x0C510C0C,0x717E5112,0x34171271,0x12511212,0x510A5C7E,0x7171719D,0x32859D9D,
	0x385C0A5C,0x7E9D8538,0x0C7E0C71,0x0A387125,0x9D9D5C71,0x850A0C0C,0x2518A938,0x0C511260,
	0x5C9D0C25,0x18380A5C,0x7E7E5117,0x25250C7E,0x25255160,0x2551510C,0x25257E9D,0x7151510C,
	0x0C25517E,0x25252525,0x0A9D2551,0x9D9D9D9D,0x32323218,0x32A9A3A9,0x259D9D25,0x3838380A,

	0x25252525,0x25252525,0x0A0A0A71,0x9D9D9D0A,0x259D7125,0x32189D25,0x250A0A9D,0x71389D0C,
	0x9D71710A,0x2538180A,0x3871719D,0x9D9D0A32,0x1832389D,0x2525250A,0x0A18325C,0x25259D25,
	0x32712525,0x6017120A,0x0A18320A,0x517E1251,0x1832A932,0x385C5C18,0x7E515125,0x120C5151,
	0x9D25259D,0x0C9D9D9D,0x9D9D9D9D,0x25259D9D,0x9D252525,0x9D0C2525,0x71719D25,0x32382525,
	0x12601760,0x7E7E5112,0x7E515151,0x7E7E7E7E,0x85383838,0x18181818,0x18127E51,0x0A0A9DA9,
	0x5C9D5151,0x12129C25,0x255C857E,0x9D9D9D0C,0x25253832,0x2525259D,0x9D9D2518,0x9D9D9D9D,
	0x389D7E7E,0x1212939D,0x25189D51,0x12121212,0x2585A332,0x519D9D9D,0x0A0A0A5C,0x5C5C0A5C,
	0x51515112,0x51515151,0x25252525,0x25252525,0x25252525,0x25252525,0x25259D9D,0x25252525,

	0x12121212,0x9D7E1212,0x12121212,0x32382512,0x51512551,0x7E18189D,0x385C5C5C,0x7138A932,
	0x9D127E51,0x5C5C5CA9,0x38252525,0x5151607E,0x25329D25,0x51515117,0x51388571,0x51515112,
	0x510C18A9,0x12121212,0x7E517E38,0x7E7E7E7E,0x12129C12,0x12121217,0x719D9D71,0x25257E51,
	0x250A385C,0xA9A9A9A9,0x17341251,0x71381212,0x12515151,0x125C7E8D,0x34125151,0x517E389D,
	0x17171712,0x8D171717,0x5151517E,0x34607E9C,0x12121212,0x25346012,0x517E2525,0x38255151,
	0x32A9A9A9,0x18A9A932,0x12129C60,0x5C9D5C51,0x12121212,0x7E517E51,0x7E7E7E7E,0x517E7E7E,
	0x255C9D08,0x0C0C0C7E,0x7E9D389D,0x7E0C0C0C,0x0C252538,0x7E25250C,0x257E7E0C,0x1251120C,
	0x7E9D9D5C,0x12343460,0x9D0A0A38,0x715C7125,0x127E7E7E,0x51713812,0x12517E7E,0x12129D25,

	0x9D517E25,0x51127E85,0x3851517E,0x5151519D,0x9D5C1212,0x7E7E5112,0x515C7134,0x60606060,
	0x715CA971,0x2525715C,0x9D710A5C,0x51510C25,0x12515151,0x9C121212,0x51515151,0x607E5151,
	0x12125151,0x17171717,0x7E7E5151,0x17606012,0x7E51517E,0x1712517E,0x129C9C9C,0x34341712,
	0x7E517E25,0x0C51127E,0x85323825,0x250A3838,0x17383817,0x517E7E60,0x937E320C,0x7E515151,
	0x85511260,0x08341238,0x5C9C9C60,0x60440817,0x12711734,0x7E124408,0x60385134,0x60170808,
	0x0A855C9D,0x0C25259D,0x9D259D9D,0x389D9D9D,0x51515151,0x7E8D6060,0x51517E7E,0x3834607E,
	0x51126017,0x9D9D7E12,0x60606060,0x12121260,0x7E7E7E7E,0x517E7E7E,0x17171717,0x12171717,
	0x7E7E7E7E,0x25517E7E,0x85851832,0x5C388585,0x17179C38,0x12171717,0x7E7E6071,0x7E7E7E7E,

	0x9D9D9D9D,0x38383818,0x25121212,0x719D9D18,0x38515151,0x51511225,0x5C251212,0x51511251,
	0x9D189D9D,0x51515112,0x0CA91838,0x12121217,0x51383851,0x9C9C129C,0x0A388525,0x0A0A0A0A,
	0x719D5C85,0x25257171,0x7E7E7E5C,0x3885859D,0x12121251,0x60389D12,0x12125112,0x8D259D12,
	0x12515151,0x60255C51,0x12121212,0x7E7E5C71,0x7E609C9C,0x12510A38,0x5C9D9D71,0x7E713818,
	0x51252525,0x18255151,0x3838385C,0x85383838,0x60173444,0x17176060,0x51511734,0x7E7E7E51,
	0x7E7E7E7E,0x7E7E517E,0x7E7E7E7E,0x7E7E7E7E,0x51511212,0x12121251,0x9D255151,0x12121225,
	0x51511238,0x51515151,0x5C5C5C38,0x3838385C,0x60606060,0x385C517E,0x7E517E7E,0x9D9D8D51,
	0x7E7E7E7E,0x129D607E,0x7E7E7E7E,0x5171607E,0x12121212,0x7E187E17,0x12121212,0x25322512,

	0x7E7E5151,0x7E7E5C71,0x385C5C38,0x38853885,0x7E9C1717,0x7E0C7E0C,0x517E1244,0x7E51517E,
	0x7E7E7E34,0x7E7E7E7E,0x7E7E7E17,0x7E7E517E,0x1212129C,0x51511217,0x12121212,0x25252551,
	0x517E7E7E,0x9D9D2551,0x8585385C,0x25259D38,0x5C7E7E7E,0x1212605C,0x7E517E7E,0x12126038,
	0x257E7E7E,0x25126038,0x257E7E7E,0x51129C38,0x51171251,0x12125138,0x51127E9D,0x7E7E2538,
	0x0A719D9D,0x85851885,0x25252525,0x7E25250C,0x12121212,0x7E251212,0x12121251,0x9D7E1212,
	0x1212127E,0x51121212,0x51121212,0x51511212,0x12121212,0x9C601212,0x517E2525,0x51517E7E,
	0x9D9D9D5C,0x9D0A7171,0x38717E7E,0x25252525,0x38511212,0x5151519D,0x2512517E,0x7E7E5185,
	0x12121225,0x7E512518,0x349C5151,0x9D71185C,0x34171212,0x5C18327E,0x25517E25,0x349D8571,

	0x7E252525,0x12515151,0x9C12259D,0x34606060,0x12121251,0x12121212,0x7E7E7E7E,0x7E7E7E7E,
	0x17171712,0x17171717,0x25250C25,0x25252525,0x5C5C5C5C,0x32385C5C,0x17171717,0x5C601717,
	0x71717E7E,0x51255C71,0x3812348D,0x17127E38,0x178D4417,0x1717125C,0x3444127E,0x17179D9D,
	0x088D1717,0x17515C60,0x25252525,0x25388525,0x9D9D9D71,0x38855C9D,0x17174451,0x51515160,
	0x250C5151,0x9D7E517E,0x129C1717,0x51517E12,0x51126017,0x51515151,0x7E7E5117,0x7E51517E,
	0x17601717,0x60606060,0x60601212,0x25516060,0x3825715C,0x5C381885,0x25171251,0x175C380A,
	0x5C859D9D,0x51515151,0x5C7E1251,0x51511251,0x71515151,0x7E125138,0x517E7E7E,0x1212385C,
	0x9C179C60,0x340A3851,0x257E5151,0x0AA35C7E,0x5C385C5C,0x380A7171,0x17176034,0x12176017,

	0x9D7E5151,0x0C9D255C,0x517E7E7E,0x60718525,0x7E7E517E,0x51859D51,0x7E517E7E,0x859D517E,
	0x51511217,0x9D125151,0x7E121712,0x257E5151,0x71383838,0x3838385C,0x34715C51,0x7E7E7E17,
	0x25255112,0x9D252525,0x12129C17,0x12121212,0x60601734,0x60606060,0x60171751,0x60606060,
	0x12605118,0x12121212,0x18183218,0x18181818,0x5C5C3818,0x385C710A,0x6060517E,0x34343417,
	0x0A0A0A5C,0x0C38A938,0x7E7E5112,0x85322551,0x17176060,0x18251717,0x60606060,0x25126060,
	0x17171212,0x7E7E5151,0x38381885,0x38383838,0x7E515C18,0x60606060,0x6034710A,0x51515151,
	0x9D9D9D25,0x9D9D259D,0x5112127E,0x12515151,0x517E7118,0x7E7E7E7E,0x515CA938,0x12121212,
	0x38A9857E,0x5C5C0A0A,0x32A98538,0x0A0A0A0A,0x0A51129C,0x25252571,0x60515112,0x2525715C,

	0x71185C9D,0x9C9C7E51,0x5C7E5112,0x7E7E7E0A,0x7E12517E,0x51255C85,0x12511260,0x5C329D12,
	0x5C9D719D,0xA9325C5C,0x0A710A0A,0x0A0A0A0A,0x25252525,0x25252525,0x25252525,0x25252525,
	0x17171717,0x12121212,0x51515151,0x7E7E7E7E,0x51515151,0x7E7E1251,0x9D9D9D9D,0x3238719D,
	0x0C9D5C85,0x5C5C385C,0x60609D32,0x25252525,0x25180A25,0x2525250C,0x325C2525,0x25252525,
	0x0A32387E,0x257E5117,0x325C5151,0x2525515C,0x257E7E7E,0x0A9D5CA9,0x32323232,0x32A9A9A3,
	0x385C5C5C,0xA91D1838,0x25252525,0xA90A2525,0x25252525,0x0A252525,0x25252525,0x25252525,
	0x9D9D9D9D,0x380A259D,0x259D9D25,0x25259D25,0x5C0A0A0A,0x5C5C5C5C,0x180A7138,0x32321818,
	0x2525259D,0x25252525,0x719D0A38,0x9D9D7171,0x9D0A18A9,0x9D9D9D9D,0x5CA9189D,0x9D9D9D0A,

	0xC5C5C5C5,0xC5C5C5C5,0xC5C5C5C5,0xC5C5C5C5,0xC5C5C5C5,0xC5C5C5C5,0xC5C5C5C5,0xC5C5C5C5,
	0xC5C5C5C5,0xC5C5C5C5,0xC5C5C5C5,0xC5C5C5C5,0xC5C5C5C5,0xC5C5C5C5,0xC5C5C5C5,0xC5C5C5C5,
};

const unsigned short bg_topMap[1024] __attribute__((aligned(4))) __attribute__((visibility("hidden")))=
{
	0x0001,0x0002,0x0003,0x0004,0x0005,0x0006,0x0007,0x0008,
	0x0009,0x000A,0x000B,0x000C,0x000C,0x000C,0x000C,0x000C,
	0x000D,0x000C,0x000C,0x000C,0x000C,0x080D,0x000E,0x000F,
	0x0010,0x0011,0x0012,0x0013,0x0014,0x0015,0x0016,0x0017,
	0x0018,0x0019,0x001A,0x001B,0x001C,0x001D,0x001E,0x001F,
	0x0020,0x0021,0x000C,0x000C,0x000C,0x000C,0x000C,0x0022,
	0x000C,0x0023,0x0024,0x0025,0x0026,0x0027,0x0028,0x0029,
	0x002A,0x002B,0x002C,0x002D,0x002E,0x002F,0x0030,0x0031,

	0x0032,0x0033,0x0034,0x0035,0x0036,0x0037,0x0038,0x0039,
	0x003A,0x003B,0x003C,0x003D,0x003E,0x003F,0x003C,0x003C,
	0x0040,0x0041,0x0042,0x0043,0x0044,0x0045,0x0046,0x003C,
	0x0047,0x0048,0x0049,0x004A,0x004B,0x004C,0x004D,0x004E,
	0x004F,0x0050,0x0051,0x0052,0x0053,0x0053,0x0054,0x0055,
	0x0056,0x0057,0x0058,0x0059,0x005A,0x005B,0x0053,0x0053,
	0x0053,0x0053,0x0053,0x0053,0x0053,0x0053,0x005C,0x005D,
	0x005E,0x005F,0x0060,0x0061,0x0062,0x0063,0x0064,0x0065,

	0x0066,0x0067,0x0068,0x0069,0x006A,0x006B,0x006C,0x006D,
	0x006E,0x006E,0x006E,0x006E,0x006F,0x0070,0x0071,0x0072,
	0x0073,0x0074,0x0075,0x006E,0x0076,0x0077,0x0078,0x0079,
	0x007A,0x007B,0x007C,0x007D,0x007E,0x007F,0x0080,0x0081,
	0x0082,0x0083,0x0084,0x0085,0x0086,0x0087,0x0088,0x0089,
	0x008A,0x008B,0x008C,0x008D,0x008E,0x008F,0x0090,0x0091,
	0x0092,0x0093,0x0094,0x0095,0x0096,0x0097,0x0098,0x0099,
	0x009A,0x009B,0x009C,0x009D,0x009E,0x009F,0x00A0,0x00A1,

	0x00A2,0x00A3,0x00A4,0x00A5,0x00A6,0x00A7,0x00A8,0x00A9,
	0x00AA,0x00AB,0x00AC,0x00AD,0x00AE,0x00AF,0x00B0,0x00B1,
	0x00AE,0x00B2,0x00B3,0x00B4,0x00B5,0x00B6,0x00B7,0x00B8,
	0x00B9,0x00BA,0x00BB,0x00BC,0x00BD,0x00BE,0x00BF,0x00C0,
	0x00C1,0x00C2,0x00C3,0x00C4,0x00C5,0x00C6,0x00C7,0x00C8,
	0x00C9,0x00CA,0x00CB,0x00CC,0x00CD,0x00CE,0x00CF,0x00D0,
	0x00D1,0x00D2,0x00D3,0x00D4,0x00D5,0x00D6,0x00D7,0x00D8,
	0x00D9,0x00DA,0x00DB,0x00DC,0x00DD,0x00DE,0x00DF,0x00E0,

	0x00E1,0x00C2,0x00C2,0x00C2,0x00E2,0x00C2,0x00E3,0x00E4,
	0x00E5,0x00C2,0x00E6,0x00E7,0x00E8,0x00E9,0x00EA,0x00EB,
	0x00EC,0x00ED,0x00EE,0x00EF,0x00F0,0x00F1,0x00F2,0x00F3,
	0x00F4,0x00F5,0x00F6,0x00F7,0x00F8,0x00F9,0x00FA,0x00FB,
	0x00FC,0x00FD,0x00FE,0x00FF,0x0100,0x0101,0x0102,0x0103,
	0x0104,0x0105,0x0106,0x0107,0x0108,0x0109,0x010A,0x010B,
	0x010C,0x010D,0x010E,0x010F,0x0110,0x0111,0x0112,0x0113,
	0x0114,0x0115,0x0116,0x0117,0x0118,0x0119,0x011A,0x011B,

	0x011C,0x011D,0x011E,0x011F,0x0120,0x0121,0x0122,0x0123,
	0x0124,0x0125,0x0126,0x0127,0x0128,0x0129,0x012A,0x012B,
	0x012C,0x012D,0x012E,0x012F,0x0130,0x0131,0x0132,0x0133,
	0x0134,0x0135,0x0136,0x0137,0x0138,0x0139,0x013A,0x013B,
	0x013C,0x013D,0x013E,0x013F,0x0140,0x0141,0x0142,0x0143,
	0x0144,0x0145,0x0146,0x0147,0x0148,0x0149,0x014A,0x014B,
	0x014C,0x014D,0x014E,0x014F,0x0150,0x0151,0x0152,0x0153,
	0x0154,0x0155,0x0156,0x0157,0x0158,0x0159,0x015A,0x015B,

	0x015C,0x015D,0x015E,0x015F,0x0160,0x0161,0x0162,0x0163,
	0x0164,0x0165,0x0166,0x0167,0x0168,0x0169,0x016A,0x016B,
	0x016C,0x016D,0x016E,0x016F,0x0170,0x0171,0x0172,0x0173,
	0x0174,0x0175,0x0176,0x0177,0x0178,0x0179,0x017A,0x017B,
	0x017C,0x017D,0x017E,0x017F,0x0180,0x0181,0x0182,0x0183,
	0x0184,0x0185,0x0186,0x0187,0x0188,0x0189,0x018A,0x018B,
	0x018C,0x018D,0x018E,0x018F,0x0190,0x0191,0x0192,0x0193,
	0x0194,0x0195,0x0196,0x0197,0x0198,0x0199,0x019A,0x019B,

	0x019C,0x019D,0x019E,0x019F,0x01A0,0x01A1,0x01A2,0x01A3,
	0x01A4,0x01A5,0x01A6,0x01A7,0x01A8,0x01A9,0x01AA,0x01AB,
	0x01AC,0x01AD,0x01AE,0x01AF,0x01B0,0x01B1,0x01B2,0x01B3,
	0x01B4,0x01B5,0x01B6,0x01B7,0x01B8,0x01B9,0x01BA,0x01BB,
	0x01BC,0x01BD,0x01BE,0x01BF,0x01C0,0x01C1,0x01C2,0x01C3,
	0x01C4,0x01C5,0x01C6,0x01C7,0x01C8,0x01C9,0x01CA,0x01CB,
	0x01CC,0x01CD,0x01CE,0x01CF,0x01D0,0x01D1,0x01D2,0x01D3,
	0x01D4,0x01D5,0x01D6,0x01D7,0x01D8,0x01D9,0x01DA,0x01DB,

	0x01DC,0x01DD,0x01DE,0x01DF,0x01E0,0x01E1,0x01E2,0x01E3,
	0x01E4,0x01E5,0x01E6,0x01E7,0x01E8,0x01E9,0x01EA,0x01EB,
	0x01EC,0x01ED,0x01EE,0x01EF,0x01F0,0x01F1,0x01F2,0x01F3,
	0x01F4,0x01F5,0x01F6,0x01F7,0x01F8,0x01F9,0x01FA,0x01FB,
	0x01FC,0x01FD,0x01FE,0x01FF,0x0200,0x0201,0x0202,0x0203,
	0x0204,0x0205,0x0206,0x0207,0x0208,0x0209,0x020A,0x020B,
	0x020C,0x020D,0x020E,0x020F,0x0210,0x0211,0x0212,0x0213,
	0x0214,0x0215,0x0216,0x0217,0x0218,0x0219,0x021A,0x021B,

	0x021C,0x021D,0x021E,0x021F,0x0220,0x0221,0x0222,0x0223,
	0x0224,0x0225,0x0226,0x0227,0x0228,0x0229,0x022A,0x022B,
	0x022C,0x022D,0x022E,0x022F,0x0230,0x0231,0x0232,0x0233,
	0x0234,0x0235,0x0236,0x0237,0x0238,0x0239,0x023A,0x023B,
	0x023C,0x023D,0x023E,0x023F,0x0240,0x0241,0x0242,0x0243,
	0x0244,0x0245,0x0246,0x0247,0x0248,0x0249,0x024A,0x024B,
	0x024C,0x024D,0x024E,0x024F,0x0250,0x0251,0x0252,0x0253,
	0x0254,0x0255,0x0256,0x0257,0x0258,0x0259,0x025A,0x025B,

	0x025C,0x025D,0x025E,0x025F,0x0260,0x0261,0x0262,0x0263,
	0x0264,0x0265,0x0266,0x0267,0x0268,0x0269,0x026A,0x026B,
	0x026C,0x026D,0x026E,0x026F,0x0270,0x0271,0x0272,0x0273,
	0x0274,0x0275,0x0276,0x0277,0x0278,0x0279,0x027A,0x027B,
	0x027C,0x027D,0x027E,0x027F,0x0280,0x0281,0x0282,0x0283,
	0x0284,0x0285,0x0286,0x0287,0x0288,0x0289,0x028A,0x028B,
	0x028C,0x028D,0x028E,0x028F,0x0290,0x0291,0x0292,0x0293,
	0x0294,0x0295,0x0296,0x0297,0x0298,0x0299,0x029A,0x029B,

	0x029C,0x029D,0x029E,0x029F,0x02A0,0x02A1,0x02A2,0x02A3,
	0x02A4,0x02A5,0x02A6,0x02A7,0x02A8,0x02A9,0x02AA,0x02AB,
	0x02AC,0x02AD,0x02AE,0x02AF,0x02B0,0x02B1,0x02B2,0x02B3,
	0x02B4,0x02B5,0x02B6,0x02B7,0x02B8,0x02B9,0x02BA,0x02BB,
	0x02BC,0x02BD,0x02BE,0x02BF,0x02C0,0x02C1,0x02C2,0x02C3,
	0x02C4,0x02C5,0x02C6,0x02C7,0x02C8,0x02C9,0x02CA,0x02CB,
	0x02CC,0x02CD,0x02CE,0x02CF,0x02D0,0x02D1,0x02D2,0x02D3,
	0x02D4,0x02D5,0x02D6,0x02D7,0x02D8,0x02D9,0x02DA,0x02DB,

	0x02DC,0x02DC,0x02DC,0x02DC,0x02DC,0x02DC,0x02DC,0x02DC,
	0x02DC,0x02DC,0x02DC,0x02DC,0x02DC,0x02DC,0x02DC,0x02DC,
	0x02DC,0x02DC,0x02DC,0x02DC,0x02DC,0x02DC,0x02DC,0x02DC,
	0x02DC,0x02DC,0x02DC,0x02DC,0x02DC,0x02DC,0x02DC,0x02DC,
	0x02DC,0x02DC,0x02DC,0x02DC,0x02DC,0x02DC,0x02DC,0x02DC,
	0x02DC,0x02DC,0x02DC,0x02DC,0x02DC,0x02DC,0x02DC,0x02DC,
	0x02DC,0x02DC,0x02DC,0x02DC,0x02DC,0x02DC,0x02DC,0x02DC,
	0x02DC,0x02DC,0x02DC,0x02DC,0x02DC,0x02DC,0x02DC,0x02DC,

	0x02DC,0x02DC,0x02DC,0x02DC,0x02DC,0x02DC,0x02DC,0x02DC,
	0x02DC,0x02DC,0x02DC,0x02DC,0x02DC,0x02DC,0x02DC,0x02DC,
	0x02DC,0x02DC,0x02DC,0x02DC,0x02DC,0x02DC,0x02DC,0x02DC,
	0x02DC,0x02DC,0x02DC,0x02DC,0x02DC,0x02DC,0x02DC,0x02DC,
	0x02DC,0x02DC,0x02DC,0x02DC,0x02DC,0x02DC,0x02DC,0x02DC,
	0x02DC,0x02DC,0x02DC,0x02DC,0x02DC,0x02DC,0x02DC,0x02DC,
	0x02DC,0x02DC,0x02DC,0x02DC,0x02DC,0x02DC,0x02DC,0x02DC,
	0x02DC,0x02DC,0x02DC,0x02DC,0x02DC,0x02DC,0x02DC,0x02DC,

	0x02DC,0x02DC,0x02DC,0x02DC,0x02DC,0x02DC,0x02DC,0x02DC,
	0x02DC,0x02DC,0x02DC,0x02DC,0x02DC,0x02DC,0x02DC,0x02DC,
	0x02DC,0x02DC,0x02DC,0x02DC,0x02DC,0x02DC,0x02DC,0x02DC,
	0x02DC,0x02DC,0x02DC,0x02DC,0x02DC,0x02DC,0x02DC,0x02DC,
	0x02DC,0x02DC,0x02DC,0x02DC,0x02DC,0x02DC,0x02DC,0x02DC,
	0x02DC,0x02DC,0x02DC,0x02DC,0x02DC,0x02DC,0x02DC,0x02DC,
	0x02DC,0x02DC,0x02DC,0x02DC,0x02DC,0x02DC,0x02DC,0x02DC,
	0x02DC,0x02DC,0x02DC,0x02DC,0x02DC,0x02DC,0x02DC,0x02DC,

	0x02DC,0x02DC,0x02DC,0x02DC,0x02DC,0x02DC,0x02DC,0x02DC,
	0x02DC,0x02DC,0x02DC,0x02DC,0x02DC,0x02DC,0x02DC,0x02DC,
	0x02DC,0x02DC,0x02DC,0x02DC,0x02DC,0x02DC,0x02DC,0x02DC,
	0x02DC,0x02DC,0x02DC,0x02DC,0x02DC,0x02DC,0x02DC,0x02DC,
	0x02DC,0x02DC,0x02DC,0x02DC,0x02DC,0x02DC,0x02DC,0x02DC,
	0x02DC,0x02DC,0x02DC,0x02DC,0x02DC,0x02DC,0x02DC,0x02DC,
	0x02DC,0x02DC,0x02DC,0x02DC,0x02DC,0x02DC,0x02DC,0x02DC,
	0x02DC,0x02DC,0x02DC,0x02DC,0x02DC,0x02DC,0x02DC,0x02DC,
};

const unsigned short bg_topPal[240] __attribute__((aligned(4))) __attribute__((visibility("hidden")))=
{
	0x7C1F,0x116A,0x7EA9,0x1065,0x1E52,0x5E91,0x15CE,0x6758,
	0x4AB6,0x1107,0x2D6C,0x7F71,0x35CF,0x564E,0x46DB,0x1D0C,
	0x7374,0x0C88,0x3E11,0x7AEC,0x2170,0x49A7,0x0823,0x4253,
	0x2509,0x6BBC,0x2E55,0x29D2,0x18A8,0x1885,0x7311,0x51EC,
	0x5293,0x533D,0x42B9,0x7EEB,0x1D72,0x35AE,0x3A34,0x150E,
	0x3D8B,0x25D5,0x3947,0x6B34,0x3E55,0x10CB,0x0CC5,0x7F2D,
	0x7BD5,0x296C,0x24E8,0x35D0,0x4674,0x214E,0x4ED7,0x3DF2,
	0x292A,0x1D0B,0x4F1C,0x2D8D,0x45AB,0x2E79,0x0C87,0x679B,

	0x67DE,0x0C83,0x6736,0x62F3,0x4695,0x296E,0x2D8F,0x1D94,
	0x24C6,0x212C,0x6F13,0x1930,0x772E,0x4276,0x18EA,0x2E16,
	0x4E0F,0x39F0,0x3E78,0x250A,0x318A,0x3615,0x6ECD,0x0C66,
	0x31F2,0x14EC,0x5B9F,0x4AB8,0x2D4B,0x271A,0x7B72,0x198B,
	0x4232,0x6AF1,0x29B0,0x7332,0x1A0F,0x41CE,0x2192,0x0C44,
	0x3DAC,0x0D28,0x14C9,0x39AE,0x535E,0x29F4,0x77D6,0x52F8,
	0x0CE6,0x316C,0x192E,0x11AC,0x42BA,0x5F15,0x21F6,0x3D6A,
	0x7F4F,0x4AFB,0x6B57,0x7354,0x41F0,0x150D,0x39CF,0x18C7,

	0x76EE,0x31B0,0x5250,0x2618,0x7BF6,0x2909,0x4A30,0x1D93,
	0x4234,0x3E57,0x2591,0x10A8,0x0CA4,0x4A95,0x6F9B,0x214D,
	0x7F92,0x1487,0x1485,0x4211,0x7795,0x0843,0x20EB,0x1149,
	0x1066,0x1A30,0x7AAA,0x314B,0x3E12,0x318D,0x1D4F,0x1D51,
	0x18C9,0x52D7,0x1992,0x18A6,0x66F4,0x4AFC,0x28E8,0x10E6,
	0x4DED,0x20C7,0x3E98,0x522F,0x6B78,0x4A74,0x1DD8,0x10C5,
	0x46BA,0x4ED8,0x7F2E,0x7752,0x2DD2,0x14D0,0x3D68,0x7F91,
	0x21B4,0x20F1,0x1128,0x360F,0x6715,0x6B36,0x6B9B,0x67BD,

	0x1E73,0x1507,0x1E19,0x25F8,0x41F2,0x0000,0x0000,0x0000,
	0x0000,0x0000,0x0000,0x0000,0x0000,0x0000,0x0000,0x0000,
	0x0000,0x0000,0x0000,0x0000,0x0000,0x0000,0x0000,0x0000,
	0x0000,0x0000,0x0000,0x0000,0x0000,0x0000,0x0000,0x0000,
	0x0000,0x0000,0x0000,0x0000,0x0000,0x0000,0x0000,0x0000,
	0x0000,0x0000,0x0000,0x0000,0x0000,0x0000,0x0000,0x0000,
};

//}}BLOCK(bg_top)
