
//{{BLOCK(board_bg)

//======================================================================
//
//	board_bg, 256x256@8, 
//	+ palette 256 entries, not compressed
//	+ 760 tiles (t|f reduced) not compressed
//	+ regular map (in SBBs), not compressed, 32x32 
//	Total size: 512 + 48640 + 2048 = 51200
//
//	Time-stamp: 2026-09-03, 21:01:00
//	Exported by Cearn's GBA Image Transmogrifier, v1.23.0
//	( http://www.coranac.com/projects/#grit )
//
//======================================================================

const unsigned int board_bgTiles[12160] __attribute__((aligned(4))) __attribute__((visibility("hidden")))=
{
	0x00000000,0x00000000,0x00000000,0x00000000,0x00000000,0x00000000,0x00000000,0x00000000,
	0x00000000,0x00000000,0x00000000,0x00000000,0x00000000,0x00000000,0x00000000,0x00000000,
	0x57576969,0x2A692A2A,0x6B262F4C,0x2F2F2F2F,0x582A2F57,0xB5585858,0x5858322F,0x2F2F5745,
	0x3558322F,0x37484832,0x57063232,0x58584548,0x2A064A4A,0x2F584537,0x2A23324A,0x48323E37,
	0x2A2A2A2A,0x2C2F2F57,0x5757572F,0x2F2F2F57,0x06060606,0x45585858,0x32323226,0x57584557,
	0x504B4B37,0x57582F79,0x58584545,0x5758794A,0x06574B31,0x57584B2F,0x3E4B2F45,0x57584B57,
	0x57572C78,0x57575757,0x2F2F2F2F,0x2F572F2F,0x58582A2A,0x58585858,0x57353231,0x2F2F572F,
	0x4A353231,0x4A4A4A4A,0x2C353737,0x78782C2C,0x322A4B37,0x4848484A,0x322A4B4B,0x6A6A3737,

	0x57575757,0x57575757,0x78787832,0x31327878,0x45455858,0x58585845,0x2A2A2F2F,0x2F2F5745,
	0x353E5F4A,0x3748312A,0x352A322C,0x32324A2F,0x3E4C4B37,0x32373732,0x2A2A4B4B,0x484B4832,
	0x57575757,0x57575757,0x32324A32,0x32323232,0x06585858,0x58735858,0x32782F2F,0x32323232,
	0x804B6A37,0x50505050,0x3232320F,0x4A4A4A4A,0x58455858,0x31313778,0x454C2A45,0x31314B2F,
	0x57575757,0x7878782C,0x4A4A4A31,0x324A4A31,0x58585858,0x58584545,0x2F323232,0x323E2A2A,
	0x4B554B50,0x504A2A35,0x3748324A,0x4A483E45,0x316A3131,0x314A2A45,0x314B3737,0x48263E45,
	0x57577878,0x57515757,0x32323232,0x31323232,0x5B73065B,0x58440623,0x42323232,0x32324242,
	0x40404040,0x62408040,0x32323232,0x79323232,0x2F2F2F32,0x50484832,0x2F57452F,0x4B483245,

	0x78515151,0x2C2F2C32,0x4A313232,0x32323232,0x45454558,0x45454545,0x4C572A57,0x2A575757,
	0x572F4C48,0x452A2F57,0x4C2F3EAA,0x4A583E57,0x2F2F3E4A,0x2948353E,0x3E2F3532,0x79404B45,
	0x2C782C2C,0x78782C2C,0x32323232,0x32323232,0x3E2A5845,0x45453558,0x374B2F35,0x2A2A353E,
	0x48485048,0x57353E37,0x322F796D,0x2A3E504B,0x2A454C48,0x5755504A,0x4C2F3E4C,0x4050323E,
	0x3232322C,0x78787832,0x78324A31,0x4B6A3132,0x58585845,0x58585858,0x3E2A2A2A,0x57572F2F,
	0x3E572F57,0x6F484838,0x354C572F,0x6F484848,0x45572F2A,0x4A37374A,0x454C2A2A,0x5848374A,
	0x78787878,0x78787878,0x314B4B4B,0x48313148,0x23585858,0x73444423,0x32784C57,0x32327878,
	0x6D506F6F,0x6D6D6D6D,0x6F6F6F6F,0x48486F6F,0x4A4A4A4A,0x48484A48,0x45454545,0x6F325845,

	0x78787878,0x78787878,0x31313148,0x31313131,0x45455858,0x58585845,0x2A3E5732,0x2F0F5735,
	0x35453252,0x4B4B6F3E,0x2A352F50,0x4A4A6F3E,0x4C2A7840,0x326B483E,0x4C2A326D,0x45582F3E,
	0x78787878,0x32787878,0x31313131,0x31313131,0x58582344,0x45454545,0x2A323232,0x35353535,
	0x6F6D5050,0x2F352A3E,0x6DAA4A4A,0x4A3E2F2A,0x556F4A32,0x31456B2A,0x40502F58,0x31452F3E,
	0x32323278,0x32323232,0x31313131,0x48484848,0x58585858,0x58585858,0x57575757,0x57575757,
	0x3E3E3279,0x133E3E3E,0x2F4C064A,0x32322F2F,0x454A3E32,0x453E2F3E,0x132A5731,0x454B4B4B,
	0x78787878,0x78787878,0x31313131,0x31313131,0x45585858,0x45454545,0x3E2F2F57,0x2A2A3535,
	0x3E50324C,0x5757572A,0x576A5857,0x57572F57,0x2F4B4C50,0x572F2F57,0x2F6A5737,0x45572F57,

	0x78787878,0x32787878,0x31313131,0x31483131,0x58584545,0x2A444545,0x2A3E353E,0x40350635,
	0x452A5757,0x374B3145,0x26582A2F,0x354A6D55,0x67375835,0x45452F4B,0x4A556A2F,0x2F3E582A,
	0x78323232,0x78787878,0x31314831,0x31313131,0x4545584C,0x45454545,0x355B2A55,0x2A2A2A2A,
	0x3E314B48,0x572F5745,0x6D503245,0x2F4C454C,0x37575845,0x35454B55,0x2A733E2F,0x2F50554A,
	0x78787878,0x78787878,0x31313131,0x31313131,0x45454545,0x58585845,0x2A2A2A2A,0x572F5735,
	0x572F2F57,0x3E32503E,0x572F2F2F,0x2A584B2A,0x572F2F2F,0x4B2A6A4C,0x2F6B2F3E,0x4B4C6A57,
	0x78787878,0x32323278,0x31313131,0x4A4A3131,0x58585858,0x58585858,0x57575757,0x57575757,
	0x3E3E3E3E,0x792F353E,0x2F2F2F26,0x32062F26,0x2A2F3E35,0x32573145,0x79504B45,0x32573E4C,

	0x78783232,0x780F7878,0x4A313232,0x4A4A4A4A,0x45454545,0x5B5B7358,0x2A2A3E35,0x7878782A,
	0x3E4C3E64,0x50504031,0x3E2F3E37,0x484A4850,0x3E264537,0x4A486F50,0x3E2F4531,0x4526504B,
	0x78787878,0x78787878,0x3131314A,0x484A4A31,0x455806B5,0x58454545,0x35570F0F,0x324C2A3E,
	0x3E4B4B4B,0x522F4535,0x136F4A48,0x384C3E35,0x57482632,0x40572A2A,0x572F5845,0x402F2A2A,
	0x78327878,0x78787878,0x32324A6A,0x78323232,0x73737358,0x58585873,0x32323232,0x57573232,
	0x6D6D6D6D,0x486F406D,0x486F4848,0x6F6F4848,0x4A4A6F48,0x4A4A4A4A,0x45584A6F,0x35454545,
	0x32323278,0x2C2C2C32,0x78787832,0x4A313132,0x58585858,0x45454558,0x2F2F2F2F,0x2A2A2A2A,
	0x4B484848,0x4C572A4C,0x6F484848,0x57572A4C,0x4848484A,0x2A2F4C3E,0x31484A58,0x3E4C5735,

	0x2C2C2C2C,0x2C2C782C,0x314A4A31,0x3232324A,0x58354545,0x45454C35,0x45352A2A,0x582F4B31,
	0x48453E57,0x4B4B3737,0x50503E2A,0x5248574A,0x4A50402A,0x312A452A,0x2A4A2940,0x45452F2A,
	0x57515151,0x51515151,0x32323232,0x32323232,0x45454535,0x58354545,0x2A2A2A35,0x572A2A2A,
	0x57572A2A,0x4A2A2F57,0x2F2A4540,0x4A2A2F2F,0x2A2A4055,0x322A2F2F,0x2A556D31,0x2F2A2F3E,
	0x51515157,0x57515151,0x32323232,0x784A3131,0x06230658,0x23585858,0x32324232,0x32323232,
	0x40404067,0x40505040,0x32322650,0x324A4A4A,0x32484840,0x322F2F2F,0x454A4850,0x4C3E2F2F,
	0x57575757,0x57575757,0x32323232,0x32323232,0x45454558,0x58585858,0x2A3E2A32,0x32323257,
	0x583E4A50,0x504B6D37,0x583E484A,0x4A324B48,0x453E3131,0x484A4B4A,0x453E3248,0x37314B31,

	0x57575757,0x57575757,0x32323232,0x32323232,0x58585873,0x58586006,0x32323232,0x572F3232,
	0x50505050,0x48375080,0x4A313131,0x2F783232,0x32484848,0x06584558,0x32484837,0x454C2A45,
	0x57575757,0x57575757,0x32323232,0x32323232,0x45585858,0x58584545,0x45575757,0x2F2F2A2A,
	0x2A313131,0x4A313E35,0x2F323278,0x78322A45,0x32373757,0x48372A45,0x32314B32,0x48313E35,
	0x57575757,0x0F0F5757,0x0F2F2F2F,0x0F2F2C0F,0x58585858,0x35355858,0x57572F2F,0x4A78352F,
	0x32324A4A,0x4A2C3E48,0x2F2C2C2C,0x48313532,0x31483131,0x48372A4A,0x48483748,0x794B2A31,
	0x2F0F0F78,0x57575757,0x2F2F0F0F,0x2F2F2F2F,0x58585835,0x5B5B5B5B,0x2A45582F,0x2F2F0F26,
	0x48570657,0x486F7979,0x4A48732F,0x45455858,0x2F79582F,0x48483E06,0x2F4B582F,0x452F7945,

	0x78575757,0x57572F78,0x2F2F2F2F,0x576B4A32,0x5858585B,0x2F6B3E58,0x352F2F2F,0x322F5858,
	0x326F7948,0x3257583E,0xAA455858,0x2F575B2F,0x4858452F,0x2F325B57,0x4A45AA4A,0x2F325B4C,
	0x2A233232,0x3E484C37,0x2A73324A,0x26AA2A6A,0x2A734A32,0x502F3E4B,0x2A444A32,0x3E58454B,
	0x4C583232,0x48313148,0x45584A32,0x79374857,0x58584A32,0x06060606,0x57353132,0x3232780F,
	0x322F583E,0x57584B57,0x2F4A4535,0x57584B57,0x5837322F,0x2F584B2F,0x06453226,0x2F58372C,
	0x50794A4A,0x57584A48,0x4B4B4B4B,0x57584C48,0x06060606,0x2A584558,0x26262626,0x2F324832,
	0x312A554B,0x57573137,0x312A1E4B,0x585B3737,0x312A554B,0x57586A4B,0x312A1E4B,0x45064B37,
	0x482A9C4B,0x4848506F,0x78351E4B,0x4B4B314A,0x06585548,0x58585858,0x4C4C4B48,0x2F575757,

	0x3E3E6957,0x4B6D4B32,0x3E575858,0x4B6D5032,0x3E6B2F2F,0x48404B26,0x06354545,0x4850382F,
	0x6A6A6A48,0x32506F48,0x4B4B4B4B,0x2A323231,0x73587358,0x585B6006,0x2F57572F,0x57575757,
	0x2A2F5745,0x314A312F,0x3E2F2F3E,0x3232324C,0x2A575745,0x58585858,0x57572F3E,0x3E4C2A4C,
	0x2F2F2F3E,0x4C2F2F2F,0x2F2F2F3E,0x570F2F2F,0x5757573E,0x57575757,0x262F2F57,0x2F262626,
	0x374B3131,0x37323E45,0x4B403731,0x31322A3E,0x40554B0F,0x4B372A3E,0x5040482F,0x2F574545,
	0x50503826,0x48484B4B,0x31313157,0x4B4B4B6A,0xB5585845,0x06060606,0x2F2F2F2F,0x320F2F2F,
	0x67313E2F,0x50482631,0x40323E2A,0x804B3231,0x404B4B37,0x556F320F,0x57575757,0x55480F45,
	0x3131314A,0x55504B31,0x4B4B4B4B,0x3131316A,0x735B065B,0x0658585B,0x6B2F2F26,0x0F0F2F2F,

	0x3E573E32,0x4548504B,0x352F3E5F,0x3150312F,0x4C323E6A,0x40312A58,0x2632134B,0x32355857,
	0x2F264C4A,0x35584C2F,0x2626572A,0x452F2626,0x57575758,0x4C575757,0x4A32262F,0x48484831,
	0x2F2F2F45,0x5032452A,0x262F2F3E,0x4B50484C,0x3E4C3531,0x32506731,0x32583740,0x452F486D,
	0x504B6D31,0x4C585748,0x374B323E,0x2F4C5857,0x2A575823,0x2F2F3506,0x2F2F2F4A,0x31314832,
	0x353E2A50,0x4548484A,0x352A3E32,0x2A505031,0x3E2F5745,0x556D504A,0x3E2F2F57,0x2A4C5757,
	0x572F2F6B,0x58454545,0x2626266B,0x2F2F2626,0x2F2F2F2F,0x57572F2F,0x3132324A,0x31484848,
	0x2F2F2F57,0x6F323557,0x4C4A2F35,0x384A352F,0x454A5080,0x6F4A352F,0x3E3E4C4C,0x384A3E2F,
	0x2F455858,0x504A352F,0x2F2F2F2F,0x31573E2F,0x57575757,0x23582A57,0x31313131,0x4A313131,

	0x573E326D,0x2F4C3E45,0x2F3E2F50,0x262F4C57,0x264C326D,0x32263232,0x4C45326D,0x2A4C4C4C,
	0x4050676D,0x4B4B4B40,0x80805048,0x4B4B4B40,0x06065B73,0x06060606,0x4A4A4A4A,0x3131314A,
	0x40502F2A,0x31452F3E,0x504B2F57,0x31452F35,0x804B5757,0x31452F35,0x4B6A6958,0x31452F45,
	0x3148316A,0x2F3E2F45,0x5732314B,0x3E572F45,0x06060606,0x452A2A35,0x32313131,0x3131314A,
	0x6B4C5731,0x2A370648,0x45482F31,0x2A5F583E,0x4A6D1337,0x354B4A6B,0x4A133E50,0x3557484A,
	0x8F8F296D,0x50484897,0x48484832,0x314B4B37,0x06060673,0x06060606,0x31313131,0x4A4A3131,
	0x2F4B2F37,0x6B3E2C4C,0x2F4B326A,0x3E2A2C4C,0x4C32326A,0x3E6B262F,0x4C0F2F4B,0x2F2F2F2F,
	0x2A322A4B,0x2F2F2F57,0x3E4C452F,0x2626262F,0x3E454C58,0x2F575757,0x48484831,0x31313148,

	0x35483952,0x2F2F3E44,0x376F4B4C,0x6B2F4C3E,0x55483E58,0x2F3E576D,0x322A582A,0x5837676D,
	0x5845572F,0x5062314C,0x3E2F2626,0x67323558,0x4C57572F,0x4C060645,0x31313131,0x0F264A4A,
	0x584C2F2F,0x52397935,0x2A576B6B,0x2F29504B,0x6D2F2A57,0x582F4B67,0x6D524858,0x4C45574A,
	0x2F48674B,0x6B2F4558,0x584C4867,0x2F2F2F3E,0x4523732F,0x2F2F5757,0x4831262F,0x48484848,
	0x57263E4A,0x4B576A4C,0x57264C3E,0x4B2F4B57,0x2F2F2F3E,0x4B2F322A,0x2F2F2F2F,0x5057262A,
	0x2F2F2F2F,0x373E2F2A,0x2F2F2F2F,0x2F454C3E,0x57572F2F,0x454C454C,0x48484848,0x31484848,
	0x4A066A2A,0x322F2A6B,0x3E456A2A,0x32324A45,0x32484B45,0x4A576232,0x486A572A,0x79022F48,
	0xAA48486D,0x29938F8F,0x374B3731,0x32484848,0x06060606,0x5B5B5B06,0x31313232,0x31313131,

	0x3E2F4531,0x2A26504B,0x352F4531,0x5726504B,0x352F4531,0x572F4B4B,0x350F4532,0x58574B6A,
	0x350F3E2F,0x48317932,0x35262F3E,0x6A31324C,0x2A2A3E45,0x06060658,0x48483131,0x31313148,
	0x453E4C2F,0x402F4C57,0x4C4C2F26,0x50574C26,0x26262632,0x6D785732,0x4C4C4C4C,0x622F4557,
	0x5050504B,0x3962406D,0x504B4B4B,0x48405555,0x06060606,0x58230606,0x314A4A31,0x31313131,
	0x57454A48,0x2F2F2F57,0x2F454A6F,0x3E2F313E,0x2F454A48,0x55503135,0x2F354A6F,0x4C2A3E3E,
	0x2F454A38,0x5845352F,0x2F3E2F31,0x2F2F2F2F,0x573E5823,0x572F5757,0x48484848,0x48486A6A,
	0x31484A45,0x504C3E35,0x48504B3E,0x323E2A3E,0x4850551E,0x45572F2A,0x5757574C,0x2F262F2A,
	0x45454545,0x2F2F2F13,0x6B6B2F2F,0x2F2F2F2F,0x2F572F2F,0x5757572F,0x48484848,0x4A4A3231,

	0x2A3E4A6D,0x452F2F2F,0x2A37504B,0x352F2F2F,0x3155502F,0x3135573E,0x6D485745,0x62315848,
	0x4857584C,0x4B67506D,0x4C584C2F,0x2F485048,0x063E5757,0x73582F4C,0x4A484831,0x4A2F2F26,
	0x406D4845,0x2F2A572A,0x2F48504A,0x322A2F3E,0x584C486D,0x5F4C324C,0x57583E31,0x374C3226,
	0x2F2A584C,0x324C262F,0x2F2F5745,0x2A572F2F,0x2F2F2F4C,0x45575757,0x48484848,0x32313131,
	0x32324850,0x574C7967,0x324A6F55,0x3E4C4A40,0x574A6F67,0x374B4B4B,0x45324867,0x57575757,
	0x484B5062,0x4A4A3131,0x4B48314A,0x4B4B4B4B,0x06580606,0x06060606,0x31313232,0x4A4A3131,
	0x453E4A4B,0x31324B31,0x3E2A3131,0x31314037,0x3E4C504B,0x32486D4B,0x45022F57,0x26486D6F,
	0x4B4B6A48,0x4A6F5050,0x4B4B544B,0x2F313137,0x06060606,0x45737306,0x4A4A3131,0x314A4A4A,

	0x32314A31,0x3E57572A,0x2F313232,0x3E2F573E,0x45584558,0x3E2F2F2A,0x2A3E2A45,0x45575757,
	0x57572F2A,0x3E2F5757,0x2F2F2F4C,0x4C0F2F2F,0x5757574C,0x3E4C5757,0x31483131,0x32323131,
	0x4A6F504A,0x2A2A3E45,0x4A4B5032,0x58585745,0x266F5032,0x2F2F2F35,0x2F485026,0x45454506,
	0x48484B2F,0x6A4B6A6A,0x3132323E,0x4B50804B,0x5B060658,0x58587373,0x2F2F2632,0x2F2F266B,
	0x48312A2A,0x4B502A31,0x4B310658,0x4B402A37,0x4B37452F,0x50402A37,0x796F233E,0x4B402A37,
	0x48504848,0x4B802A37,0x32314B4B,0x4B404578,0x45585858,0x4B4B0658,0x5757572F,0x79482A57,
	0x574B582F,0x3E58322F,0x2C4B582F,0x35454A2F,0x32795832,0x2F313158,0x4A485832,0x4A32455B,
	0x6F4A5832,0x48AA4850,0x4A2A4532,0x4B4B794B,0x4545582F,0x06060606,0x31482626,0x3232324A,

	0x4A2F4845,0x2F32234C,0x372A482F,0x324A5B4C,0x4B3E3250,0x314A064C,0x4B45454C,0x4A4A064C,
	0x48313131,0x4A4A5B4C,0x57484837,0x4A2F5845,0x06060606,0x322F5858,0x2F0F0F0F,0x32644557,
	0x482F4832,0x8080504B,0x4A6B3132,0x32323232,0x4558312C,0x3E3E133E,0x2F06312C,0x4B504B48,
	0x2F063178,0x324A4A48,0x2F064832,0x31484A37,0x2F063732,0x2F643237,0x2F063732,0x45456448,
	0x50408080,0x4880556D,0x32323232,0x4B484A32,0x2A2A3E3E,0x4A45452A,0x374B3879,0x2F064A4B,
	0x78323232,0x2F063732,0x324A314A,0x2F064B32,0x32374A2F,0x2F234B31,0x32373E45,0x2F586D48,
	0x4B374848,0x4B671E4B,0x4B4B794B,0x2C324B40,0x134B404B,0x4544454C,0x8C2F556D,0x52529539,
	0x8D2F596D,0x728866A0,0x412F706D,0x36305353,0x982F9940,0x16163653,0x81579950,0x16161F74,

	0x40405050,0x48484040,0x32323232,0x78783232,0x02454545,0x3E3E3E3E,0x7D7D5252,0x207D7D7D,
	0x362D3630,0x362D162D,0x16161614,0x16161616,0x16161616,0x16161616,0x16161616,0x16161616,
	0x4B4B6F48,0x4B4B4B4B,0x78787878,0x78787878,0x45020202,0x45024545,0x2020208D,0x7D7D7D7D,
	0x36362D36,0x5E2D5E2D,0x16161616,0x16161616,0x16161616,0x16161616,0x16161616,0x16161616,
	0x504B4B4B,0x1E404B4B,0x32787878,0x78787832,0x023E3E02,0x3E3E3E3E,0x8D7D7D7D,0x959A128C,
	0x362D1616,0x306C8736,0x16161616,0x16162D16,0x16161616,0x16161616,0x16161616,0x16161616,
	0x406D6D1E,0x6D554040,0x78327878,0x32323232,0x02023E3E,0x3E3E3E02,0x7D7D7D7D,0x20208D5C,
	0x36363036,0x362D3636,0x1616167E,0x16161616,0x16161616,0x16161616,0x16161616,0x16161616,

	0x556D6D6D,0x67676767,0x32323232,0x32323232,0x3E3E3E3E,0x3E3E3E3E,0x7D7D7D7D,0x7D7D7D7D,
	0x165E162D,0x165E1616,0x16161616,0x16161616,0x16161616,0x16161616,0x16161616,0x16161616,
	0x52525267,0x67676752,0x32323232,0x78787832,0x3E3E3E3E,0x4545023E,0x7D7D7D7D,0x957D7D7D,
	0x16161616,0x72921616,0x16161616,0x167E1616,0x16161616,0x16161616,0x16161616,0x16161616,
	0x671E1E55,0x67527070,0x78787878,0x32327878,0x35354545,0x3E024535,0x93129595,0x7D7D8912,
	0x3C948872,0x162D306C,0x2D7E1616,0x16161616,0x16161616,0x16161616,0x16161616,0x16161616,
	0x67676767,0x52345267,0x32323232,0x78323232,0x3E3E3E3E,0x3E3E3E3E,0x7D7D7D7D,0x7D7D7D7D,
	0x16161616,0x16161616,0x16161616,0x16161616,0x16161616,0x16161616,0x16161616,0x16161616,

	0x67676752,0x34345267,0x78787878,0x32327878,0x353E3E3E,0x3E3E3E35,0x7D7D8C8C,0x7D7D7D7D,
	0x16161616,0x2D165E5E,0x16161616,0x16161616,0x16161616,0x16161616,0x16161616,0x16161616,
	0x523C7034,0x70705267,0x32323232,0x32323232,0x3E3E3E3E,0x3E3E3E3E,0x7D7D2020,0x7D7D7D7D,
	0x162D362D,0x16161616,0x16161605,0x16161616,0x16161616,0x16161616,0x16161616,0x16161616,
	0x70707070,0x67677070,0x78787878,0x32323278,0x3E3E3E3E,0x3E3E3E3E,0x7D7D7D7D,0x8C8C8C7D,
	0x16161616,0x16161616,0x16161616,0x16161616,0x16161616,0x16161616,0x16161616,0x16161616,
	0x70703C34,0x70707070,0x32323232,0x32323232,0x3E3E3E3E,0x3E3E3E3E,0x7D7D7D8C,0x7D7D7D7D,
	0x16161616,0x2D5E2D16,0x16161616,0x16161616,0x16161616,0x16161616,0x16161616,0x16161616,

	0x34707070,0x34343434,0x32323232,0x32323232,0x3E3E3E3E,0x3E3E3E3E,0x7D7D7D20,0x7D7D7D7D,
	0x16162D2D,0x5E161616,0x16161605,0x16161616,0x16161616,0x16161616,0x16161616,0x16161616,
	0x34343452,0x70703C3C,0x32323232,0x32323232,0x3E3E3E3E,0x3E3E3E3E,0x207D7D7D,0x8C8C7D8D,
	0x362D5E5E,0x16162D36,0x16161616,0x16161616,0x16161616,0x16161616,0x16161616,0x16161616,
	0x70707070,0x5270703C,0x32323232,0x32327832,0x3E3E3E3E,0x3E3E3E3E,0x7D7D7D8C,0x207D7D7D,
	0x16161616,0x365E2D16,0x16161616,0x16161616,0x16161616,0x16161616,0x16161616,0x16161616,
	0x70346767,0x70707070,0x78787832,0x78787878,0x3E3E3E3E,0x3E02023E,0x95959595,0x95959595,
	0x36363636,0x36363685,0x05050516,0x05050505,0x16161616,0x16161616,0x16161616,0x16161616,

	0x3C3C3C70,0x70705234,0x32323278,0x32323232,0x3E020202,0x3E3E3E3E,0x7D7D2095,0x95205C7D,
	0x16165E36,0x362D1616,0x16161616,0x05050516,0x16161616,0x16161616,0x16161616,0x16161616,
	0x67676752,0x70707034,0x78787878,0x32787878,0x3E3E3E3E,0x023E3E35,0x20952020,0x20202020,
	0x36363636,0x85363636,0x16161605,0x16161616,0x16161616,0x16161616,0x16161616,0x16161616,
	0x3C707070,0x34703C3C,0x32323232,0x32323232,0x3E020202,0x3E3E3E02,0x20202020,0x20202020,
	0x36858585,0x36363636,0x16161616,0x16161616,0x16161616,0x16161616,0x16161616,0x16161616,
	0x70703434,0x1E1E551E,0x78783278,0x78787878,0x3E3E3E3E,0x3E450202,0x20202020,0x7D7D7D20,
	0x30853636,0x36362D36,0x16161616,0x16161616,0x16161616,0x16161616,0x16161616,0x16161616,

	0x52523467,0x52525252,0x32323232,0x32323232,0x3E3E3E3E,0x02023E3E,0x7D7D7D7D,0x7D7D7D7D,
	0x362D2D36,0x36363636,0x16161616,0x16161616,0x16161616,0x16161616,0x16161616,0x16161616,
	0x67345267,0x67676767,0x78323232,0x32323278,0x02023E35,0x3E3E0202,0x2020205C,0x8C7D7D20,
	0x36363636,0x2D2D3636,0x16161616,0x16161616,0x16161616,0x16161616,0x16161616,0x16161616,
	0x70707067,0x67676770,0x78323232,0x78787878,0x3E3E3E3E,0x3E454545,0x207D8C7D,0x397D7D7D,
	0x2D5E162D,0x662D5E16,0x16161616,0x16161616,0x16161616,0x16161616,0x16161616,0x16161616,
	0x76595976,0x52675959,0x32783232,0x78323232,0x02023E3E,0x3E3E3E02,0x7D7D2012,0x7D7D7D7D,
	0x2DA272AB,0x2D2D2D16,0x16167E16,0x16161616,0x16161616,0x16161616,0x16161616,0x16161616,

	0x67676767,0x67676767,0x78787878,0x32327878,0x3545353E,0x3E3E3E3E,0x7D7D7D7D,0x8C8C7D7D,
	0x2D2D2D2D,0x2D2D2D2D,0x16161616,0x16161616,0x16161616,0x16161616,0x16161616,0x16161616,
	0x40405555,0x4B4B6D40,0x32323232,0x0F2F2C78,0x3E4C1302,0x45454545,0x7D1C398C,0x347D7D5A,
	0x72A16C5E,0x85362D16,0x7E16167E,0x36365E16,0x16161616,0x16161616,0x16161616,0x16161616,
	0x4B4B8040,0x4848374B,0x80323232,0x48794B40,0x2F3E4558,0x5040484C,0x897D5295,0x62402F8D,
	0xA0535330,0x621E6B8C,0x1B537474,0x391E26A0,0x1B108536,0x391E2F9F,0x74101F14,0x551E2F84,
	0x6D6D5048,0x40806D6D,0x32324A48,0x32323232,0x3E45454A,0x3E3E3E3E,0x79327C6B,0x4B4B6F48,
	0x3248066B,0x3232322C,0x3248066B,0x31313132,0x37790626,0x64313732,0x4B500626,0x453E4B32,

	0x4B505050,0x4A4A2F48,0x2C323232,0x4A4A2F32,0x3E133E3E,0x4A324545,0x486F3838,0x4A32062F,
	0x4A4A4A4A,0x4A32062F,0x4A4A4831,0x4A32062F,0x4A4A2F2F,0x4A4A062F,0x482F4545,0x324A062F,
	0x2F233732,0x2F453237,0x2F233732,0x2A45314B,0x2F063732,0x3535484B,0x2F233732,0x3E3E374B,
	0x2F063732,0x3E3E794B,0x2F233732,0x4C3E4B4B,0x2F063732,0x2F45504B,0x2F063732,0x2F3E504B,
	0x326A453E,0x57585037,0x314B484A,0x5758504B,0x31377931,0x5758504B,0x31314A78,0x2F584B4B,
	0x3137482F,0x2F584B4B,0x3E2A2A3E,0x2F3E572A,0x3E3E352A,0x2F4C573E,0x2F2F2F2F,0x2F4C2F2F,
	0x83571E4B,0x16161685,0x83575538,0x1616165E,0x832F1E4B,0x16161616,0x7B2F1E50,0x16161616,
	0x6C2F1E50,0x16161616,0x6C2F6750,0x16161617,0x662F1E4B,0x1616160D,0x662F1E38,0x1616160D,

	0x16161616,0x16161616,0x16161616,0x16161616,0x16161616,0x16161616,0x16161616,0x16161616,
	0x16161616,0x16161616,0x16161616,0x16161616,0x16161616,0x16161616,0x17161616,0x0D171616,
	0x16161616,0x16161616,0x16161616,0x16161616,0x16161616,0x16161616,0x16161616,0x16161616,
	0x16161616,0x16161616,0x16161616,0x16161616,0x0D161F16,0x1F141616,0x16161F16,0x1F1F1616,
	0x16161616,0x16161616,0x16161616,0x16161616,0x16161616,0x16161616,0x16161616,0x16161616,
	0x16161616,0x16161616,0x16161616,0x16161616,0x14161F16,0x14163614,0x1F161F5E,0x36165E16,
	0x16161616,0x16161616,0x16161616,0x16161616,0x16161616,0x16161616,0x16161616,0x16161616,
	0x16161616,0x16161616,0x16161616,0x16161616,0x36363636,0x1F363636,0x36851036,0x36363636,

	0x16161616,0x16161616,0x16161616,0x16161616,0x16161616,0x16161616,0x16161616,0x16161616,
	0x16161616,0x16161616,0x16161616,0x16161616,0x16361F14,0x16161616,0x165E1F36,0x16165E16,
	0x16161616,0x16161616,0x16161616,0x16161616,0x16161616,0x16161616,0x16161616,0x16161616,
	0x16161616,0x16161616,0x16161616,0x16161616,0x16161616,0x16151616,0x17161616,0x050D1616,
	0x16161616,0x16161616,0x16161616,0x16161616,0x16161616,0x16161616,0x16161616,0x16161616,
	0x16161616,0x16161616,0x16161616,0x16161616,0x16161616,0x14161616,0x16161616,0x1414165E,
	0x16161616,0x16161616,0x16161616,0x16161616,0x16161616,0x16161616,0x16161616,0x16161616,
	0x16161616,0x16161616,0x16161616,0x16161616,0x14141616,0x141F1F14,0x1F1F1F16,0x1F1F1F1F,

	0x16161616,0x16161616,0x16161616,0x16161616,0x16161616,0x16161616,0x16161616,0x16161616,
	0x16161616,0x16161616,0x16161616,0x16161616,0x16161614,0x16161616,0x1616141F,0x16161616,
	0x16161616,0x16161616,0x16161616,0x16161616,0x16161616,0x16161616,0x16161616,0x16161616,
	0x16161616,0x16161616,0x16161616,0x16161616,0x1F161416,0x14141416,0x5E1F1F16,0x36361F16,
	0x16161616,0x16161616,0x16161616,0x16161616,0x16161616,0x16161616,0x16161616,0x16161616,
	0x16161616,0x05161616,0x16161616,0x16161616,0x16161616,0x16161616,0x162D2D16,0x16161616,
	0x16161616,0x16161616,0x16161616,0x16161616,0x16161605,0x16160505,0x05161605,0x16161605,
	0x16050516,0x16161616,0x16160505,0x16161616,0x050D1605,0x0D050505,0x05051616,0x15050505,

	0x16161616,0x16161616,0x16161616,0x16161616,0x16161616,0x16161616,0x16161616,0x16051616,
	0x16161616,0x16161616,0x16161616,0x16161616,0x0D0D0D0D,0x0D161616,0x160D0515,0x0D0D0D16,
	0x16161616,0x16161616,0x16161616,0x16161616,0x16161616,0x16161616,0x16161605,0x16161616,
	0x05161616,0x16161605,0x05160505,0x16161616,0x050D1615,0x0D0D1516,0x0D050515,0x0515150D,
	0x16161616,0x16161616,0x16161616,0x16161616,0x16161616,0x16161616,0x16161616,0x16161616,
	0x16161616,0x16161616,0x16161616,0x16161617,0x150D1615,0x0D0D150D,0x15153D05,0x15150D15,
	0x16161616,0x16161616,0x16161616,0x16161616,0x16161616,0x05161616,0x16161616,0x16161616,
	0x16161616,0x16161616,0x16161616,0x16161616,0x150D1615,0x1605160D,0x150D0515,0x16160515,

	0x16161616,0x16161616,0x16161616,0x16161616,0x16161616,0x16161616,0x16161616,0x16161616,
	0x16161616,0x16161616,0x16050516,0x16161616,0x16161616,0x0D0D1616,0x16161616,0x0D161616,
	0x16161616,0x16161616,0x16161616,0x16161616,0x16161616,0x16161616,0x16161616,0x16161616,
	0x16161616,0x16161616,0x16161616,0x16161616,0x0D051616,0x16161616,0x0D161616,0x16161616,
	0x16161616,0x16160516,0x16161616,0x16161616,0x16161616,0x16161616,0x16161616,0x16161616,
	0x16161616,0x16161616,0x16161616,0x16161616,0x16051616,0x16161616,0x16161616,0x16161616,
	0x16161616,0x16161616,0x16161616,0x16161616,0x16161616,0x16161616,0x16161616,0x16160516,
	0x16161616,0x05050516,0x16161616,0x05050505,0x16361F16,0x0D160D17,0x16361F16,0x05161616,

	0x16161616,0x05161616,0x16161616,0x16161616,0x16161616,0x16161616,0x16161616,0x16161616,
	0x16161616,0x16161616,0x16161616,0x16161716,0x15151715,0x160D0D0D,0x15160D0D,0x0D15160D,
	0x16161616,0x16161616,0x16161616,0x16161616,0x16161616,0x16161616,0x16161616,0x16161616,
	0x05161616,0x16051616,0x05161616,0x05051616,0x16160D15,0x160D1616,0x0D16160D,0x16161615,
	0x16161616,0x16161616,0x16161616,0x16161616,0x16161616,0x16051616,0x16161616,0x16161616,
	0x16160516,0x16161616,0x05050516,0x16051605,0x16161616,0x1716160D,0x05161616,0x16160D15,
	0x16051616,0x16161616,0x16161616,0x16161616,0x16160516,0x16161616,0x16161616,0x16161616,
	0x17161616,0x16161616,0x05050516,0x05161616,0x0D150D0D,0x16170D16,0x050D150D,0x160D0D0D,

	0x16161616,0x16161616,0x16161616,0x16161616,0x16161616,0x16161616,0x16161616,0x16161616,
	0x16161616,0x16160516,0x05160516,0x16161616,0x16160516,0x16161616,0x160D0505,0x16160516,
	0x16161616,0x16161616,0x16161616,0x16161616,0x16161616,0x16161616,0x16161616,0x16161616,
	0x16161616,0x16161616,0x05050516,0x16160505,0x16161616,0x16161616,0x16161616,0x16161616,
	0x85361F16,0x6D802F84,0x36361616,0x6D4B2F84,0x36141616,0x6D502F66,0x1F141616,0x6D502F66,
	0x1F161616,0x6D402F66,0x1F161616,0x6D806B66,0x1F161616,0x6D806B53,0x1F161616,0x6D806B53,
	0x4B502332,0x453E4B32,0x4B792332,0x32487932,0x4B4B0632,0x31374831,0x4B370632,0x78313131,
	0x4B480632,0x2C373131,0x2A4C4532,0x3E2A2A2A,0x3E572A32,0x3E353E3E,0x572F3E32,0x2F2F2F2F,

	0x372C4557,0x3232062F,0x4B32453E,0x3232062F,0x4B4A4545,0x3232062F,0x4B4A4545,0x3232062F,
	0x4B314502,0x324A062F,0x4B37454C,0x4A4A062F,0x504B452F,0x484A062F,0x504B452F,0x314A062C,
	0x2F063732,0x45234B4B,0x2F063732,0x6A6A4B37,0x57063732,0x374B3737,0x57063732,0x4A483748,
	0x2F063732,0x484B4B37,0x3E584832,0x3E4C574C,0x2A453132,0x4C2A3E2A,0x57453132,0x2A4C2F2F,
	0x573E4545,0x2F4C2F2F,0x4A40504B,0x2F4C2657,0x4B525050,0x2F4C323E,0x48803148,0x2F4C323E,
	0x3755484B,0x2F4C323E,0x37554A4C,0x2F4C323E,0x5F800F58,0x324C4A3E,0x5F800F58,0x2F574A2A,
	0x662F1E6F,0x1617160D,0x662F1E79,0x1616160D,0x842F1E4B,0x1716160D,0x662F594B,0x1617160D,
	0x532F594B,0x16161617,0x7D3E994B,0x17161617,0x7D3E1E50,0x1616161F,0x202F9C50,0x16160D7B,

	0x16161616,0x160D1616,0x16161616,0x16141616,0x16161616,0x141F1616,0x16161716,0x14141616,
	0x16171717,0x1F141616,0x16161616,0x36141616,0x17161716,0x16161616,0x17171616,0x361F1616,
	0x16161616,0x141F1F16,0x16161616,0x161F1F36,0x16161614,0x1F36361F,0x5E161614,0x161F1F16,
	0x5E5E5E1F,0x16161F5E,0x5E161636,0x16161616,0x16161616,0x16161616,0x1616161F,0x16165E5E,
	0x16161616,0x1F161616,0x16161614,0x36161616,0x1616165E,0x5E161616,0x1F161616,0x1F1F1616,
	0x1F1F1616,0x1F5E1416,0x141F1416,0x1F141F1F,0x145E5E16,0x161F1F1F,0x1F141416,0x16161414,
	0x2D363636,0x1F36362D,0x16161F36,0x16165E16,0x16161414,0x16161616,0x16161616,0x160D1616,
	0x161F1F1F,0x16151517,0x0D1F1414,0x16161515,0x2B0D1717,0x1616150B,0x3A191717,0x16171547,

	0x1616161F,0x16161616,0x16161616,0x16161616,0x16161616,0x16161616,0x16161605,0x05161616,
	0x16161616,0x05050505,0x05161616,0x15050516,0x16161616,0x05160505,0x050D0D17,0x05050505,
	0x0D161616,0x16161616,0x16161616,0x16160505,0x05161616,0x16161605,0x05161605,0x05161605,
	0x05051515,0x16053D3D,0x3D050505,0x1605053D,0x15150505,0x15151515,0x3D3D0505,0x15151515,
	0x16161616,0x16161616,0x5E161616,0x16161616,0x5E161616,0x16161F5E,0x16161616,0x160D1616,
	0x0D161616,0x16160515,0x0D050D16,0x3D151515,0x05153D0D,0x15151515,0x15151515,0x15151515,
	0x5E1F1F16,0x141F1616,0x16161616,0x16161616,0x16161616,0x16051605,0x053D1616,0x16153D05,
	0x15150505,0x15151505,0x15151515,0x15151515,0x15151515,0x15151515,0x15151515,0x15151515,

	0x16161616,0x16161616,0x0D161616,0x1616160D,0x160D1516,0x05051615,0x16053D0D,0x160D1605,
	0x15151515,0x1616050D,0x15151515,0x15151505,0x15151615,0x1515050D,0x15151515,0x15050515,
	0x5E5E1616,0x16161616,0x16161616,0x16161616,0x16161616,0x16161616,0x0D161605,0x1616160D,
	0x050D1505,0x0516050D,0x1515150D,0x15151515,0x15151515,0x15151515,0x15151515,0x0D151515,
	0x16161616,0x16161616,0x16160516,0x05161616,0x16160516,0x3D0D1616,0x16161616,0x150D0516,
	0x16050516,0x15050516,0x16161515,0x15151616,0x16160D15,0x1515150D,0x05150D0D,0x05151505,
	0x16161616,0x153D3D05,0x05161616,0x3D153D15,0x150D1616,0x15151515,0x150D0D0D,0x0D3D0515,
	0x050D0D05,0x15150515,0x05151515,0x153D1515,0x16151515,0x05151515,0x05151515,0x15151515,

	0x16051515,0x05050516,0x0505150D,0x05150505,0x0515150D,0x3D15050D,0x15151505,0x15151515,
	0x15050515,0x15151515,0x15150505,0x15151515,0x15151515,0x15151515,0x15151515,0x15151515,
	0x05051505,0x15151515,0x1515150D,0x1515150D,0x0515150D,0x1515050D,0x15151515,0x15151515,
	0x15151515,0x15151515,0x15151515,0x15151515,0x15151515,0x15151515,0x15151515,0x15151515,
	0x15151505,0x15151515,0x15151515,0x15150D05,0x15151515,0x0D051515,0x15151515,0x15151515,
	0x15151515,0x15151515,0x15151515,0x15151515,0x15151515,0x15151515,0x15151515,0x15151515,
	0x15050515,0x17160515,0x150D0D0D,0x160D1515,0x15151515,0x16051515,0x15151515,0x0D171515,
	0x15151515,0x0D051515,0x15151515,0x0D151515,0x15151515,0x0D151515,0x15151515,0x05051515,

	0x16161616,0x05051616,0x05160517,0x0D051505,0x15051616,0x050D1515,0x15150516,0x15151515,
	0x15153D16,0x15151515,0x1515150D,0x15151515,0x15151515,0x15151515,0x15151515,0x15151515,
	0x15150D16,0x0D0D050D,0x15151515,0x05151515,0x3D151515,0x05151515,0x3D151515,0x0D050515,
	0x05051515,0x150D3D05,0x1516163D,0x15051515,0x0515153D,0x0D0D1505,0x15151515,0x150D0D05,
	0x16161605,0x16161616,0x16160D05,0x17161616,0x16161616,0x16161616,0x160D160D,0x16161616,
	0x16160D15,0x16161616,0x0D051515,0x160D1605,0x15151515,0x0D150D15,0x05151515,0x150D0515,
	0x16161616,0x15050516,0x16161616,0x150D0516,0x16161616,0x3D150D16,0x050D0D16,0x3D15150D,
	0x0D0D0D16,0x163D1515,0x150D1616,0x15150515,0x15150D0D,0x15150D0D,0x15151515,0x150D050D,

	0x15150D0D,0x15151515,0x15151615,0x15151515,0x1516150D,0x15151515,0x153D1505,0x15151515,
	0x15151515,0x15151515,0x15151515,0x15151515,0x15151515,0x15151515,0x150D1515,0x15151515,
	0x1515150D,0x15151515,0x0D0D0D0D,0x15151515,0x150D1515,0x15151505,0x15151515,0x15151515,
	0x0B151515,0x15151515,0x0D151515,0x15151515,0x15151515,0x15151515,0x15151515,0x15151515,
	0x150D0D15,0x170D0D0D,0x16161515,0x0D0D0D15,0x15161515,0x0D161615,0x0D151515,0x0D0D0D0D,
	0x15151515,0x0D0D1717,0x0D051515,0x0D0D0D0D,0x0D0D1515,0x0D151517,0x150D0D15,0x15150D15,
	0x0D0D150D,0x0D0D0D0D,0x0D0D0D0D,0x0D0D0D0D,0x150D0D0D,0x0D0D0D15,0x150D0D0D,0x0D0D0D0D,
	0x0D0D0D0D,0x1515150D,0x0D0D0D0D,0x15150D15,0x0D150D0D,0x0D0D0D0D,0x0D0D0D15,0x0D0D0D0D,

	0x05050D0D,0x0D0D1605,0x050D1515,0x0D160516,0x15050D0D,0x16161615,0x1515150D,0x16160515,
	0x15151515,0x160D0D17,0x0D150D15,0x14170D0D,0x050D0D0D,0x160D150D,0x0D0D0D0D,0x160D0D0D,
	0x16161616,0x16161616,0x16161616,0x16161616,0x16161716,0x16161616,0x16161616,0x16161616,
	0x1616141F,0x16161616,0x16161616,0x16161616,0x161F1616,0x14161616,0x16161616,0x1F161616,
	0x1416160D,0x6D406B53,0x16160D0D,0x6D406B53,0x160D0D0D,0x62806B30,0x0D0D1717,0x3C806B30,
	0x0D0D1716,0x52406B85,0x0D161716,0x62556B74,0x17171716,0x6D1E6B53,0x170D1716,0x6D676B53,
	0x2F6B3E32,0x45453E57,0x2F263E32,0x4B4B4B6B,0x4C263E32,0x50507031,0x4C262A32,0x48315532,
	0x4C262A32,0x50485532,0x4C262A32,0x2F316731,0x4C262A32,0x584A5532,0x13324C32,0x45325532,

	0x4B6A0645,0x314A062F,0x374B4837,0x314A062F,0x374B4B48,0x314A062F,0x3737484A,0x314A062F,
	0x794B4B37,0x314A062F,0x4C4C4C3E,0x314A733E,0x2A3E4C4C,0x314A582A,0x2F2F4C2A,0x314A5857,
	0x57453132,0x0F4C2F2F,0x57453131,0x5057572F,0x57453131,0x483E2F57,0x57453131,0x483E2F2F,
	0x57454A31,0x4C3E2F57,0x57453231,0x3E2F6B57,0x57453231,0x2F6B2657,0x57454831,0x6B6B6B2F,
	0x5F80323E,0x264C4A3E,0x5F404A48,0x2F2A313E,0x5F55316F,0x572A4A3E,0x3255486F,0x2F2A313E,
	0x3E2F4C4C,0x2F2A4A57,0x4C354545,0x2F2A4A2F,0x572F2F2F,0x2F2A4A2F,0x572F2F57,0x2F2A4A32,
	0x816B5950,0x16161785,0x662F7052,0x1616160D,0x842F8252,0x16161617,0x842F9652,0x16171617,
	0x842F7052,0x17161617,0x842F7052,0x17171717,0x1B2F7052,0x17171717,0x1B2F7052,0x17171617,

	0x17161616,0x14161617,0x17171616,0x1F1F1616,0x16171616,0x1F1F1616,0x16161716,0x36361616,
	0x16171717,0x36361616,0x16161617,0x1F361616,0x16161617,0x161F1616,0x17161717,0x16161616,
	0x1616161F,0x16163616,0x161F1F1F,0x1F1F5E5E,0x1F1F1F1F,0x365E1F36,0x14141436,0x141F1F36,
	0x14361F1F,0x161F365E,0x141F5E14,0x141F1F14,0x1F1F161F,0x141F1F1F,0x16161616,0x161F1F14,
	0x14141414,0x17161414,0x14141414,0x16161616,0x16141414,0x16161616,0x161F1F14,0x16161616,
	0x161F1F14,0x0D161616,0x16141F1F,0x15151616,0x16161414,0x17151617,0x1716161F,0x15151515,
	0x470D190D,0x0D0D150B,0x17170D17,0x1505150D,0x16171616,0x0D0D150D,0x16161616,0x3D151615,
	0x0D0D0D16,0x15151505,0x0D0D0D0D,0x15151515,0x1515150D,0x15151515,0x0D15150D,0x15151515,

	0x050D0D0D,0x050D1515,0x15151505,0x150D0D15,0x15151515,0x0D0D0D15,0x1515153D,0x15151515,
	0x15151515,0x15151515,0x15151515,0x1515150B,0x0B151515,0x0B0B150B,0x0B151515,0x472B242B,
	0x15151505,0x15151515,0x15151515,0x15151515,0x15151515,0x15151515,0x15151515,0x15151515,
	0x1515150B,0x15151515,0x1515150B,0x15151515,0x1515150B,0x15151515,0x15151515,0x15151515,
	0x15151515,0x15151515,0x15151515,0x15151515,0x15151515,0x15151515,0x15151515,0x15151515,
	0x15151515,0x15151515,0x15151515,0x15151515,0x15151515,0x15151515,0x15151515,0x15151515,
	0x15151515,0x15151515,0x150B1515,0x15151515,0x15151515,0x15151515,0x15151515,0x15151515,
	0x15151515,0x15151515,0x15151515,0x15151515,0x15151515,0x15151515,0x1515150B,0x15151515,

	0x15151515,0x15151515,0x15151515,0x15151515,0x15150D15,0x15151515,0x150D1515,0x15151515,
	0x15151515,0x15151515,0x15151515,0x15151515,0x15151515,0x15151515,0x15151515,0x1515150B,
	0x15151515,0x15151515,0x15151515,0x15151515,0x15151515,0x15151515,0x15151515,0x15151515,
	0x15151515,0x15151515,0x15151515,0x15151515,0x15151515,0x15151515,0x150B1515,0x15151515,
	0x15151515,0x15151515,0x15151515,0x15151515,0x15151515,0x15151515,0x15151515,0x15150D15,
	0x15151515,0x15151515,0x15151515,0x15151515,0x15151515,0x15151515,0x15151515,0x15151515,
	0x0D151515,0x15151515,0x15151515,0x15151515,0x15151515,0x15151515,0x15151515,0x15151515,
	0x15151515,0x15151515,0x15151515,0x15151515,0x15151515,0x15151515,0x15151515,0x15151515,

	0x15151515,0x15151515,0x15150B0B,0x15151515,0x15151515,0x15151515,0x150B0B15,0x150B1515,
	0x15150B0B,0x1515150B,0x15151515,0x1515150B,0x15151515,0x15151515,0x15151515,0x15150B15,
	0x15151515,0x15151515,0x15151515,0x15151515,0x15151515,0x15151515,0x150B150B,0x15151515,
	0x15151515,0x15151515,0x15151515,0x15151515,0x150B1515,0x15151515,0x15151515,0x150B1515,
	0x15151515,0x15151515,0x15151515,0x15151515,0x15150D15,0x15151515,0x15151515,0x15151515,
	0x15151515,0x15151515,0x15151515,0x15151515,0x0B151515,0x1515150B,0x15151515,0x15151515,
	0x15151515,0x1515150D,0x15151515,0x15151515,0x15151515,0x15151515,0x15151515,0x15151515,
	0x15151515,0x15151505,0x15151515,0x15151515,0x15151515,0x15151515,0x15151515,0x15151515,

	0x17051515,0x15151515,0x15151515,0x15151515,0x15151515,0x15151515,0x153D1515,0x15151515,
	0x15151515,0x15151515,0x15151515,0x15151505,0x15151515,0x15151515,0x15151515,0x15151515,
	0x15151515,0x15150D05,0x15151515,0x15151515,0x15151515,0x15151515,0x15151515,0x15151515,
	0x15151515,0x15151515,0x15151515,0x15151515,0x15151515,0x15151515,0x15151515,0x15151515,
	0x15151515,0x15151515,0x150D1515,0x15151515,0x15151515,0x15151515,0x15151515,0x0D151515,
	0x15151515,0x15151515,0x15151515,0x15151515,0x15151515,0x15151515,0x15151515,0x15151515,
	0x0D15150D,0x1515150D,0x15151515,0x1515150D,0x150D1515,0x15150D15,0x15151515,0x15151515,
	0x15151515,0x15151505,0x15151515,0x0D151515,0x15151515,0x15151515,0x15151515,0x15151515,

	0x15051515,0x15051515,0x15151515,0x15151505,0x15151515,0x1515150D,0x15151515,0x15151515,
	0x15151515,0x15151515,0x15151515,0x15151515,0x15151515,0x15151515,0x15151515,0x15151515,
	0x0D0D1515,0x050D0D0D,0x150D150D,0x0D050D15,0x15151515,0x0D050D15,0x15153D15,0x050D0D15,
	0x0D3D1515,0x0D0D0D15,0x153D1515,0x15150D15,0x15151515,0x15151515,0x24151515,0x15151515,
	0x050D0D0D,0x170D0505,0x3D0D0D0D,0x16150515,0x150D0D0D,0x0D0D3D15,0x3D151505,0x170D153D,
	0x15151515,0x1715153D,0x0D151515,0x0D150515,0x3D0D0D15,0x0D151505,0x15151515,0x160D150D,
	0x16161616,0x5E161616,0x16141616,0x16161616,0x161F1416,0x161F1616,0x161F1615,0x161F5E16,
	0x16160D15,0x16161616,0x16160D16,0x16161616,0x16160D16,0x5E161616,0x16161616,0x5E161616,

	0x170D0D16,0x62996B53,0x17171616,0x67706B53,0x17171616,0x67706B53,0x170D1616,0x521A6B53,
	0x170D1616,0x52966B53,0x1F161F5E,0x52966B53,0x3616165E,0x52962666,0x85161616,0x52962653,
	0x4C324C32,0x574A5532,0x3E324C2F,0x374A8032,0x3E324C2F,0x4B4A5532,0x2A324C0F,0x4848550F,
	0x2F322A32,0x2A2A573E,0x6B322A32,0x45453E57,0x6B322A32,0x2F2F642F,0x2F322A32,0x576B6B2F,
	0x2F2F572F,0x48484557,0x2F572F40,0x484A4557,0x2F572A4B,0x31324557,0x2F573E79,0x48324557,
	0x2F2F3E4C,0x484A4557,0x2F2F4C45,0x484A5857,0x2F6B2F2F,0x484A5857,0x2F2F6B32,0x484A4557,
	0x57454831,0x4C322F2F,0x2F453132,0x2F4C262F,0x2F454A32,0x6D4C4C2F,0x2F454837,0x48504C4C,
	0x3E45374B,0x5837293E,0x4506376A,0x4A457950,0x7958314B,0x504A4537,0x483E314B,0x4C4B2645,

	0x572F2F32,0x0F2A4A32,0x4C3E4B3C,0x0F2A3264,0x454B5579,0x262A4A32,0x31552F45,0x262A4A2A,
	0x672F4C26,0x2F2A4C4A,0x4A9B5050,0x2F584A67,0x4C6D4A3E,0x2F576732,0x4B48134C,0x2F4B313E,
	0x7B2F5952,0x17171717,0x1B2F5952,0x16171717,0x1B2F593C,0x16161617,0x7B2F993C,0x17171616,
	0x842F9982,0x17171617,0x1B2F99A1,0x17161617,0x832FA3AC,0x17161616,0x7B1359B4,0x16161616,
	0x16171716,0x361F1616,0x16171716,0x1F1F1616,0x16161616,0x1F141616,0x16171616,0x1F1F1616,
	0x16161616,0x16161617,0x17171717,0x161F1617,0x17171717,0x1F1F1617,0x17171717,0x1F1F1617,
	0x1F1F1616,0x161F1F1F,0x1F1F1F1F,0x161F1F14,0x16161F1F,0x16161414,0x5E16161F,0x16141616,
	0x5E161616,0x1616165E,0x5E1F1F14,0x16161616,0x16145E14,0x16161614,0x16161614,0x16161616,

	0x16161616,0x150D160D,0x15141617,0x0D16160D,0x15161616,0x0D0D1515,0x15161616,0x16151515,
	0x17151516,0x17051615,0x0D151515,0x16160D15,0x15151515,0x15161515,0x1616160D,0x16161516,
	0x150D1517,0x15151515,0x150D170D,0x15151515,0x15151616,0x15151515,0x15151516,0x15151515,
	0x1515150D,0x0B151515,0x15151515,0x2B151515,0x15151515,0x0B151515,0x15151515,0x0B0B1515,
	0x24151515,0x0B0B0B0B,0x24151515,0x15150B0B,0x0B0B1515,0x150B1515,0x150B0B24,0x0B0B0B0B,
	0x0B0B2424,0x150B0B0B,0x472B0B47,0x150B0B47,0x0B0B0B47,0x0B0B0B47,0x0B15470B,0x150B2B0B,
	0x15151515,0x1515150B,0x15150B15,0x15151515,0x15150B15,0x15151515,0x0B15150B,0x0B0B0B0B,
	0x0B0B1515,0x0B0B150B,0x0B150B0B,0x0B0B0B0B,0x0B0B0B0B,0x0B0B0B0B,0x0B0B0B0B,0x2B0B0B0B,

	0x15151515,0x15151515,0x15151515,0x15151515,0x15150B15,0x0B0B1515,0x150B1515,0x24242B0B,
	0x150B0B15,0x0B0B2B0B,0x2B2B470B,0x472B0B0B,0x2B2B2B2B,0x0B2B2B2B,0x0B2B242B,0x0B0B0B0B,
	0x15151515,0x15151515,0x150B1515,0x15151515,0x0B0B0B0B,0x1515150B,0x0B0B0B2B,0x150B0B0B,
	0x240B242B,0x2B2B242B,0x0B470B0B,0x2B2B2B2B,0x2B2B2B0B,0x0B2B2B2B,0x2B2B2B24,0x242B2B2B,
	0x15151515,0x15151515,0x15151515,0x15151515,0x15151515,0x150B2B0B,0x15150B15,0x150B0B15,
	0x150B0B15,0x15150B0B,0x15150B2B,0x0B2B0B0B,0x0B152B0B,0x2B2B0B2B,0x0B0B0B0B,0x2B2B2B2B,
	0x15151515,0x15151515,0x15151515,0x15151515,0x0B151515,0x15152415,0x0B2B1515,0x0B0B2B0B,
	0x0B15150B,0x0B0B0B0B,0x0B150B47,0x0B0B0B0B,0x2B0B0B2B,0x2B2B2B2B,0x2B2B2B24,0x2B2B2B2B,

	0x1515150B,0x15151515,0x150B0B15,0x1515150B,0x0B241515,0x1515150B,0x240B1515,0x15150B2B,
	0x2B2B0B0B,0x2B240B0B,0x2B2B2B2B,0x472B2B2B,0x472B2B2B,0x472B2B2B,0x2B2B2B2B,0x2B2B2B2B,
	0x15151515,0x15151515,0x150B1515,0x0B0B0B15,0x0B0B240B,0x0B0B150B,0x0B0B0B0B,0x0B0B1515,
	0x0B0B1515,0x150B0B0B,0x0B0B0B0B,0x242B4747,0x0B474747,0x2B2B472B,0x2B2B2B2B,0x2B2B2B24,
	0x150B0B15,0x15151515,0x15150B15,0x3D0B1515,0x15151515,0x3D470B15,0x15151515,0x460B0B0B,
	0x0B0B0B15,0x75150B15,0x472B0B0B,0x75150B0B,0x0B2B472B,0x3D3D2415,0x75463D0B,0x3D3D3D75,
	0x15151515,0x15151515,0x15151515,0x15151515,0x0B151515,0x15151547,0x150B0B46,0x0B0B0B0B,
	0x15150B75,0x150B0B15,0x0B241575,0x15151515,0x15151575,0x15151515,0x753D3D75,0x15757575,

	0x15151515,0x15151515,0x15151515,0x0B0B0B15,0x0B0B0B15,0x0B0B150B,0x0B151515,0x0B0B1515,
	0x15151515,0x0B151515,0x15151515,0x0B151515,0x15151515,0x15151515,0x150B1515,0x0B151515,
	0x15151515,0x15151515,0x15151515,0x15151515,0x24151515,0x15151515,0x15151515,0x150B0B15,
	0x15151515,0x15151515,0x240B1515,0x0B15150B,0x0B0B1515,0x0B0B0B0B,0x0B0B0B0B,0x150B0B0B,
	0x15151515,0x15151515,0x0B151515,0x150B1515,0x15150B15,0x150B4715,0x15151515,0x15150B15,
	0x15151515,0x15151515,0x15150B0B,0x0B240B0B,0x15150B0B,0x0B240B0B,0x150B0B0B,0x0B240B0B,
	0x15151515,0x15151515,0x15151515,0x0B15150B,0x15151515,0x0B0B1515,0x1515150B,0x15151515,
	0x15151515,0x15150B15,0x0B151515,0x0B0B2B2B,0x1515150B,0x1515150B,0x0B0B1515,0x0B151515,

	0x15151515,0x15151515,0x240B150B,0x1515150B,0x24151515,0x15151524,0x15151515,0x0B150B15,
	0x15151515,0x15151515,0x0B0B0B15,0x0B0B0B24,0x15151515,0x0B0B0B0B,0x0B240B0B,0x150B150B,
	0x15151515,0x15151515,0x0B15150B,0x15150B15,0x15151515,0x15151515,0x240B2B24,0x15150B15,
	0x150B0B15,0x15151515,0x150B0B15,0x15151515,0x0B0B240B,0x1515150B,0x2B0B0B15,0x240B0B24,
	0x15151515,0x15151515,0x15151515,0x15151515,0x15151515,0x15150B15,0x15151515,0x15241515,
	0x15151515,0x15151515,0x15151515,0x15151515,0x15150B15,0x15151515,0x1515150B,0x15151515,
	0x15151515,0x15151515,0x15151515,0x15151515,0x15151515,0x15151515,0x15151515,0x15151515,
	0x15150B15,0x15151515,0x15151515,0x0D151515,0x1515150B,0x15151515,0x15151515,0x15151515,

	0x15151515,0x15151515,0x15151515,0x15151515,0x15151515,0x15151515,0x15151515,0x15151515,
	0x05151515,0x05161515,0x05150D0D,0x05161515,0x15150D0D,0x15050D15,0x15150D15,0x153D3D0D,
	0x1515153D,0x15151515,0x24151505,0x15151515,0x15151515,0x15151515,0x15151515,0x15151515,
	0x15151515,0x15151515,0x15151515,0x15151515,0x15151505,0x15151515,0x0D153D16,0x1515150D,
	0x150B1515,0x160D1516,0x15151515,0x150D1515,0x153D1515,0x15160515,0x153D1515,0x17151515,
	0x46151616,0x15151516,0x15151605,0x3D3D1615,0x15151515,0x05051615,0x3D3D1515,0x3D153D3D,
	0x16161616,0x16161616,0x16161515,0x16161616,0x16161616,0x16161616,0x16161616,0x16161616,
	0x16151515,0x16161616,0x16153D3D,0x16161616,0x16153D3D,0x16161616,0x16161616,0x16161616,

	0x10161616,0xA1526B84,0x85161616,0x6CAD6B84,0x1F161616,0x6C132F84,0x14161616,0xAC2F2F1B,
	0x14161616,0x3C802F1B,0x1F161616,0x7D402F1B,0x1F161616,0x7D676B1B,0x36161616,0x3C706B9F,
	0x2F262A32,0x324C2F2F,0x2F264C4A,0x87483E2F,0x2F264C4A,0x5067483E,0x3E4A4C4A,0x4532674A,
	0x4A4C3E32,0x323E3252,0x6732584A,0x6D6D4C48,0x31674C4A,0x3E4B6D4C,0x3E4B4832,0x4C4C6F4B,
	0x2F2F264C,0x484A4557,0x2F2F4C4A,0x484A4557,0x2C4C2652,0x484A452F,0x4C2F6231,0x484A452F,
	0x2F624845,0x314A453E,0x6D370248,0x314A2313,0x31027950,0x4832454B,0x454A6F4C,0x48324C31,
	0x4C3E314B,0x3E2F4858,0x4A3E6A37,0x2FAA3E3E,0x32584B37,0x482A356F,0x45233748,0x4C45484A,
	0x02454B37,0x454A4A45,0x4C454B48,0x4A4A4545,0x4C453737,0x4845024C,0x4C453737,0x0245574C,

	0x503E2F6B,0x26323E2F,0x486F4C3E,0x26486D3E,0x45314A4C,0x324C674B,0x48583248,0x4A453250,
	0x504A583E,0x4A2F2A57,0x574B4A4C,0x4A2F7845,0x452F504B,0x4A0F322F,0x2F45326F,0x320F3232,
	0x831380AC,0x1616171F,0x612F407D,0x16160D1F,0x832F5552,0x16161714,0x1B2F703C,0x16161617,
	0x846B703C,0x16161617,0x842F703C,0x16161617,0x832F703C,0x16161617,0x832F9952,0x16161617,
	0x16171716,0x141F1617,0x17171717,0x1F1F1617,0x16161616,0x1F5E1616,0x16161616,0x141F1616,
	0x16161616,0x141F1616,0x16161616,0x1F161616,0x16161616,0x1F1F1616,0x16161616,0x1F1F1616,
	0x14141414,0x16161616,0x14141414,0x16161416,0x16161F14,0x16161616,0x1616141F,0x16161616,
	0x1616161F,0x16161716,0x161F161F,0x17151616,0x1616161F,0x166E1616,0x16161614,0x166E6E16,

	0x6E151617,0x15161515,0x16151616,0x3D3D1516,0x16161715,0x3D150D16,0x16161616,0x15161616,
	0x16161616,0x15161616,0x16161716,0x16151616,0x16161717,0x16161616,0x1616166E,0x16161616,
	0x1515053D,0x0B0B1515,0x15150505,0x0B0B1515,0x15151515,0x0B0B1515,0x15150D16,0x0B151515,
	0x15151617,0x0B151515,0x15151616,0x15151515,0x15151515,0x15151515,0x3D150D16,0x15151515,
	0x2424240B,0x0B0B0B24,0x2B240B0B,0x0B242424,0x0B0B0B0B,0x0B150B0B,0x0B0B0B0B,0x150B0B0B,
	0x0B150B0B,0x2B2B2B0B,0x2B151515,0x3A2B2B2B,0x24151515,0x2B2B2B2B,0x242B2B15,0x2B2B2B2B,
	0x0B0B0B15,0x0B0B0B15,0x0B0B0B15,0x2B0B0B15,0x2B2B0B0B,0x2B242B0B,0x2B2B2B0B,0x2B2B0B2B,
	0x2B2B3A2B,0x0B0B242B,0x3A2B2B3A,0x470B2B2B,0x2B2B2B2B,0x2B2B472B,0x472B470B,0x3A2B2B2B,

	0x2B2B2B2B,0x2B240B2B,0x2B2B3A2B,0x2B2B0B2B,0x3A2B2B2B,0x2B2B2B2B,0x2B2B2B47,0x2B2B242B,
	0x2B2B2B0B,0x2B2B2B2B,0x2B2B2B2B,0x2B2B2B2B,0x2B2B2B2B,0x2B2B2B2B,0x2B2B2B2B,0x2B2B2B2B,
	0x2B2B2B2B,0x2B2B2B2B,0x2B2B2B2B,0x2B2B2B3A,0x2B242B2B,0x2B2B2B2B,0x2B2B2B2B,0x2B2B2B2B,
	0x2B2B2B2B,0x2B2B2B2B,0x2B2B2B2B,0x2B2B2B2B,0x2B2B2B2B,0x2B2B2B2B,0x2B2B2B2B,0x2B2B242B,
	0x2415152B,0x2B2B2424,0x2B2B2B2B,0x2B2B242B,0x2B2B2B2B,0x2B2B2B2B,0x2B2B2B2B,0x2B2B2B2B,
	0x2B2B2B2B,0x2B2B2B2B,0x2B2B2B2B,0x2B2B2B2B,0x0B2B2B2B,0x2B2B2B2B,0x0B150B2B,0x2B2B2B2B,
	0x2B2B2B2B,0x2B2B2B2B,0x2B2B2B2B,0x2B2B2B2B,0x2B2B2B2B,0x2B2B2B2B,0x2B2B2B2B,0x2B2B2B2B,
	0x2B2B2B2B,0x2B2B2B2B,0x2B2B2B2B,0x2B2B2B2B,0x2B2B2B2B,0x2B2B2B2B,0x2B2B2B2B,0x2B2B2B2B,

	0x2B2B2B2B,0x2B2B2B2B,0x2B2B2B2B,0x2B2B2B2B,0x2B2B2B2B,0x2B2B2B2B,0x2B2B2B2B,0x2B2B2B24,
	0x2B2B2B2B,0x182B2B2B,0x2B2B2B2B,0x3D182B2B,0x2B2B2B2B,0x3D46152B,0x2B2B2B2B,0x243D4615,
	0x2B2B2B24,0x3D18242B,0x242B2B24,0x3D463D15,0x3D242B2B,0x2B183D75,0x3D753D24,0x2B2B2415,
	0x243D3D3D,0x24242B2B,0x2B2B243D,0x242B2B2B,0x2B2B2B24,0x2B2B2B2B,0x2B2B2B2B,0x2B2B2B2B,
	0x3D3D4675,0x3D3D243D,0x2B2B1815,0x153D242B,0x242B2B2B,0x153D152B,0x242B4724,0x153D152B,
	0x24242B24,0x153D3D2B,0x24242B24,0x153D3D24,0x0B24242B,0x15154615,0x0B0B2424,0x15244615,
	0x3D157575,0x0E754646,0x0B157575,0x3D15470B,0x0B3D7575,0x2B242415,0x473D7575,0x15150B15,
	0x0B3D7575,0x15150B15,0x153D7575,0x15150B0B,0x15757575,0x15151524,0x15757575,0x0B0B150B,

	0x15153D75,0x15151515,0x46757E3D,0x15151515,0x7575150B,0x15153D75,0x15150B0B,0x3D757575,
	0x15151515,0x75753D0B,0x0B0B150B,0x46150B24,0x0B0B0B15,0x150B150B,0x0B15240B,0x0B150B0B,
	0x15151515,0x15150B0B,0x150B0B15,0x0B0B0B0B,0x0B0B0B0B,0x1515150B,0x240B0B0B,0x0B15150B,
	0x240B0B15,0x150B0B0B,0x0B471575,0x0B240B0B,0x2B157546,0x0B0B2B2B,0x15754615,0x0B0B2B2B,
	0x150B1515,0x24242415,0x0B0B1515,0x150B0B15,0x15151515,0x150B150B,0x15151515,0x15151515,
	0x1515150B,0x0B0B2415,0x15151515,0x0B152B15,0x0B241515,0x150B0B15,0x0B0B0B0B,0x1515150B,
	0x0B240B24,0x150B0B15,0x150B2B0B,0x0B151515,0x15150B15,0x0B151515,0x15151515,0x0B0B1515,
	0x1515240B,0x0B0B1515,0x0B150B2B,0x150B150B,0x150B1515,0x0B151515,0x15150B0B,0x0B151515,

	0x240B0B0B,0x0B0B0B24,0x150B0B0B,0x15150B0B,0x0B0B0B0B,0x150B0B15,0x2B0B1515,0x2B0B1515,
	0x0B151515,0x240B1515,0x15150B15,0x0B0B0B0B,0x1515150B,0x0B0B0B0B,0x0B15150B,0x0B0B2415,
	0x2B2B2424,0x0B0B2B24,0x0B242424,0x0B0B0B24,0x0B0B0B15,0x150B150B,0x150B1515,0x15151515,
	0x0B242B2B,0x0B0B1524,0x150B470B,0x150B1515,0x0B0B150B,0x0B15150B,0x0B0B0B0B,0x0B2B4747,
	0x0B24150B,0x15151515,0x2424150B,0x15151515,0x0B0B0B0B,0x150B2415,0x0B0B0B0B,0x150B1515,
	0x0B0B0B0B,0x15151515,0x150B2B0B,0x15151515,0x15150B47,0x15151515,0x15150B47,0x1515150B,
	0x15151515,0x15151515,0x15151515,0x15151515,0x1515150B,0x15151515,0x15151515,0x15151515,
	0x15151515,0x15151515,0x15151515,0x15151515,0x15151515,0x15151515,0x15151515,0x15151515,

	0x0D0D1515,0x1616050D,0x15150515,0x3D151515,0x15151515,0x15151515,0x0D0D1515,0x16161515,
	0x17171515,0x16161617,0x0D151515,0x0D3D460D,0x170D0D0D,0x15170D17,0x0D150D15,0x0D0D1716,
	0x153D153D,0x1515150D,0x153D1515,0x15151515,0x3D154615,0x3D15153D,0x15053D15,0x1515053D,
	0x0D161615,0x16161615,0x16161616,0x16161616,0x16161615,0x16161616,0x1717160D,0x16161616,
	0x153D3D15,0x16163D15,0x3D3D3D3D,0x16163D3D,0x0516153D,0x16161616,0x16051616,0x1F163D16,
	0x3D161615,0x1F16163D,0x16161616,0x1F161616,0x16161617,0x1F161616,0x1616166E,0x1F161616,
	0x16161616,0x16161616,0x16164616,0x16161616,0x16161616,0x1F161616,0x16161616,0x1F141616,
	0x14161614,0x1F1F1616,0x1414145E,0x1F1F5E1F,0x365E165E,0x36361F36,0x36365E5E,0x1F1F3636,

	0x66171616,0x3C82130C,0x85161616,0x87826B20,0x66171614,0x87826B07,0x7414161F,0x8C3C8F8C,
	0x1616161F,0x8C3CAA8A,0x17161F1F,0xA1708F1F,0x17141F1F,0xA1678F85,0x171F1F1F,0x7D6D8F85,
	0x2F573248,0x32573E50,0x3E624A48,0x2A574832,0x6D393E48,0x4C313245,0x396B4579,0x482F5831,
	0x4C4C2F79,0x3E584A50,0x02322F6A,0x574A794C,0x0F322F37,0x50504C45,0x32322F31,0x4B2F4526,
	0x45792F4C,0x32323E3E,0x45574B26,0x6B2F3E4A,0x48452F4B,0x6B327332,0x4A485857,0x8F4B2345,
	0x454A3145,0x264B4545,0x45454A4A,0x6B37024C,0x2A45456F,0x6B37454C,0x4C2F0213,0x6B37454C,
	0x4C456A37,0x022F574C,0x4C456A31,0x2F2F574C,0x4C453732,0x2F2F4C3E,0x2A58312C,0x322F4C4C,
	0x2A45322F,0x3C676D48,0x2F58312F,0x58583E31,0x2F58372F,0x4802232F,0x2F73482F,0x4A31022F,

	0x4A2F0202,0x32783232,0x324A2F3E,0x32783132,0x324A262F,0x32423132,0x32313131,0x4A577826,
	0x34A171A1,0x4A574862,0x3E3E4545,0x4A572F3E,0x50504B48,0x4A233E50,0x4A6B6B6B,0x4A45504B,
	0x1B2F676D,0x16161617,0x7B2FA36D,0x16171617,0x832F9929,0x17161617,0x7B2F6729,0x16171617,
	0x7B2F7039,0x16161617,0x7B2FA34E,0x16161617,0x7B2F9695,0x16161617,0x7B2F9D7D,0x16161617,
	0x16161616,0x1F1F1616,0x16161616,0x141F1616,0x16161716,0x1F1F1616,0x16161616,0x16171716,
	0x16161616,0x15171716,0x16161616,0x16171616,0x16161616,0x16161616,0x16161616,0x15171616,
	0x16161616,0x17171717,0x16161F16,0x16171616,0x16151616,0x166E1617,0x15151516,0x16161615,
	0x16161515,0x16161615,0x16160D17,0x16161616,0x16160D15,0x16161616,0x050D1515,0x16161605,

	0x16161716,0x16161516,0x16161616,0x163D3D16,0x16161617,0x163D3D16,0x16161616,0x46161516,
	0x16161616,0x1616160D,0x16161616,0x16161716,0x16161716,0x1616160D,0x16161716,0x16161616,
	0x3D0D1616,0x1515153D,0x16161616,0x1516150D,0x16164616,0x15150D17,0x16161646,0x15151617,
	0x16161616,0x150D0D17,0x16161616,0x0D160D17,0x16161616,0x160D1716,0x16161616,0x170D0D0D,
	0x0B240B15,0x2B2B2B3A,0x24241815,0x2B2B2B24,0x24151515,0x24152418,0x24151515,0x15242424,
	0x15151515,0x24241515,0x15151515,0x240B0B0B,0x0D15150D,0x24152415,0x15150515,0x180B1515,
	0x0B2B2B0B,0x2B2B2B2B,0x0B2B2B2B,0x2B2B2B2B,0x2B240B24,0x472B3A2B,0x242B2B24,0x472B3A2B,
	0x24242B2B,0x2B2B2B3A,0x15182424,0x0B242424,0x15242B24,0x47242415,0x242B2B2B,0x2B2B2424,

	0x242B2B2B,0x2B2B2B0B,0x2B2B2B2B,0x240B0B2B,0x0B2B2B2B,0x2B0B2B2B,0x0B2B2B0B,0x2B2B2B0B,
	0x2B2B470B,0x2B2B2B0B,0x2B47470B,0x2B2B2B2B,0x0B470B47,0x2B2B2B2B,0x47240B2B,0x240B0B0B,
	0x0B2B2B24,0x2B2B2424,0x2B2B2B2B,0x2B0B242B,0x2B2B2B2B,0x0B0B2B2B,0x2B0B472B,0x0B2B4724,
	0x2B0B2B0B,0x472B2B2B,0x2B0B472B,0x2B2B2B2B,0x0B0B2B24,0x2B2B2B47,0x2B2B2B2B,0x2B2B2B0B,
	0x2B2B2B2B,0x2B2B2B2B,0x2B2B2B2B,0x2B2B2B2B,0x2B2B2B2B,0x2B2B2B2B,0x2B2B2B2B,0x2B2B2B2B,
	0x2B2B0B2B,0x2B2B2B2B,0x47470B0B,0x2B2B2B2B,0x0B0B0B2B,0x2B2B2B2B,0x150B2B24,0x2B2B2B0B,
	0x242B2B2B,0x2B243D46,0x3D2B2B2B,0x2B2B1846,0x3D0B2B2B,0x2B2B2B3D,0x3D3D242B,0x2B2B2B24,
	0x153D182B,0x2B2B2B2B,0x243D3B2B,0x2B2B2B2B,0x2B183D24,0x242B0B2B,0x2B243D18,0x0B24240B,

	0x2B2B242B,0x2B2B2B2B,0x0B3D182B,0x2B242B2B,0x3D3D2B2B,0x0B2B243D,0x3D152B2B,0x24183D3D,
	0x3D2B2B2B,0x3D753D15,0x242B242B,0x75461515,0x2424240B,0x75151515,0x2B242B24,0x3D243D24,
	0x0B0B2424,0x15243D15,0x470B0B24,0x150B1515,0x0B470B0B,0x150B153D,0x0B474747,0x15151546,
	0x150B4715,0x15150B46,0x15153D75,0x1515243D,0x75757575,0x15151515,0x75757575,0x150B0B15,
	0x3D757575,0x1515150B,0x3D757575,0x0B0B0B15,0x75757575,0x0B0B0B15,0x75757575,0x470B0B0B,
	0x75757575,0x15472B15,0x75757575,0x3D3D0B15,0x753D7575,0x153D3D75,0x753D3D75,0x3D151575,
	0x0B0B0B0B,0x0B150B2B,0x0B150B0B,0x0B153D3D,0x15150B0B,0x150B7575,0x3D46150B,0x24243D75,
	0x75153D3D,0x0B241546,0x75461515,0x15240B15,0x3D75463D,0x0B240B0B,0x18757575,0x0B24242B,

	0x46461524,0x0B0B4718,0x46150B0B,0x0B472B3D,0x3D0B0B0B,0x2B2B1875,0x0B0B0B0B,0x2B15753D,
	0x470B0B0B,0x2B187515,0x470B1515,0x243D3D2B,0x240B470B,0x243D0B2B,0x240B0B47,0x3B3D242B,
	0x0B470B0B,0x150B0B0B,0x470B0B0B,0x0B0B0B47,0x2B0B0B2B,0x0B0B0B0B,0x0B0B0B2B,0x0B0B470B,
	0x2B2B2B2B,0x4747470B,0x2B2B2B2B,0x472B0B24,0x0B2B2B2B,0x2B2B2B2B,0x0B242B2B,0x2B2B2B2B,
	0x15150B24,0x150B240B,0x0B15150B,0x0B0B0B0B,0x0B0B0B0B,0x0B0B4747,0x470B0B0B,0x470B0B0B,
	0x472B0B47,0x0B470B47,0x2B2B472B,0x2B470B2B,0x2B2B0B2B,0x2B2B2B2B,0x2B2B2B2B,0x2B2B2B2B,
	0x0B0B150B,0x47472B2B,0x2B15150B,0x4747472B,0x2B470B0B,0x472B472B,0x2B0B0B2B,0x2B47472B,
	0x2B0B0B0B,0x2B2B2B2B,0x2B2B2B2B,0x2B2B2B47,0x2B2B2B2B,0x2B2B2B2B,0x2B2B2B2B,0x2B2B2B2B,

	0x470B4747,0x0B2B2B47,0x472B2B2B,0x2B2B2B47,0x47472B2B,0x2B2B2B2B,0x2B2B2B2B,0x2B2B2B2B,
	0x2B2B2B2B,0x2B2B2B2B,0x2B472B2B,0x2B2B2B2B,0x2B2B2B2B,0x2B2B2B2B,0x2B2B2B2B,0x2B2B2B2B,
	0x47472B2B,0x15150B47,0x472B2B2B,0x150B4747,0x472B4747,0x150B4747,0x472B2B47,0x15154747,
	0x472B2B2B,0x0B154747,0x2B2B2B2B,0x15150B47,0x2B2B2B2B,0x15151547,0x472B2B2B,0x15150B47,
	0x15151515,0x15151515,0x0D151515,0x15151515,0x0D151515,0x15150D0D,0x0D151515,0x1515170D,
	0x15151515,0x15153D15,0x15151515,0x15153D3D,0x15151515,0x15151515,0x1515150B,0x15151515,
	0x15151515,0x15150D0D,0x0D151515,0x15151517,0x0D151515,0x150D0D15,0x15151515,0x15170D15,
	0x15151515,0x15150D15,0x15151717,0x15151515,0x15150D0D,0x15151515,0x15151515,0x15151515,

	0x15151515,0x16171617,0x46151515,0x16171616,0x16151515,0x16161516,0x160D0D15,0x6E151515,
	0x16151515,0x16151715,0x17161515,0x16171617,0x16161515,0x16171717,0x16160D15,0x16160D17,
	0x16161616,0x36161616,0x16161617,0x5E161616,0x16161617,0x1F1F1616,0x16161617,0x361F1616,
	0x16161716,0x1F1F1616,0x16161614,0x1F1F1616,0x16161616,0x1F1F161F,0x16161616,0x1F1F1616,
	0x36361F5E,0x36361F1F,0x3636365E,0x36361F1F,0x361F361F,0x361F361F,0x1F1F3636,0x36361F1F,
	0x36363636,0x36361F1F,0x36361F1F,0x3636361F,0x361F1F1F,0x1F1F1F1F,0x361F1F1F,0x1F1F361F,
	0x14361F1F,0x8D932685,0x14361F36,0x3C506B85,0x161F1F1F,0x87552F30,0x141F1F36,0xA1702F30,
	0x141F1F1F,0xA1822F30,0x141F1F36,0x7D1A2F30,0x141F1F1F,0x7D1A6B30,0x1F1F1F1F,0x87822666,

	0x32327831,0x3E026B32,0x4A260F4A,0x4C264A4A,0x322F2F26,0x2F323232,0x32573E26,0x31313232,
	0x6D31134A,0x7FACA152,0x3E2F5748,0x4545023E,0x6D027348,0x50504B50,0x6D502348,0x4A326B48,
	0x4C2F2F02,0x4A37454C,0x4C2F322F,0x4837454C,0x3E572F2F,0x376A454C,0x4C132F32,0x486A454C,
	0x4850673C,0x484B4557,0x4A354558,0x484B2332,0x2F063E4B,0x484B062F,0x13024A48,0x484B2326,
	0x7823482F,0x3E793E32,0x3223482F,0x45483E32,0x3273372F,0x2F484532,0x3223376B,0x4A2F4C32,
	0x78734B32,0x022F3132,0x78234B31,0x50504878,0x32234B48,0x2F2F3E2F,0x2F734B4A,0x67394B48,
	0x3E57573E,0x26455002,0x50374879,0x26454A3E,0x403E4826,0x4A584A57,0x4013506F,0x32583157,
	0x402F023E,0x3245314C,0x48404B4B,0x4A454B4C,0x4C57572F,0x4A3E5532,0x67526767,0x26454B4B,

	0x7B2F967D,0x16161617,0x1B2F967D,0x16161617,0x7B2F967D,0x16161617,0x7B2FA37D,0x16161617,
	0x832FA38D,0x16161617,0x7B2FA352,0x16171617,0x7B2FA352,0x16161617,0x832FA339,0x16161617,
	0x16171616,0x170D1616,0x16171616,0x17161716,0x16161616,0x15171616,0x16161616,0x150D1616,
	0x16161616,0x0D171716,0x16161616,0x16161616,0x16161616,0x16161616,0x16161616,0x16161616,
	0x16161515,0x16161616,0x1646160D,0x15161616,0x3D461617,0x17163D05,0x3D3D3D15,0x0D3D1646,
	0x16161615,0x16161646,0x15161616,0x1616170D,0x16161616,0x17161616,0x16160515,0x16161616,
	0x16151746,0x16161616,0x0D164615,0x16161616,0x16170D15,0x16161617,0x16171716,0x16161617,
	0x16161716,0x16161616,0x17161617,0x16161616,0x0D051616,0x16161616,0x0D0D1515,0x16161616,

	0x16161616,0x15151616,0x0D171616,0x15150D0D,0x16161716,0x1515150D,0x17171716,0x1517160D,
	0x17161616,0x0D176E16,0x16161617,0x150D1615,0x160D150D,0x15151715,0x166E1716,0x15151515,
	0x15151515,0x24241515,0x15151515,0x240B1515,0x1515150D,0x0B151515,0x15151515,0x0B151515,
	0x0D151515,0x15151515,0x1515156E,0x15151515,0x15151515,0x15151515,0x15151515,0x15151515,
	0x0B2B0B0B,0x2B2B2415,0x0B0B0B24,0x2B2B0B15,0x2B47472B,0x240B2B0B,0x0B2B2B0B,0x2B0B0B0B,
	0x15240B15,0x2B2B0B0B,0x15150B0B,0x2B2B2415,0x15150B0B,0x2B2B2424,0x15151515,0x0B0B0B0B,
	0x242B2B2B,0x24240B24,0x472B2B2B,0x2B2B0B0B,0x0B2B2B2B,0x2B2B0B2B,0x2B2B2B2B,0x2B2B0B0B,
	0x2B2B2B24,0x0B0B150B,0x0B2B472B,0x0B150B47,0x47472B2B,0x0B470B0B,0x0B0B150B,0x0B0B0B0B,

	0x47470B15,0x2B2B1547,0x0B150B2B,0x2B2B2B2B,0x470B242B,0x2B2B2B2B,0x0B152B2B,0x2B2B2B0B,
	0x0B152B2B,0x2B2B470B,0x0B0B0B0B,0x2B2B470B,0x0B0B1515,0x470B0B0B,0x15151515,0x0B150B47,
	0x0B2B2B24,0x2B2B2B47,0x2B2B2B24,0x2B2B2B2B,0x2B472B2B,0x2B2B2B2B,0x2B472B2B,0x2B2B2B2B,
	0x2B2B2B2B,0x2B2B2B47,0x2B2B0B2B,0x2B0B0B24,0x2B0B0B2B,0x2B240B0B,0x2B0B0B15,0x0B15150B,
	0x2B2B2B2B,0x2B2B2B2B,0x2B2B2B2B,0x242B2B2B,0x2B2B2B2B,0x152B2B2B,0x2B2B2B2B,0x3D2B2B2B,
	0x2B2B2B2B,0x3D2B2B2B,0x2B2B2B2B,0x242B2B2B,0x2B2B2B2B,0x3B182424,0x3D150B0B,0x2E3D3B3D,
	0x2B2B183D,0x2B2B2B24,0x2B2B183D,0x242B2B2B,0x2B2B243D,0x242B2B2B,0x2B2B2B3D,0x2B2B2B2B,
	0x2B2B2B3D,0x18182424,0x3B181818,0x75753D3D,0x75753D3D,0x753D7575,0x3D3D3D3D,0x463D3D46,

	0x0B24242B,0x153D1524,0x24240B0B,0x153D150B,0x2424240B,0x463D2B24,0x15182424,0x75463D3D,
	0x75753D3D,0x46757575,0x46467575,0x75757575,0x75753D75,0x75757546,0x3D3D3D3D,0x3D3D3D3D,
	0x7575753D,0x150B0B15,0x3D753D15,0x150B1515,0x1575463D,0x1515150B,0x7575753D,0x15150B15,
	0x75754646,0x15151575,0x46463D46,0x15157575,0x3D3D7575,0x3D757575,0x3D3D3D3D,0x7546463D,
	0x75753D3D,0x753D1575,0x7546753D,0x753D3D75,0x753D753D,0x75463D75,0x75757575,0x1518243D,
	0x4675753D,0x24242424,0x15467546,0x0B242424,0x0B153D46,0x0B0B0B0B,0x15151575,0x15151515,
	0x0B3D7575,0x0B2B0B0B,0x0B157575,0x240B0B0B,0x0B153D75,0x2B0B0B0B,0x3D3D3D3D,0x2424153D,
	0x15150B0B,0x3D3D3D3D,0x1515150B,0x150B2B2B,0x0B15240B,0x2B24240B,0x15151515,0x15151515,

	0x2B240B0B,0x3D182B2B,0x2424242B,0x3D182B2B,0x240B2B2B,0x3D242B0B,0x2B2B2B2B,0x3B2B2B2B,
	0x2B24183D,0x182B2B2B,0x18183D3D,0x18181818,0x242B2B2B,0x3B182424,0x18181815,0x18242424,
	0x15242B2B,0x2B2B2B2B,0x2B2B2B24,0x2B2B2B2B,0x2B2B2B18,0x2B2B2B2B,0x2B2B2B3D,0x2B2B2B2B,
	0x2B2B2B3D,0x2B2B2B2B,0x2B2B2B18,0x2B2B2B2B,0x2424153B,0x2B2B2B2B,0x3B3D3D3D,0x2B2B1818,
	0x2B2B2B2B,0x2B2B2B2B,0x2B2B2B2B,0x2B2B2B2B,0x2B2B2B2B,0x2B2B2B2B,0x2B2B2B2B,0x2B2B2B2B,
	0x2B2B2B2B,0x2B2B2B2B,0x2B2B2B2B,0x2B2B2B2B,0x3A3A2B2B,0x3A2B2B2B,0x3A3A2B2B,0x3A3A2B2B,
	0x2B2B2B2B,0x2B2B2B2B,0x2B2B2B2B,0x2B2B472B,0x2B2B3A2B,0x2B2B2B2B,0x2B2B3A2B,0x472B2B2B,
	0x2B2B2B2B,0x2B2B2B2B,0x2B2B2B3A,0x2B2B2B2B,0x2B2B2B2B,0x472B2B2B,0x2B2B2B3A,0x2B2B2B2B,

	0x2B2B2B2B,0x150B0B2B,0x2B2B2B2B,0x150B0B47,0x472B2B2B,0x0B151547,0x2B472B2B,0x1547472B,
	0x2B472B2B,0x0B472B2B,0x47472B2B,0x0B15472B,0x472B2B2B,0x0B47472B,0x472B2B2B,0x15470B2B,
	0x0B151515,0x15151515,0x0B151515,0x0B151515,0x0B15150B,0x0B151515,0x15150B0B,0x1515150B,
	0x15151515,0x0B151515,0x15151515,0x15151515,0x15150B15,0x15151515,0x1515150D,0x0B151515,
	0x15150D15,0x15151515,0x15151515,0x15151515,0x15151515,0x15151515,0x15151515,0x0D151515,
	0x15151515,0x15151515,0x15151515,0x0D151515,0x15151515,0x15151515,0x15151515,0x1515150D,
	0x16161515,0x16161516,0x16171516,0x16161616,0x170D1717,0x16161616,0x0D170D17,0x6E151617,
	0x0D17170D,0x1616160D,0x0D170D15,0x1717170D,0x0D0D0D17,0x160D0D17,0x17171515,0x17171715,

	0x16161616,0x1F5E1416,0x16161616,0x1F1F1616,0x16161616,0x1F1F1616,0x16161616,0x1F1F1616,
	0x14161616,0x1F165E16,0x16161616,0x1F5E1616,0x16161616,0x16141616,0x16161616,0x5E1F1616,
	0x1F361F1F,0x1F1F1F36,0x36361F1F,0x1F361F1F,0x36361F1F,0x1F1F1F36,0x1F36361F,0x1F1F1F1F,
	0x1F361F1F,0x1F1F361F,0x1F1F1F1F,0x1F1F1F1F,0x1F1F1F1F,0x1F1F1F1F,0x1F1F1F1F,0x1F1F1F1F,
	0x1F141F1F,0x8C82261B,0x1F141F1F,0x8CA16B1B,0x361F1F1F,0x7D826B1B,0x361F1F1F,0x523C2683,
	0x851F1F1F,0x39706B83,0x851F1F1F,0x6D996B83,0x361F1F1F,0x6D672683,0x251F1F1F,0x52676B7B,
	0x2F502348,0x3E574C3E,0x3E482348,0x50484B4B,0x4C4A2348,0x4A481350,0x3E482348,0x4B4B1350,
	0x4C48584A,0x3E454C50,0x2F50454A,0x6F4850AA,0x4A554531,0x4C4C4C3E,0x6F48584A,0x67526755,

	0x2F4C4845,0x486A234A,0x2F3E3158,0x4837234A,0x2F3E3757,0x4837234A,0x2F4C2F4A,0x486A234A,
	0x32315702,0x484B0632,0x2F50386F,0x4B4B0632,0x573E9B4C,0x4B4B234A,0x486D6767,0x50372326,
	0x4C454B48,0x2F2F6B2F,0x3E454B48,0x5845453E,0x57454B48,0x57572F2F,0x57454B48,0x262F2F6B,
	0x57454B48,0x326B2F2F,0x57454B48,0x266B2F6B,0x57454B48,0x262F2F6B,0x57454B48,0x2F322F6B,
	0x324A262F,0x6B453E6B,0x3E454545,0x2F2A2F3E,0x0F2F2F2F,0x2F574A32,0x3232322F,0x6B2F3232,
	0x32324A26,0x262F3232,0x32264A26,0x26573232,0x2632322F,0x2F57324A,0x4A325757,0x2F2F324A,
	0x832FBA67,0x17161617,0x7B2F96A1,0x16171617,0x83139971,0x16171614,0x7B1367A1,0x16161616,
	0x7B9B678C,0x16161616,0x7B9B678C,0x16161616,0x832F9967,0x16161614,0x832F964E,0x1616161F,

	0x16161616,0x0D0D1616,0x16161616,0x15151616,0x16161616,0x160D1616,0x16161616,0x0D151616,
	0x16161616,0x0D151616,0x16161616,0x150D1616,0x16161616,0x15151616,0x16161616,0x15151616,
	0x0D171515,0x1717160D,0x15171715,0x16151616,0x160D0D16,0x16161616,0x1617170D,0x1616150D,
	0x1617170D,0x16160D16,0x17161617,0x16161617,0x16161617,0x16161616,0x16160D0D,0x16161616,
	0x160D170D,0x16161616,0x1616160D,0x16161616,0x1616160D,0x16161616,0x16161616,0x16161616,
	0x16161616,0x16161616,0x16161616,0x17171616,0x16161616,0x0D171616,0x16161616,0x0D161616,
	0x15150D16,0x0D171715,0x15161517,0x15161515,0x15151516,0x15151605,0x15153D16,0x0D151516,
	0x153D1616,0x1515150D,0x0D171516,0x15170D15,0x0D16170D,0x15150D0D,0x17171715,0x1515150D,

	0x15151515,0x15151515,0x150D0D15,0x15151515,0x15171515,0x0B151515,0x15150D0D,0x15151515,
	0x150D170D,0x15151515,0x15151515,0x15151515,0x15151517,0x15151515,0x15151515,0x15151515,
	0x15151515,0x0B0B1515,0x15151515,0x0B151515,0x15151515,0x150B1515,0x15151515,0x150B1515,
	0x0B0B1515,0x0B0B1515,0x150B1515,0x0B151515,0x15151515,0x0B151515,0x15151515,0x15151515,
	0x470B0B0B,0x0B0B0B47,0x0B0B0B0B,0x0B0B0B0B,0x150B0B15,0x0B151515,0x150B0B15,0x0B150B15,
	0x0B0B0B0B,0x0B0B1515,0x15150B15,0x0B150B15,0x15151515,0x15151515,0x150B150B,0x0B151515,
	0x15150B0B,0x15150B0B,0x1515150B,0x1515150B,0x1515150B,0x15151515,0x0B0B150B,0x150B150B,
	0x0B0B0B0B,0x15150B0B,0x0B0B0B0B,0x0B150B0B,0x0B2B1515,0x150B0B0B,0x0B0B0B15,0x0B0B0B24,

	0x1515150B,0x0B15150B,0x15151515,0x0B0B1515,0x0B151515,0x0B151515,0x0B151515,0x0B0B0B15,
	0x0B15150B,0x0B0B0B0B,0x0B150B0B,0x470B150B,0x15150B15,0x0B0B150B,0x0B0B0B0B,0x1515150B,
	0x240B0B0B,0x3D3D1518,0x0B0B0B0B,0x182B4724,0x0B0B0B0B,0x3D240B0B,0x0B0B470B,0x3D240B0B,
	0x0B0B0B0B,0x3D0B0B0B,0x15151515,0x15240B15,0x15150B0B,0x150B0B15,0x15470B0B,0x240B0B0B,
	0x153D3D3D,0x0B151515,0x3D3D153D,0x3D3D3D3D,0x0B0B473D,0x3D3D150B,0x0B0B243D,0x150B0B0B,
	0x150B0B3D,0x150B1515,0x0B47153D,0x15150B0B,0x0B0B3D75,0x1515150B,0x0B153D3D,0x15151515,
	0x1515150B,0x0B0B1515,0x150B1515,0x15150B15,0x3D3D3D3D,0x15151515,0x3D3D1515,0x3D463D3D,
	0x150B150B,0x463D240B,0x15151515,0x75150B15,0x15151515,0x753D1515,0x15151515,0x75753D15,

	0x15151515,0x46151515,0x15151515,0x463D1515,0x15151515,0x463D7515,0x15151515,0x463D7546,
	0x463D3D75,0x3D3D3D3D,0x3D3D4646,0x3D3D3D3D,0x3D0B3D46,0x75753D75,0x3D0B153D,0x75753D75,
	0x3D75753D,0x7575753D,0x753D1515,0x46757575,0x75152B15,0x3D757575,0x3D0B0B15,0x75757575,
	0x0B150B15,0x3D3D753D,0x0B0B1515,0x15153D0B,0x0B0B0B15,0x153D753D,0x240B2B18,0x3D3D753D,
	0x3D3D7575,0x3D3D3D3D,0x3D3D3D75,0x3D3D3D3D,0x3D3D3D3D,0x3D3D3D3D,0x3D3D3D3D,0x2424153D,
	0x2B2B3D3D,0x2B2B2B2B,0x2B243D15,0x2B2B2B2B,0x2B153D0B,0x2B2B2B2B,0x243D1515,0x2B2B2B2B,
	0x3D3D3D46,0x3D3D2E2E,0x3D3D7575,0x1818183D,0x2418153D,0x182B2B2B,0x242B2B2B,0x3D2B2B0B,
	0x2B2B2B2B,0x3D242B2B,0x2B2B2B2B,0x3D242B2B,0x2B2B2B2B,0x46182B2B,0x2B2B2B2B,0x3D3D242B,

	0x24183B3B,0x2B2B2424,0x2B2B2B24,0x2B2B2B2B,0x2B2B2B3D,0x2B2B2B2B,0x2B2B2B3D,0x2B2B2B2B,
	0x2B2B2B3D,0x2B2B2B2B,0x2B2B2B18,0x2B2B2B2B,0x2B2B4724,0x2B3A2B2B,0x2B2B2B24,0x2B2B2B2B,
	0x2B2B2B2B,0x2B2B2B2B,0x2B2B2B2B,0x2B2B2B2B,0x2B2B2B2B,0x2B2B2B2B,0x2B2B2B2B,0x2B2B2B2B,
	0x2B2B2B2B,0x2B2B2B2B,0x2B2B2B2B,0x2B2B2B2B,0x2B2B2B2B,0x2B2B2B2B,0x2B3A2B2B,0x2B2B2B2B,
	0x2B2B2B2B,0x3A2B2B2B,0x2B2B2B2B,0x2B2B2B2B,0x2B2B2B2B,0x2B2B2B2B,0x2B2B2B2B,0x2B2B3A3A,
	0x2B2B2B2B,0x3A2B2B2B,0x2B2B2B2B,0x2B2B2B2B,0x2B2B2B2B,0x472B2B2B,0x2B2B2B2B,0x472B2B2B,
	0x2B2B3A3A,0x2B2B2B2B,0x2B2B2B2B,0x2B2B2B2B,0x2B2B2B2B,0x2B2B2B2B,0x2B2B2B2B,0x2B472B2B,
	0x2B2B2B2B,0x2B2B2B2B,0x2B2B2B3A,0x2B2B2B47,0x2B2B2B2B,0x2B2B2B2B,0x3A2B2B47,0x2B2B2B2B,

	0x2B2B2B2B,0x150B472B,0x2B2B2B2B,0x15150B2B,0x0B2B2B2B,0x15150B0B,0x0B2B2B2B,0x1515150B,
	0x0B472B2B,0x1515150B,0x0B242B2B,0x15151515,0x0B0B152B,0x0D150D15,0x1515152B,0x0D0D150D,
	0x1515150D,0x15151515,0x15151515,0x15151515,0x15151515,0x15151515,0x15151515,0x15151515,
	0x15151515,0x15151515,0x15151515,0x15150D0D,0x0D151515,0x15150D0D,0x15151515,0x1515150D,
	0x15151515,0x1515150D,0x15151515,0x3D15150D,0x0D151515,0x1515150D,0x0D151515,0x1515150D,
	0x15151515,0x15151515,0x15150D15,0x15151515,0x15150D15,0x15151515,0x15151515,0x15151515,
	0x170D1515,0x1717170D,0x16170D3D,0x1616160D,0x160D153D,0x16161717,0x16171615,0x16171716,
	0x16170D0D,0x160D1716,0x1616170D,0x0D150D16,0x16160D17,0x17160D17,0x160D0D0D,0x1616170D,

	0x16161616,0x161F1F16,0x165E1616,0x161F1F16,0x161F1617,0x161F1F16,0x16161616,0x16141F16,
	0x16161616,0x16141F16,0x16161616,0x5E161416,0x16161616,0x36161616,0x16161616,0x1F1F5E16,
	0x1F1F1F5E,0x1F1F141F,0x1F1F1F16,0x1F1F1F1F,0x1F1F1F16,0x1F1F1F1F,0x1F1F1F1F,0x1F14141F,
	0x1F1F1F1F,0x1F1F161F,0x1F1F161F,0x1F1F141F,0x1F1F141F,0x1F1F141F,0x1F1F161F,0x1F141F1F,
	0x361F1F1F,0x52406B83,0x361F1F1F,0x39556B83,0x361F1F1F,0x39706B83,0x101F1F1F,0x6D706B83,
	0x101F1F1F,0x4E706B83,0x1014141F,0x7D526B83,0x85161614,0x524B6B83,0x36141614,0x524B6B7B,
	0x2F3E454A,0x8F8F2626,0x3E0F5732,0x45454545,0x26312F26,0x2F2F2F2F,0x32312F6B,0x2626324A,
	0x4A312F26,0x26323232,0x32312F32,0x324A3232,0x4A482F4A,0x26323232,0x4A312F4A,0x57574A4A,

	0x2F262626,0x5048584C,0x45454545,0x5048453E,0x2F2F2F2F,0x50484557,0x2F2F2626,0x50484557,
	0x572F2626,0x5048454C,0x2F2F2632,0x5048454C,0x2F262632,0x4B31454C,0x2F26262F,0x4B48584C,
	0x57454B4B,0x4C26266B,0x57454B6A,0x50576B6B,0x2F456A48,0x8D2F4C26,0x2F456A48,0x29672F2F,
	0x57454B48,0x4A39673E,0x45454B48,0x3E6F6D32,0x57434B48,0x3E3E5055,0x48234B48,0x2F45326D,
	0x31574862,0x26574231,0x57265252,0x4A2A4A4A,0x586D396F,0x2657312F,0x3752482F,0x26574A3E,
	0x52385713,0x264C5748,0x296B3E4C,0x32454C52,0x6B452F2F,0x26588062,0x234C2F2F,0x2637524A,
	0x832F7F8D,0x1616161F,0x612F7F8C,0x1616161F,0xA02F7F7D,0x1616161F,0x082F7F52,0x16161610,
	0x082F9652,0x16161610,0xA02F9652,0x16161610,0x412F7F8C,0x16161610,0x9F2FA591,0x16161685,

	0x16161616,0x0D151616,0x16161616,0x0D0D1616,0x16161616,0x0D0D1616,0x16161616,0x0D161616,
	0x16161616,0x16161616,0x16161616,0x17161616,0x16161616,0x0D171616,0x16161616,0x160D1616,
	0x0D150D15,0x16161616,0x15151615,0x16161616,0x1615150D,0x16161616,0x1617160D,0x16161617,
	0x16161617,0x16161617,0x16161616,0x16161616,0x16161616,0x16161716,0x16161617,0x16161616,
	0x16161716,0x16161616,0x16161616,0x16161616,0x16161616,0x16161616,0x16161616,0x16161616,
	0x16161616,0x16161616,0x16161616,0x16161616,0x16161616,0x16141616,0x16161616,0x16161616,
	0x0D170D17,0x150D0D0D,0x17151515,0x15151517,0x16150D17,0x170D1516,0x160D0D17,0x170D150D,
	0x17171616,0x15150D0D,0x17171616,0x15150D16,0x0D171717,0x15151617,0x160D0D0D,0x15150D0D,

	0x15151515,0x15151515,0x150D1515,0x15151515,0x15151515,0x2B151515,0x15150D0D,0x240B1515,
	0x15150D15,0x15151515,0x15150D15,0x0B150B0B,0x1515150D,0x470B0B0B,0x15150D17,0x0B151515,
	0x150B1515,0x15151515,0x15151515,0x15151515,0x150B150B,0x1515150B,0x0B2B4715,0x0B0B0B0B,
	0x472B0B0B,0x0B15150B,0x150B0B0B,0x0B0B470B,0x15150B2B,0x1515150B,0x0B472B47,0x15150B47,
	0x150B1515,0x0B150B0B,0x15151515,0x15151515,0x1515150B,0x150B4715,0x15150B0B,0x15151515,
	0x15151515,0x0B151515,0x15151515,0x0B150B15,0x47474715,0x0B0B150B,0x0B0B4747,0x0B0B0B0B,
	0x0B0B470B,0x0B2B0B0B,0x0B150B0B,0x0B0B470B,0x0B0B470B,0x240B0B0B,0x0B474715,0x47470B0B,
	0x470B0B47,0x15474747,0x47472B47,0x15154747,0x47474747,0x15194747,0x47472B47,0x4747470B,

	0x0B472B0B,0x150B0B0B,0x0B47190B,0x0B0B1515,0x47474747,0x0B474747,0x0B0B472B,0x0B0B0B0B,
	0x47470B0B,0x0B0B470B,0x47191547,0x150B4747,0x4747470B,0x0B0B0B47,0x0B470B47,0x0B0B0B47,
	0x152B0B0B,0x2B0B1515,0x0B0B1515,0x0B0B0B0B,0x470B0B0B,0x150B4747,0x47470B0B,0x0B0B0B0B,
	0x0B47470B,0x0B0B0B0B,0x470B0B47,0x1547150B,0x4747470B,0x0B47470B,0x0B47470B,0x4747470B,
	0x15157515,0x15151515,0x153D3D0B,0x15151515,0x3D753D0B,0x1515150B,0x3D3D150B,0x15151515,
	0x3D150B0B,0x15150B3D,0x3D0B0B0B,0x19470B3D,0x150B1547,0x0B0B3D46,0x47470B15,0x0B157515,
	0x15151515,0x3D463D15,0x15151515,0x153D463D,0x3D0B1515,0x3D3D3D75,0x460B1515,0x153D3D46,
	0x753D0B15,0x0B15153D,0x3D3D150B,0x15150B15,0x0B15150B,0x15151515,0x0B0B0B15,0x0B151515,

	0x3D3D1515,0x3D753D3D,0x15153D3D,0x3D3D463D,0x0B0B0B15,0x463D3D46,0x0B0B2B0B,0x463D7546,
	0x0B0B0B0B,0x3D3D3D3D,0x470B1515,0x3D3D3D15,0x0B0B0B0B,0x3D3D3D15,0x2B242B0B,0x3D3D3D24,
	0x0B0B2418,0x3B3B3D3D,0x150B0B15,0x3D3D2415,0x15240B15,0x24242B0B,0x3D2B4715,0x2B2B2B0B,
	0x1524470B,0x2B2B2B24,0x15242B15,0x2B2B2B2B,0x0B152B0B,0x2B2B2B2B,0x24152B24,0x2B2B2B2B,
	0x1515153D,0x2B2B2B2B,0x15243D3D,0x2B2B2B2B,0x153D3D3D,0x2B2B2B15,0x3D3D1524,0x2B2B2B3D,
	0x150B2B2B,0x2B2B153D,0x2B2B2B2B,0x2B24150B,0x2B2B2B2B,0x2B0B2B2B,0x2B2B2B2B,0x2B2B2B2B,
	0x2B2B2B2B,0x153D242B,0x2B2B2B2B,0x243D3D2B,0x2B2B2B47,0x2B153D24,0x2B0B2B47,0x2B243D3D,
	0x152B2B2B,0x2B2B153D,0x3D2B2B2B,0x2B2B2B3D,0x3D152B2B,0x472B2B15,0x153D242B,0x0B472B2B,

	0x2B2B2B2B,0x3A2B2B2B,0x2B2B2B2B,0x3A2B2B2B,0x2B2B2B2B,0x2B2B2B47,0x2B0B472B,0x2B0B2B2B,
	0x0B472B47,0x2B472B0B,0x150B470B,0x2B2B2B0B,0x4747470B,0x2B2B2B24,0x2B2B2B0B,0x2B2B2B2B,
	0x2B2B2B2B,0x2B2B2B2B,0x2B2B2B2B,0x2B2B2B2B,0x2B3A2B2B,0x2B2B3A2B,0x2B2B2B2B,0x2B2B2B2B,
	0x2B2B2B2B,0x2B0B0B47,0x0B2B2B2B,0x2B2B470B,0x472B470B,0x2B2B2B0B,0x2B470B0B,0x47470B0B,
	0x2B2B2B2B,0x2B2B2B2B,0x472B2B2B,0x2B2B2B47,0x2B2B472B,0x242B2B2B,0x0B2B2B2B,0x2B2B2B47,
	0x2B2B2B2B,0x242B2B0B,0x47472B2B,0x0B470B47,0x472B2B0B,0x47474747,0x2B2B242B,0x2B474747,
	0x2B2B2B2B,0x2B2B3A2B,0x2B2B2B24,0x2B2B2B2B,0x24242B24,0x24240B2B,0x242B2424,0x152B0B2B,
	0x2B2B2B0B,0x150B0B2B,0x1515472B,0x47471515,0x4715152B,0x4715152B,0x0B0B0B47,0x470B150B,

	0x15151547,0x0D151515,0x1515150B,0x15151515,0x1515150B,0x15151515,0x15151515,0x15151515,
	0x15151515,0x15151515,0x1515150B,0x15151515,0x1515150B,0x150D150D,0x15151515,0x0D0D150D,
	0x150D1515,0x15151515,0x150D1515,0x15151515,0x15151515,0x1515150D,0x15151515,0x15151515,
	0x15151515,0x15151515,0x15150D15,0x1515150D,0x0D150D0D,0x0D150D0D,0x0D0D0D0D,0x0D150D0D,
	0x0D151515,0x1515150D,0x0D150D15,0x15151515,0x170D0D15,0x15150D15,0x17170D0D,0x15151515,
	0x150D0D0D,0x170D0D0D,0x15151715,0x17150D15,0x15150D0D,0x17150D15,0x15150D0D,0x160D0D15,
	0x150D0D15,0x16171515,0x16151515,0x16161515,0x16171515,0x16161715,0x16160D17,0x16161617,
	0x16161717,0x16161617,0x1616160D,0x16161616,0x16161616,0x16161616,0x16161616,0x16161616,

	0x16161716,0x141F5E16,0x16161616,0x1F145E16,0x16161616,0x14161416,0x16161616,0x1F161614,
	0x16161616,0x165E1614,0x16161616,0x1F161F16,0x14161416,0x1F161414,0x5E5E161F,0x141F161F,
	0x1F1F1F1F,0x1F1F141F,0x1F1F1F1F,0x1F161F1F,0x141F1F1F,0x1F141F14,0x1F14141F,0x1F1F1F16,
	0x1F1F1414,0x1F1F1F14,0x1F1F141F,0x14361F14,0x1414141F,0x1F141F14,0x14141F36,0x16161F1F,
	0x36161614,0x7D826B83,0x1F141414,0x8C966B1B,0x141F141F,0x7D706B66,0x161F1F14,0x7D676B53,
	0x161F1F16,0x8D676B53,0x16141416,0x7D676B66,0x16141F16,0x7D670966,0x16161416,0x7D670966,
	0x4A312F4A,0x67265731,0x4A31574A,0x52526B2F,0x2631574A,0x6F399345,0x3E31574A,0x9B6F5231,
	0x4A2F4C4A,0x132F3852,0x7D3E454A,0x573E6B29,0x674B2348,0x2657454A,0x487D484A,0x6B6B3E45,

	0x2F262657,0x4B4B5857,0x26265729,0x504B7357,0x263E4A8D,0x4B4B582F,0x2F2F526D,0x504B432F,
	0x3E39296B,0x504B4557,0x4A6D4A3E,0x4B4B4545,0x62484513,0x4B4B232F,0x502F456B,0x4B4B064A,
	0x2A234B48,0x2F3E5050,0x58455048,0x35316231,0x45454B48,0x2F6D4845,0x57455048,0x506D2F45,
	0x2F454B48,0x394A5857,0x2F454B48,0x5002020F,0x2F454048,0x13022F2F,0x2F454B48,0x45262F2F,
	0x454C6B2F,0x8F57506F,0x4B3E2F2F,0x4A062F6D,0x52504C3E,0x3258584A,0x4B394A2A,0x323E3E3E,
	0x3E503950,0x322A3245,0x452F6D39,0x322A322F,0x4C454850,0x322A3226,0x26573E6B,0x262A3226,
	0x414C7FB4,0x16161636,0x41137F81,0x16161636,0x41097FA1,0x1616161F,0x9F9B9652,0x16161614,
	0x8113A367,0x16161617,0x9F13A367,0x16161617,0x9F137067,0x16161616,0x9F097039,0x16161616,

	0x16161616,0x16161616,0x16161616,0x0D161616,0x16161616,0x17161616,0x16161616,0x16151616,
	0x16161616,0x16151616,0x16161616,0x170D1616,0x16161616,0x160D1616,0x16161616,0x160D1616,
	0x16161616,0x16161616,0x16161616,0x16161616,0x16161616,0x16161605,0x160D1616,0x3D161616,
	0x16160D16,0x16161616,0x16161616,0x16161616,0x16161616,0x16161616,0x16161616,0x16161616,
	0x16161616,0x15161616,0x16161616,0x16161616,0x16161616,0x16161616,0x16161616,0x16161616,
	0x16161616,0x16161616,0x16161616,0x16161616,0x16161616,0x16161616,0x16161616,0x16161616,
	0x16171616,0x0D0D150D,0x17161616,0x0D0D0D17,0x16161617,0x15160D17,0x17161616,0x15150D15,
	0x17141616,0x15151515,0x17161716,0x1515150D,0x16171616,0x15150D0D,0x150D1616,0x15151515,

	0x15150D15,0x0B2B0B15,0x15151515,0x2B2B2B15,0x0B0B1515,0x2B240B0B,0x0B0B1515,0x2B0B0B0B,
	0x15151515,0x242B1515,0x15151515,0x0B241515,0x15151515,0x0B242415,0x0B151515,0x2B0B150B,
	0x2B2B0B0B,0x0B0B0B47,0x0B2B0B0B,0x0B47472B,0x0B0B0B24,0x0B47470B,0x0B0B242B,0x0B2B0B2B,
	0x242B4715,0x150B0B2B,0x4747470B,0x0B0B2B2B,0x47470B0B,0x0B0B2B24,0x0B150B0B,0x47470B2B,
	0x0B0B4747,0x0B0B0B0B,0x0B0B0B15,0x0B2B0B24,0x0B470B15,0x47470B0B,0x0B0B0B0B,0x4747470B,
	0x472B0B0B,0x470B0B0B,0x4724150B,0x2B470B47,0x472B2B0B,0x0B47470B,0x2B0B0B0B,0x2B2B0B47,
	0x472B2B0B,0x2B470B0B,0x470B0B0B,0x2B2B0B47,0x2B2B4715,0x4747472B,0x2B2B2B0B,0x470B4747,
	0x4747472B,0x47472B47,0x4747472B,0x47472B47,0x2B472B2B,0x47472B2B,0x470B4747,0x0B0B0B2B,

	0x2B470B2B,0x0B0B4747,0x47474747,0x0B474747,0x47472B47,0x0B0B4747,0x0B0B4747,0x0B0B0B0B,
	0x47474747,0x0B0B470B,0x0B474747,0x470B4747,0x0B0B4747,0x0B474715,0x0B154747,0x2B2B4715,
	0x0B0B4747,0x0B0B0B0B,0x0B0B0B15,0x0B0B0B15,0x0B0B150B,0x2B0B0B0B,0x150B150B,0x0B470B0B,
	0x0B2B0B0B,0x0B474747,0x2B474747,0x2B47152B,0x0B0B2B0B,0x47471547,0x0B0B4747,0x47474747,
	0x472B0B0B,0x152E3D0B,0x0B0B0B0B,0x3D3D1547,0x0B0B0B2B,0x3D0B0B0B,0x470B0B47,0x0B470B0B,
	0x0B47472B,0x2B47472B,0x0B0B472B,0x2B472B47,0x0B472B2B,0x2B2B2B47,0x470B470B,0x2B2B2B0B,
	0x0B0B0B47,0x0B0B0B0B,0x0B0B0B15,0x470B2B47,0x2B0B3D3D,0x2B2B2B2B,0x243D3D15,0x2B2B2B47,
	0x3D3D0B2B,0x2B240B15,0x15242B2B,0x243D3D3D,0x2B2B2B2B,0x3D3D1515,0x0B0B2B47,0x150B472B,

	0x2B2B2B47,0x3D3D3D24,0x2B0B0B0B,0x3D3D3D2B,0x2B2B2B2B,0x3D3D182B,0x2B2B2B2B,0x3D3D242B,
	0x2B2B2B2B,0x3D3D0B2B,0x2B2B2B2B,0x3D152B2B,0x2B24153D,0x3D152B2B,0x3D3D3D3D,0x3D152415,
	0x24152B2B,0x2B2B2B2B,0x2415242B,0x2B2B2B2B,0x2B15242B,0x2B2B2B2B,0x2B0B242B,0x2B2B2B2B,
	0x2B0B242B,0x2B2B2B2B,0x2B241824,0x2B2B2B2B,0x2B2B1524,0x3D0B242B,0x150B1518,0x3D3D1515,
	0x2B2B2B2B,0x2B2B2B2B,0x2B2B2B2B,0x242B2B2B,0x2B2B2B2B,0x3D15242B,0x2B2B2B2B,0x3D3D3D2B,
	0x152B2B2B,0x47153D3D,0x3D3D1524,0x2B2B2415,0x0B153D3D,0x2B2B2B2B,0x2B2B0B15,0x2B2B2B2B,
	0x243D3D24,0x0B472B2B,0x2B0B3D3D,0x2B2B2B2B,0x2B2B0B3D,0x2B2B2B2B,0x2B2B2B0B,0x2B2B2B2B,
	0x2B2B2B2B,0x2B2B2B2B,0x2B2B2B2B,0x2B2B2B2B,0x2B2B2B2B,0x2B2B2B2B,0x2B2B2B2B,0x2B2B2B2B,

	0x2B0B242B,0x2B2B2B2B,0x2B470B24,0x2B2B2B2B,0x2B2B2B47,0x2B2B0B47,0x470B2B2B,0x2B2B0B2B,
	0x470B2B2B,0x47472B47,0x2B2B2B2B,0x470B150B,0x2B2B2B2B,0x47474747,0x2B0B0B2B,0x0B0B0B2B,
	0x2B470B0B,0x240B150B,0x2B2B2B2B,0x2B2B2B2B,0x2B2B2B2B,0x472B2B2B,0x2B2B2B2B,0x0B2B0B24,
	0x2B2B4747,0x0B0B0B0B,0x24240B47,0x240B0B15,0x0B0B0B0B,0x0B0B0B0B,0x470B4747,0x0B151515,
	0x2B2B2B0B,0x2B2B2B2B,0x2B2B2B2B,0x0B2B2B0B,0x0B0B2B2B,0x0B242B47,0x0B47470B,0x0B0B0B0B,
	0x15470B0B,0x15151515,0x15150B0B,0x0B0B150B,0x0B150B0B,0x0B150B15,0x150B150B,0x0B151515,
	0x1515150B,0x15150B0B,0x0B150B0B,0x1515150B,0x0B150B0B,0x1515150B,0x15150B15,0x15151515,
	0x15150B0B,0x15151515,0x15151515,0x15151515,0x1515150B,0x15151515,0x0B151515,0x15151515,

	0x15151515,0x15151515,0x15151515,0x15151515,0x15151515,0x15151515,0x15151515,0x15151515,
	0x15151515,0x15151515,0x15151515,0x15151515,0x15151515,0x150D1515,0x15151515,0x150D1515,
	0x150D0D15,0x15150D0D,0x15150D0D,0x15150D15,0x15150D0D,0x15151515,0x15151515,0x15151515,
	0x15151515,0x1515150D,0x15150D15,0x15150D0D,0x0D0D1515,0x1515150D,0x15151515,0x15151515,
	0x1515150D,0x17160515,0x15151515,0x0D0D1616,0x0D0D1515,0x17151516,0x0D161715,0x16171516,
	0x0D0D1515,0x0D0D0D17,0x0D150D15,0x15171517,0x0D150D15,0x150D0D0D,0x15151515,0x3D151717,
	0x16161616,0x1F141416,0x16161616,0x16161616,0x16161617,0x16171716,0x16161717,0x16161617,
	0x17161615,0x16161717,0x17161715,0x16161615,0x0D160D15,0x16161715,0x0D16170D,0x1616163D,

	0x1416161F,0x1F161F5E,0x16161616,0x14161616,0x16161616,0x16161616,0x16161616,0x16161616,
	0x16161616,0x16161616,0x15161616,0x16161616,0x160D1616,0x16160516,0x16161616,0x16161616,
	0x1614141F,0x1F141F1F,0x141F1F1F,0x1414145E,0x16161616,0x14161616,0x1616161F,0x16161616,
	0x16161616,0x14141F16,0x16161616,0x1F161616,0x16161616,0x36161616,0x16161616,0x5E161616,
	0x1616161F,0x7D672866,0x17161616,0x7D672F66,0x17141F16,0x7D676B66,0x16165E1F,0x7D676B66,
	0x16165E5E,0x7D766B66,0x16165E1F,0x7D676B66,0x16165E1F,0x8C556B66,0x16141F2D,0x52552F1B,
	0x6F6F2F48,0x2F26133E,0x504C0648,0x262F4C93,0x2F454537,0x13139329,0x3E4C3E48,0x4C486D6F,
	0x3E263E31,0x38393813,0x6B8F0248,0x39294C45,0x26260248,0x504A022F,0x26263E48,0x263E2F26,

	0x50483E6B,0x4B50063E,0x48296B13,0x4B4B0645,0x3E6F292F,0x4B4B4545,0x452F3950,0x4B4B452F,
	0x2F454A6D,0x4B4B4526,0x263E0250,0x4B4B4526,0x266B452F,0x4B4B4526,0x32322F45,0x4B4B4526,
	0x2F454B31,0x2F322F2F,0x2F454B48,0x26322F2F,0x2F454B48,0x2F32572F,0x57455048,0x26262F2F,
	0x2F455048,0x6767396D,0x6F234048,0x453E2F29,0x48234048,0x3245066F,0x4A234037,0x5038456F,
	0x264A3E45,0x6B2A3226,0x264A262F,0x6B2A3226,0x26262626,0x6B2A3232,0x2F2F2F2F,0x262A2F2F,
	0x50676767,0x2645266F,0x4C133E45,0x26456B2F,0x48484A32,0x26235832,0x486F4848,0x26064B38,
	0x9809706D,0x16161614,0x8309706D,0x16161617,0x83097039,0x1616160D,0x839B7039,0x16161617,
	0x819B7039,0x16161616,0x819B7039,0x16161616,0x832F7039,0x16161616,0x7B2F7039,0x16161617,

	0x16161616,0x16171616,0x16161616,0x16161616,0x16161616,0x15161616,0x16161616,0x15171616,
	0x16161616,0x17161616,0x16161616,0x16161616,0x16161616,0x16161616,0x16161616,0x141F1616,
	0x16171616,0x16161616,0x16151617,0x16161616,0x16161616,0x16161616,0x16161616,0x16163616,
	0x16161616,0x16161616,0x165E4616,0x16161616,0x5E1F1616,0x16161616,0x1F361414,0x16161616,
	0x16161616,0x16161616,0x16161616,0x17151716,0x16161616,0x160D1717,0x16161616,0x160D1516,
	0x16161616,0x16160D16,0x0D161616,0x0D161605,0x16161616,0x150D3D16,0x16161616,0x1515153D,
	0x15150D17,0x15151515,0x15151516,0x15151515,0x15151616,0x15151515,0x15151616,0x15151515,
	0x150D160D,0x15151515,0x1617160D,0x15151515,0x16171605,0x15151515,0x15151515,0x0B241515,

	0x0B151515,0x0B0B0B0B,0x47151515,0x2B0B0B2B,0x47151515,0x0B0B0B47,0x0B151515,0x0B0B0B2B,
	0x15151515,0x1515150B,0x0B150B24,0x0B0B0B0B,0x240B1524,0x472B0B0B,0x0B150B15,0x15240B15,
	0x0B470B0B,0x0B0B2B47,0x1547470B,0x0B0B2B47,0x2B0B0B0B,0x2B470B2B,0x2B470B47,0x470B470B,
	0x472B2B0B,0x2B472B0B,0x470B0B0B,0x2B2B2B2B,0x2B2B242B,0x0B0B472B,0x0B2B2B0B,0x0B0B2B2B,
	0x470B0B15,0x47474747,0x470B0B0B,0x470B4747,0x470B0B2B,0x47474747,0x0B0B0B2B,0x0B47470B,
	0x150B4747,0x470B0B47,0x0B0B4747,0x0B0B4747,0x0B2B2B2B,0x0B0B0B0B,0x0B2B470B,0x150B150B,
	0x472B470B,0x0B470B2B,0x47474747,0x0B470B47,0x0B474747,0x4747472B,0x47470B0B,0x0B474747,
	0x470B0B0B,0x0B0B470B,0x47474747,0x470B0B0B,0x470B0B0B,0x470B1547,0x470B0B47,0x0B0B0B15,

	0x19194747,0x47474747,0x47194747,0x15474747,0x47470B47,0x15474747,0x2B474747,0x0B0B0B47,
	0x472B470B,0x15474747,0x2B470B0B,0x470B0B2B,0x470B4747,0x0B0B0B0B,0x0B470B0B,0x0B0B0B47,
	0x470B0B47,0x47474747,0x2B474747,0x47474747,0x470B4715,0x19474747,0x0B151515,0x15470B47,
	0x15154715,0x47151515,0x150B1547,0x470B1515,0x1515150B,0x15151515,0x1515150B,0x15151515,
	0x47474747,0x2B2B2B47,0x47474747,0x2B2B2B47,0x47474747,0x2B470B0B,0x19474715,0x2B470B19,
	0x19194747,0x2B474747,0x4747470B,0x2B2B4747,0x0B154715,0x2B2B4747,0x15151515,0x2B2B470B,
	0x472B472B,0x2B2B2B47,0x0B2B2B2B,0x2B2B4747,0x0B2B472B,0x2B2B2B47,0x47472B2B,0x2B2B2B47,
	0x47472B2B,0x2B2B0B2B,0x2B2B2B2B,0x2B2B0B47,0x2447472B,0x470B470B,0x0B0B2B2B,0x2B2B2B0B,

	0x150B0B2B,0x3D15153D,0x2B2B2B2B,0x3D152B2B,0x2B2B2B2B,0x3D242B2B,0x2B2B2B2B,0x3D2B2B2B,
	0x2B2B2B2B,0x152B2B2B,0x2B2B2B2B,0x152B2B2B,0x2B2B2B2B,0x242B2B2B,0x2B2B2B2B,0x2B2B2B2B,
	0x150B1515,0x470B1515,0x2B2B0B15,0x2B2B472B,0x2B2B473D,0x2B2B2B2B,0x2B2B2B15,0x2B2B2B2B,
	0x2B2B2B0B,0x2B2B2B2B,0x2B2B2B24,0x2B2B472B,0x2B2B2B2B,0x2B2B2B2B,0x2B2B2B2B,0x2B2B2B2B,
	0x2B2B2B2B,0x2B2B2B2B,0x2B2B2B2B,0x2B2B2B2B,0x2B2B2B2B,0x2B2B2B2B,0x2B2B2B2B,0x2B2B2B2B,
	0x2B2B2B2B,0x472B2B2B,0x2B2B2B2B,0x2B2B2B0B,0x47472B2B,0x0B2B4747,0x2B472B2B,0x472B0B0B,
	0x2B2B2B2B,0x2B2B2B2B,0x2B2B2B2B,0x47472B2B,0x472B2B2B,0x0B474747,0x47472B2B,0x47474719,
	0x4747472B,0x0B0B2B47,0x0B0B0B2B,0x0B0B472B,0x0B15150B,0x0B0B0B0B,0x150B0B47,0x470B0B0B,

	0x472B2B2B,0x47470B0B,0x472B2B2B,0x472B470B,0x0B0B0B47,0x47470B0B,0x0B150B0B,0x0B470B47,
	0x0B0B0B0B,0x4747470B,0x0B470B0B,0x47150B0B,0x150B0B0B,0x0B151515,0x0B0B0B0B,0x150B1515,
	0x0B15150B,0x470B0B15,0x1515150B,0x47150B0B,0x15150B0B,0x15151515,0x15150B47,0x15150B15,
	0x1515152B,0x0B151515,0x0B15150B,0x15150B0B,0x15151515,0x150B0B15,0x15151515,0x0B0B0B15,
	0x15474747,0x0B0B1515,0x4747470B,0x2B0B150B,0x150B4715,0x0B0B1515,0x1547470B,0x15151515,
	0x150B0B15,0x150B1515,0x15150B15,0x15151515,0x150B1515,0x15151515,0x1515150B,0x15151515,
	0x15151515,0x15151515,0x150B0B15,0x15151515,0x1515150B,0x15151515,0x15151515,0x15151515,
	0x15151515,0x15151515,0x15151515,0x15151515,0x15151515,0x15151515,0x15151515,0x15151515,

	0x15151515,0x15151515,0x15151515,0x15150D15,0x0D0D0D15,0x0D0D1515,0x15150D15,0x0D15150D,
	0x15150D15,0x15151515,0x15151515,0x15151515,0x150D1515,0x15151515,0x150D0D15,0x15151515,
	0x15151515,0x150D150D,0x150D0D0D,0x150D150D,0x0D0D1515,0x150D0D0D,0x15171515,0x0D15150D,
	0x15151715,0x1515150D,0x150D0D15,0x0D151515,0x15151515,0x17151517,0x0D153D15,0x0D0D1515,
	0x1515150D,0x0D0D1617,0x0D0D1515,0x0D171617,0x0D151515,0x1617160D,0x0D151515,0x3D3D0D0D,
	0x170D150D,0x1505050D,0x0D0D1515,0x1517160D,0x160D150D,0x15150516,0x160D1515,0x15151516,
	0x17170D17,0x16160505,0x050D1716,0x16160515,0x1515150D,0x16161615,0x3D151505,0x0516160D,
	0x3D170515,0x15160D17,0x153D0D0D,0x16161616,0x0D15150D,0x16151717,0x0D0D0D0D,0x16150D0D,

	0x1616163D,0x16161616,0x16161616,0x16161616,0x16161616,0x16161616,0x1416163D,0x16161614,
	0x14161616,0x16161414,0x16161616,0x16161616,0x16161616,0x16161616,0x16161616,0x1F161616,
	0x16161616,0x1F361616,0x16161616,0x1F161616,0x16161616,0x36361F14,0x16161616,0x36361F1F,
	0x1F161616,0x36361F16,0x1F161616,0x3636361F,0x1F165E5E,0x36363636,0x36365E1F,0x36363636,
	0x1F165E5E,0x95402F7B,0x85161F1F,0x956D0981,0x7416161F,0x9555099F,0x53161636,0x206709A0,
	0x7B161636,0x7D670920,0x83161636,0x7D676B49,0x66363636,0x52676B7B,0x66363636,0x52806B83,
	0x326B3E48,0x454C8F26,0x26263E48,0x2F268F26,0x266B3E48,0x26262626,0x2F2F3E6F,0x2F2F2F2F,
	0x38263E6F,0x52676D93,0x2F4A3E6F,0x3E3E1313,0x8F025831,0x486F4848,0x296F7C4A,0x3850386F,

	0x3232264C,0x4B4B452F,0x3232262F,0x4B4B4526,0x262F262F,0x4B4B4526,0x57572F2F,0x4B50452F,
	0x6D676767,0x4B50452F,0x382F3E35,0x4B502350,0x4A233E32,0x484B0648,0x48132950,0x8F6F0648,
	0x4A234048,0x3E503E48,0x4A065048,0x13500248,0x4A064B31,0x3E480231,0x4A064B31,0x8F484531,
	0x3123372F,0x4A4C4548,0x4A06372F,0x454C4C38,0x4A064B6B,0xAA4A2F4A,0x32064B6B,0x3E3E452F,
	0x45454545,0x8F23392F,0x554B6D50,0x2623792F,0x6D9B8F2F,0x6B23792F,0x6213486B,0x6B23796B,
	0x39138F48,0x6B23792F,0x502F4502,0x6B234B2F,0x26484AAA,0x6B234B02,0x58453E13,0x6B064813,
	0x7B2F7039,0x16161617,0x7B2F7039,0x16161617,0x6C2F8239,0x1616140D,0x7B2F1A39,0x16161416,
	0x8C2F996D,0x16161666,0x412F706D,0x16161F7B,0x982F676D,0x16161453,0x832F676D,0x16161485,

	0x16161616,0x141F1616,0x16161616,0x16161616,0x16161616,0x16161616,0x16161616,0x16161616,
	0x16161616,0x16161616,0x16161616,0x16161616,0x16161616,0x16161616,0x16161616,0x16361616,
	0x16361416,0x16161616,0x16141616,0x16161616,0x1F161616,0x1616165E,0x14161616,0x16161616,
	0x1F161616,0x16161616,0x5E161F16,0x16161636,0x161F1616,0x46161616,0x165E1616,0x1616162D,
	0x17161616,0x15151515,0x16161616,0x0D0D1505,0x16161616,0x1517053D,0x16161616,0x1515153D,
	0x46164646,0x15151615,0x16161646,0x153D1546,0x3D461646,0x3D151515,0x46461616,0x1515153D,
	0x15151515,0x0B0B1515,0x15151515,0x0B0B1515,0x15150D15,0x0B0B1515,0x150B0B15,0x0B0B150B,
	0x0B0B0B15,0x15151515,0x15151515,0x15151515,0x15151515,0x150B1515,0x15151515,0x150B1515,

	0x0B0B0B15,0x0B2B1515,0x0B0B0B15,0x240B0B0B,0x15151515,0x15150B0B,0x15151515,0x15150B0B,
	0x15151515,0x0B15150B,0x15151515,0x1515150B,0x15150B15,0x15150B0B,0x0B0B0B15,0x1515150B,
	0x472B2B47,0x470B4747,0x2B0B0B0B,0x47470B2B,0x0B0B0B0B,0x0B0B0B0B,0x150B0B15,0x0B150B15,
	0x150B0B0B,0x0B151515,0x15151515,0x15151515,0x15151515,0x15150B15,0x15151515,0x15151515,
	0x0B474747,0x0B0B150B,0x0B0B0B15,0x1515150B,0x150B0B0B,0x0B0B1515,0x0B0B0B0B,0x0B0B0B15,
	0x150B150B,0x0B151515,0x15151515,0x15151515,0x15151515,0x0B151515,0x150B0B15,0x0B151515,
	0x470B4747,0x150B2B0B,0x0B0B0B0B,0x0B472B47,0x150B150B,0x0B2B2B0B,0x150B1515,0x0B2B2B0B,
	0x0B0B1515,0x150B0B0B,0x0B151515,0x15151515,0x1515150B,0x15150B15,0x1515150B,0x1515150B,

	0x0B0B0B2B,0x0B150B0B,0x0B15150B,0x0B151515,0x15151515,0x15151515,0x15150B47,0x15151515,
	0x15151515,0x15151515,0x15151515,0x15151515,0x15151515,0x15150B15,0x15151515,0x15151515,
	0x15470B0B,0x15151515,0x15150B15,0x15151515,0x1515150B,0x15151515,0x15151515,0x15151515,
	0x15151515,0x15151515,0x15151515,0x15151515,0x15151515,0x15151515,0x15150B0B,0x15151515,
	0x15151515,0x2B0B470B,0x15151515,0x2B0B0B15,0x15151515,0x472B4715,0x0B150B0B,0x472B470B,
	0x15151515,0x47150B47,0x15151515,0x0B0B1515,0x15151515,0x0B470B15,0x15151515,0x0B0B1515,
	0x0B0B2B2B,0x470B0B0B,0x0B0B0B0B,0x0B2B470B,0x47474747,0x2B0B1515,0x4747472B,0x2B2B0B47,
	0x150B150B,0x2B240B15,0x1515150B,0x0B0B0B15,0x15150B47,0x0B0B0B15,0x240B1515,0x0B150B15,

	0x2B0B4747,0x2B2B2B2B,0x2B474715,0x2B2B2B2B,0x2B2B2B47,0x470B2B47,0x2B2B0B2B,0x47470B47,
	0x2B2B0B0B,0x150B0B2B,0x470B0B0B,0x0B47472B,0x470B240B,0x0B0B0B47,0x0B0B0B0B,0x15151515,
	0x2B2B2B2B,0x2B2B2B2B,0x0B0B2B2B,0x2B2B2B47,0x150B2B47,0x470B1547,0x0B0B0B0B,0x19474715,
	0x0B151515,0x15154747,0x15151515,0x15151515,0x0B0B150B,0x15151515,0x0B151515,0x15151515,
	0x2B47152B,0x0B472B47,0x47470B47,0x0B2B2B47,0x47194747,0x0B0B2B0B,0x47191947,0x2B0B0B47,
	0x15151515,0x0B0B0B47,0x15151515,0x150B0B0B,0x0B0B0B0B,0x150B1515,0x15151515,0x150B1515,
	0x150B4747,0x0B150B0B,0x150B4715,0x15151515,0x0B0B0B0B,0x15150B15,0x0B47470B,0x1515150B,
	0x15150B0B,0x15151515,0x15151515,0x15151515,0x15151515,0x15151515,0x15151515,0x15151515,

	0x150B0B47,0x150B0B0B,0x150B0B0B,0x15151515,0x15150B15,0x15150B15,0x15150B15,0x0B151515,
	0x15151515,0x0B0B150B,0x15151515,0x15151515,0x15151515,0x15150B15,0x15151515,0x1515150B,
	0x15151515,0x0B0B150B,0x1515150B,0x0B0B1515,0x1515150B,0x1515150B,0x15150B0B,0x15151515,
	0x150B1515,0x15151515,0x1515150B,0x15151515,0x0B15150B,0x15151515,0x15151515,0x15151515,
	0x15151515,0x15151515,0x15151515,0x15151515,0x15151515,0x15151515,0x15151515,0x15151515,
	0x15151515,0x15151515,0x15151515,0x15151515,0x15151515,0x15151515,0x15151515,0x15150B0B,
	0x15151515,0x15151515,0x15163D15,0x15151515,0x15053D15,0x15151515,0x15151515,0x15151515,
	0x15151515,0x15151515,0x15151515,0x15151515,0x15151515,0x15151515,0x15151515,0x15151515,

	0x15151515,0x15151515,0x150D153D,0x150D1515,0x15151515,0x15151515,0x15151515,0x1515050D,
	0x15151515,0x15151515,0x15151515,0x15151515,0x15151515,0x15150D15,0x15151515,0x15151615,
	0x15154615,0x15151515,0x15151515,0x15151515,0x153D3D15,0x1515153D,0x15051515,0x15153D15,
	0x3D15150D,0x15151515,0x15151516,0x15151515,0x15151515,0x15151515,0x15151515,0x15151515,
	0x0D151515,0x0D151517,0x17151515,0x0D151516,0x15151515,0x6E151517,0x15151515,0x0D0D1517,
	0x15151515,0x153D1516,0x15151515,0x163D1516,0x15151515,0x15051515,0x16151515,0x3D151515,
	0x0D0D150D,0x15161716,0x16161515,0x16161616,0x16161615,0x1616163D,0x16161515,0x3D161646,
	0x16163D15,0x163D1616,0x16161616,0x163D1616,0x16161616,0x16163D16,0x16161646,0x16161616,

	0x16161616,0x16161616,0x16161616,0x16161616,0x16161616,0x36161616,0x16161616,0x5E161616,
	0x16161616,0x1F1F1616,0x16161616,0x1F1F1F16,0x16161616,0x36361F16,0x16161616,0x5E1F5E16,
	0x36361F5E,0x36363636,0x3636361F,0x36363636,0x3636365E,0x36363636,0x365E361F,0x36363636,
	0x36363636,0x36363636,0x361F3636,0x36363636,0x361F3636,0x36363636,0x36361F36,0x36363636,
	0x74363636,0x524B2F83,0x85363636,0x52482F83,0x36363636,0x52482F81,0x36363636,0x39482F81,
	0x36363636,0x39482F81,0x36363636,0x39486B81,0x85363636,0x39AA6B83,0x30363636,0x95AA8F84,
	0x8F6D7C4A,0x023E0202,0x4C48064A,0x6D62296D,0x4C48064A,0x6B8F6B50,0x4C48064A,0x6B48136D,
	0x13480648,0x486B136D,0x13370648,0x45454C6F,0x45790648,0x32324A57,0x2F48066F,0x45454523,

	0x312F6D3E,0x4A6F0648,0x319B5002,0x4A4B0648,0x4A4C6F02,0xAA4B0631,0x31136F26,0x4A4B0648,
	0x483E2F4A,0x4A4B0648,0x48573E45,0x6F500631,0x266B8F4A,0xAA50064A,0x4C454502,0x486D064A,
	0x4C23504A,0x38384B6F,0x3E45504A,0x4C4C2F2F,0x02455048,0x235858B3,0x13114B48,0x132F4C4C,
	0x13234B48,0x3E2F2F2F,0x13235079,0x48022F2F,0x13234B48,0x482F452F,0x3E234848,0x13386B45,
	0x4850504B,0x6B064A4A,0x2F574C13,0x2F454513,0x58235858,0x2F454C45,0x2F4C133E,0x6B456B2F,
	0x2F132650,0x6B02262F,0x132F6252,0x6B3E6B2F,0x2F29482F,0x6B3E262F,0x6DAA0245,0x2F132F6B,
	0x836B3C39,0x16161614,0x836B8239,0x16161616,0x836B8239,0x16161614,0x832F1A39,0x16161616,
	0x832F7039,0x16161616,0x832F996D,0x16161614,0x81571E6D,0x16161614,0x8C2F806D,0x16160D30,

	0x16161616,0x16161616,0x16161616,0x16161616,0x16161616,0x16161616,0x16161616,0x16161616,
	0x16161616,0x16161616,0x16161616,0x16161616,0x16161616,0x16161616,0x16161616,0x16161616,
	0x162D1616,0x16161616,0x16161616,0x16161616,0x16161616,0x16161616,0x16161616,0x163D1616,
	0x16161616,0x16161616,0x16161616,0x16161616,0x16161616,0x16161616,0x7E161616,0x1616167E,
	0x46161616,0x15153D15,0x3D161616,0x46151515,0x46161616,0x3D15153D,0x3D167E2D,0x3D151515,
	0x163D1616,0x15151515,0x15164616,0x153D1615,0x16161605,0x153D4615,0x3D161616,0x46461646,
	0x1515153D,0x15151515,0x3D3D153D,0x0B151515,0x1515153D,0x15151515,0x1515153D,0x15151515,
	0x15153D15,0x15151515,0x15153D46,0x15151515,0x1515153D,0x15151515,0x15153D3D,0x15151515,

	0x150B0B0B,0x15151515,0x150B0B15,0x15150B15,0x15152415,0x15151515,0x15151515,0x150B150B,
	0x1515150B,0x1515150B,0x150B1515,0x15151515,0x150B1515,0x15151515,0x15151515,0x15151515,
	0x15151515,0x0B151515,0x0B15150B,0x0B151515,0x0B0B1515,0x15151515,0x0B151515,0x15151515,
	0x15151515,0x0B0B1515,0x15151515,0x24240B15,0x15151515,0x240B0B15,0x15151515,0x240B0B0B,
	0x150B0B0B,0x0B0B0B15,0x0B0B4747,0x0B150B0B,0x0B240B15,0x0B0B2B2B,0x0B240B0B,0x0B242B24,
	0x0B0B0B0B,0x0B24240B,0x0B0B2B24,0x0B2B240B,0x0B0B0B24,0x242B470B,0x0B0B0B24,0x2424240B,
	0x0B0B0B0B,0x1515150B,0x0B0B0B0B,0x15151515,0x15150B15,0x15150B0B,0x15150B0B,0x0B0B1515,
	0x0B0B0B0B,0x15151515,0x2B2B0B0B,0x0B0B0B0B,0x242B2424,0x0B0B0B24,0x0B242424,0x0B242424,

	0x15151515,0x0B151515,0x1515150B,0x0B0B0B0B,0x0B150B15,0x0B0B150B,0x0B0B0B15,0x2B0B0B0B,
	0x0B0B0B15,0x2424240B,0x0B0B0B0B,0x242B2B2B,0x242B0B0B,0x2B242447,0x2B242B24,0x2B2B2424,
	0x150B470B,0x15151515,0x0B472B24,0x15151515,0x0B2B2B24,0x15151515,0x0B2B2B2B,0x15151515,
	0x2B242424,0x1515150B,0x2B2B2B24,0x1515150B,0x0B2B2B2B,0x1515150B,0x2B2B2B2B,0x15150B0B,
	0x15151515,0x0B151515,0x15151515,0x150B0B0B,0x0B151515,0x0B0B150B,0x15151515,0x15151515,
	0x15151515,0x15150B15,0x15151515,0x15151515,0x15151515,0x15151515,0x15151515,0x15151515,
	0x0B0B0B0B,0x0B0B0B15,0x1515150B,0x0B0B0B15,0x150B1515,0x240B1515,0x15151515,0x0B0B1515,
	0x15151515,0x15151515,0x15151515,0x0B151515,0x15151515,0x0B151515,0x15151515,0x15151515,

	0x0B0B150B,0x15151515,0x0B0B0B15,0x15151515,0x0B0B1515,0x15151515,0x1515150B,0x15151515,
	0x15151515,0x15151515,0x240B150B,0x15151515,0x1515150B,0x15151515,0x15151515,0x15151515,
	0x15151515,0x1515150B,0x15151515,0x0B151515,0x15151515,0x15151515,0x15151515,0x15151515,
	0x15151515,0x15151515,0x15151515,0x15151515,0x15151515,0x15151515,0x15151515,0x15151515,
	0x15151515,0x15151515,0x15151515,0x15151515,0x15150B15,0x15151515,0x15151515,0x15151515,
	0x15151515,0x15151515,0x150B1515,0x0B0B1515,0x1515150B,0x15151515,0x15151515,0x15151515,
	0x15151515,0x15151515,0x15151515,0x15151515,0x15151515,0x15150B15,0x150B0B0B,0x0B150B0B,
	0x0B241515,0x0B0B0B15,0x0B0B0B0B,0x150B1515,0x15150B0B,0x0B0B0B15,0x0B151515,0x0B15150B,

	0x15151515,0x15151515,0x15150B15,0x150B1515,0x0B0B1515,0x0B0B0B15,0x0B0B1515,0x150B0B0B,
	0x0B0B0B0B,0x150B0B0B,0x0B0B470B,0x150B0B0B,0x0B0B0B0B,0x0B0B0B0B,0x0B0B0B0B,0x0B0B0B0B,
	0x15151515,0x150B1515,0x15151515,0x15150B0B,0x0B151515,0x0B150B0B,0x0B150B15,0x0B150B0B,
	0x24150B0B,0x1515150B,0x0B0B0B0B,0x24240B0B,0x0B0B0B0B,0x0B0B0B0B,0x0B0B0B0B,0x2B24240B,
	0x15151515,0x15151515,0x15151515,0x15151515,0x15151515,0x0B151515,0x150B0B15,0x0B15150B,
	0x0B0B0B15,0x0B0B150B,0x0B0B0B24,0x0B0B0B0B,0x0B0B2424,0x0B0B0B0B,0x24242424,0x0B0B0B0B,
	0x15151515,0x160D1615,0x15151515,0x15151515,0x1515150B,0x163D1515,0x0B151515,0x15151515,
	0x0B0B150B,0x15150B15,0x0B0B0B0B,0x15150B0B,0x150B0B0B,0x1515150B,0x0B0B240B,0x150B0B0B,

	0x15151515,0x0D151515,0x1515153D,0x15151515,0x15151516,0x15151515,0x15151515,0x3D151515,
	0x1515153D,0x15151515,0x15151515,0x15151515,0x15151515,0x15151515,0x15151515,0x15151515,
	0x15151515,0x3D150515,0x15151515,0x16151515,0x15151515,0x15461515,0x15151515,0x3D151515,
	0x15151515,0x15151515,0x15151515,0x3D151515,0x15151515,0x163D1505,0x3D151515,0x3D3D153D,
	0x1616163D,0x16161616,0x16161616,0x16161616,0x16161616,0x16161616,0x16163D3D,0x16161616,
	0x1616163D,0x16161616,0x16463D05,0x16161616,0x163D4616,0x16161646,0x153D1616,0x1616163D,
	0x16161616,0x1F161F16,0x16161616,0x36161616,0x16161616,0x362D1616,0x16051616,0x36161616,
	0x16161616,0x16161616,0x16161616,0x162D5E16,0x16161616,0x16161616,0x16161616,0x16161616,

	0x36361F36,0x36363636,0x361F3636,0x36363636,0x36361636,0x36363636,0x36161636,0x365E3636,
	0x16161616,0x36165E16,0x16161616,0x5E161616,0x5E161616,0x162D5E1F,0x16161616,0x1636362D,
	0x85363636,0x52488F83,0x85363636,0x52486B81,0x85363636,0x52486B83,0x74363636,0x4E316B98,
	0x74363636,0x6D482F98,0x36361636,0x6D802F66,0x36361717,0x6D4B2F66,0x36361616,0x6D4A2F66,
	0x4826236F,0x4B50506F,0x13024548,0x4C572F2F,0x022F0248,0x58582345,0x2F2F3E4A,0x134C2F2F,
	0x2F2F3E32,0x6D26572F,0x2F2F3E32,0x8C622F2F,0x2F263E26,0x8F50292F,0x2F6B3E32,0x3E13376D,
	0x484B4B4B,0x5050062F,0x4C4C4C4C,0x504B233E,0x23232323,0x794B2345,0x134C5713,0x6F4B2313,
	0x2F2F2813,0x6F4B2313,0x2F2F1350,0x6F4B2313,0x2F3E4A29,0x6F4B2313,0x02AA502F,0x504B2313,

	0x23234B48,0x3E2F296B,0x4C064B79,0x6F3E6B50,0x6F454B48,0x486F452F,0x2F3E3732,0x024A4A44,
	0x4C3E374A,0x026B4A45,0x483E4B31,0x2F48139B,0x2F453731,0x483E4C48,0xB345374A,0x3E3E4A2F,
	0x483E4A50,0x2F456B6D,0x134A296F,0x573E6D6F,0x26396B3E,0x57484B02,0x502F3E2F,0x57323E13,
	0x4A3E136B,0x4C323E4C,0x6B483E02,0x4C4A5045,0x45324A57,0x57454B48,0x26454A79,0x2F231348,
	0x8D2F8050,0x16160D66,0x9457806D,0x16161636,0x942F556D,0x16161685,0x986B6739,0x14141485,
	0x832F6739,0x1616161F,0x906B676D,0x1616161F,0x832F5050,0x1616161F,0x832F1E62,0x1414141F,
	0x16161616,0x7E2D1616,0x16161616,0x16161616,0x16141414,0x16161616,0x14141414,0x16161414,
	0x16141416,0x2D361416,0x14141416,0x2D361414,0x14141416,0x2D161614,0x16161414,0x167E1416,

	0x1616167E,0x16161616,0x16161616,0x167E1616,0x16161616,0x162D163D,0x16362D16,0x1F1F1616,
	0x16167E7E,0x36161616,0x2D2D362D,0x1F1F362D,0x2D2D3636,0x1F1F362D,0x2D2D2D36,0x1F167E2D,
	0x16463D16,0x16161616,0x16461616,0x167E1646,0x16161616,0x16161616,0x162D2D16,0x16161616,
	0x1616165E,0x16161616,0x16161616,0x16161616,0x16162D16,0x16161616,0x16162D36,0x46161616,
	0x153D4616,0x15151515,0x15153D16,0x15151515,0x16161616,0x15153D3D,0x3D161616,0x15153D3D,
	0x16161616,0x15163D16,0x16161616,0x4616153D,0x46461616,0x1616153D,0x463D3D46,0x463D163D,
	0x153D1515,0x15151515,0x15151515,0x15151515,0x15153D15,0x15151515,0x15151515,0x15151515,
	0x15151515,0x15151515,0x15151515,0x15151515,0x15151515,0x15151515,0x15151516,0x15151515,

	0x15151515,0x150B1515,0x15151515,0x0B151515,0x0B151515,0x15151515,0x15151515,0x0B0B1515,
	0x15151515,0x15151515,0x15151515,0x15151515,0x15151515,0x15151515,0x15151515,0x15151515,
	0x0B0B240B,0x242B240B,0x240B0B0B,0x24242424,0x0B0B0B0B,0x2424242B,0x240B0B0B,0x24242424,
	0x0B0B0B15,0x0B0B0B0B,0x24181515,0x240B0B24,0x15150B15,0x0B0B0B0B,0x15151515,0x0B151515,
	0x24242424,0x2B0B240B,0x2424240B,0x240B0B0B,0x0B24240B,0x0B0B0B0B,0x24242424,0x0B0B0B0B,
	0x0B15242B,0x0B0B0B24,0x150B0B24,0x0B0B1524,0x0B0B0B0B,0x150B0B0B,0x0B0B240B,0x0B0B0B15,
	0x2B240B2B,0x2B2B2B24,0x24242424,0x24242B2B,0x24242424,0x2B0B0B0B,0x242B2424,0x0B0B0B0B,
	0x0B0B0B0B,0x150B1547,0x150B0B0B,0x0B0B150B,0x150B0B0B,0x150B150B,0x0B0B0B0B,0x1515150B,

	0x2B2B2B2B,0x1515150B,0x0B2B2B2B,0x1515150B,0x150B0B24,0x1515150B,0x0B0B0B24,0x15151515,
	0x0B0B0B0B,0x15151515,0x15151515,0x15151515,0x15151515,0x15151515,0x15151515,0x15151515,
	0x15151515,0x15151515,0x15151515,0x15151515,0x15151515,0x15151515,0x15151515,0x15151515,
	0x15151515,0x15151515,0x15151515,0x15151515,0x15150D15,0x15151515,0x150D1515,0x15151515,
	0x15151515,0x15151515,0x15151515,0x15151515,0x15151515,0x15151515,0x150D1515,0x15151515,
	0x15151515,0x15151515,0x15151515,0x15151515,0x0D151515,0x150D1515,0x15150D15,0x15151515,
	0x15151515,0x15151515,0x15151515,0x15151515,0x15151515,0x15151515,0x15151515,0x0B151515,
	0x15151515,0x24151515,0x15151515,0x0B151515,0x15151515,0x15151515,0x15151515,0x0B151515,

	0x0B0B1515,0x0B0B0B24,0x0B150B0B,0x0B0B0B24,0x240B0B0B,0x24242424,0x0B0B0B0B,0x24240B24,
	0x0B0B0B0B,0x2424242B,0x0B0B0B0B,0x24242424,0x0B24240B,0x0B242424,0x0B0B0B0B,0x0B0B0B0B,
	0x240B0B0B,0x0B0B0B0B,0x240B0B0B,0x0B470B0B,0x0B0B470B,0x240B470B,0x0B0B4724,0x2B470B0B,
	0x2B242424,0x242B0B0B,0x24242424,0x242B0B0B,0x24242424,0x24240B0B,0x0B0B0B24,0x0B0B0B0B,
	0x0B0B0B0B,0x24242424,0x0B0B0B0B,0x2424240B,0x0B0B0B0B,0x24240B0B,0x470B0B0B,0x24240B0B,
	0x242B2B2B,0x2B2B2424,0x240B2B24,0x2424240B,0x0B242424,0x24242424,0x0B242424,0x24242424,
	0x0B242424,0x240B0B0B,0x0B242424,0x0B0B0B47,0x24242424,0x24240B24,0x24242424,0x24242424,
	0x0B2B2424,0x24242424,0x24242424,0x24242424,0x24242424,0x0B242424,0x24242424,0x0B0B0B24,

	0x0B240B0B,0x0B0B0B0B,0x0B0B0B0B,0x0B470B15,0x0B0B0B24,0x150B0B0B,0x0B242424,0x150B0B0B,
	0x0B242424,0x0B0B0B0B,0x0B0B2424,0x0B0B0B0B,0x0B0B240B,0x0B0B0B0B,0x0B0B240B,0x0B0B0B0B,
	0x15151515,0x150B1515,0x15151515,0x15151515,0x15151515,0x15151515,0x15150B0B,0x15151515,
	0x15151524,0x15151515,0x1515150B,0x15151515,0x0B151515,0x15151515,0x15151515,0x15151515,
	0x15151515,0x46151515,0x15151515,0x46151515,0x15151515,0x46151515,0x15151515,0x16151515,
	0x15151515,0x3D3D153D,0x3D151515,0x053D153D,0x15151515,0x46051515,0x15151515,0x46161515,
	0x16151516,0x16161616,0x15163D46,0x16161616,0x1616463D,0x16161616,0x16461646,0x16161616,
	0x16161616,0x16161616,0x1616163D,0x16161616,0x1646463D,0x16461616,0x3D3D3D16,0x16464616,

	0x16161616,0x162D1616,0x16161616,0x16161616,0x16161616,0x16161616,0x16161616,0x1616165E,
	0x16161616,0x16161616,0x16161646,0x16161616,0x16161616,0x16165E16,0x16161616,0x16161616,
	0x16165E16,0x2D165E36,0x16161616,0x365E1616,0x3616165E,0x36361636,0x2D16165E,0x365E2D36,
	0x16362D5E,0x361F3636,0x16165E5E,0x36363636,0x16163616,0x36361F36,0x36161616,0x36361636,
	0x36361F16,0x294A2F66,0x36361F36,0x52626B66,0x3636361F,0x523CB166,0x36363636,0x3934B153,
	0x36363636,0x39346B84,0x36363636,0x3970B153,0x36361F36,0x3934B11B,0x74363636,0x393C6BA0,
	0x6D2F4532,0x40261350,0x50554532,0x4855482F,0x3E62486B,0x3E26526B,0x3E573226,0x2F3E2F50,
	0x4C572626,0x2F3E3E31,0x4C624A6B,0x453E482F,0x506F026B,0x574A2F02,0x48022326,0x4B32454A,

	0xAA6D2F13,0x6F4B2345,0x502F1350,0x9350066B,0x4C4579AA,0x294B3E6F,0x58486B02,0x934B3E2F,
	0x454A573E,0x6F793E3E,0x4C4C482F,0x6F483E48,0x6F135779,0x6F6F116B,0x6BAA452A,0x6F6F2345,
	0x02024831,0x3E322F45,0x13454A32,0x482F233E,0x13453232,0x6B44454C,0x13453232,0xB3451313,
	0x3E452626,0x453E3E3E,0x2F58266B,0x13026F50,0x4C23266B,0x283E6F4A,0x4C234A26,0x2F3E6F4A,
	0x4A260245,0x2F134545,0x454A4A57,0x2F132F45,0x453E6F6F,0x2F3E2F57,0x5745136B,0x573E2F2F,
	0x2F2F4545,0x4C3E2F2F,0x2F6B573E,0x2A3E2F2F,0x6B6B6B28,0x2A3E6B2F,0x3E3E3E2F,0x4C063E3E,
	0x8C2F7052,0x14141474,0xAD137062,0x0A1436A0,0x893E5955,0x0A14308C,0x94571E55,0x1414366C,
	0x892F1E55,0x14141F94,0x414C1E6D,0x0A361430,0x982F5950,0x36360A36,0x812F1E50,0x36363636,

	0x1616160A,0x7E161616,0x1614140A,0x36161616,0x1614140A,0x167E1616,0x1414360A,0x16361614,
	0x0A0A3636,0x2D36140A,0x0A36360A,0x7E16140A,0x36363636,0x3636140A,0x0A363636,0x36850A0A,
	0x2D2D2D36,0x36162D2D,0x2D7E2D36,0x360A367E,0x2D7E2D7E,0x3636362D,0x7E7E167E,0x1F1F1616,
	0x3636162D,0x362D2D7E,0x36362D2D,0x362D2D36,0x36367E2D,0x2D363636,0x2D36360A,0x1636362D,
	0x167E1614,0x16161616,0x1616160A,0x16161616,0x1616160A,0x167E1616,0x16362D16,0x16167E16,
	0x162D1616,0x16161616,0x16162D36,0x7E161616,0x162D2D16,0x36161616,0x16167E16,0x167E7E16,
	0x3D15163D,0x463D463D,0x16161615,0x46161605,0x1616163D,0x153D4616,0x16161616,0x46464616,
	0x7E161616,0x3D161616,0x162D7E16,0x3D3D1616,0x7E7E167E,0x7E161616,0x7E161616,0x16161616,

	0x15151515,0x15151515,0x1515153D,0x15151515,0x15153D16,0x15151515,0x3D3D3D15,0x15151515,
	0x3D3D463D,0x153D1515,0x4616463D,0x3D3D3D15,0x463D3D16,0x3D153D3D,0x16161616,0x3D3D1515,
	0x15151515,0x15151515,0x15151515,0x15151515,0x15151515,0x15151515,0x15151515,0x15151515,
	0x15151515,0x15151515,0x0D151515,0x15151515,0x153D153D,0x15151515,0x3D3D3D3D,0x15151515,
	0x15151515,0x0B0B0B15,0x15151515,0x15150B0B,0x15151515,0x15151515,0x15151515,0x15151515,
	0x15151515,0x15151515,0x15151515,0x15151515,0x15151515,0x15151515,0x15151515,0x15151515,
	0x0B0B0B24,0x15150B0B,0x0B0B1515,0x150B1515,0x15151515,0x0B0B1515,0x15151515,0x150B1515,
	0x15151515,0x15151515,0x15151515,0x15151515,0x15151515,0x15151515,0x15151515,0x15151515,

	0x0B240B0B,0x15151515,0x0B0B1515,0x15151515,0x15151515,0x15151515,0x15150B0B,0x15151515,
	0x1515150B,0x15151515,0x15151515,0x15151515,0x15151515,0x15151515,0x15151515,0x15051515,
	0x15151515,0x15151515,0x15151515,0x15151515,0x0D151515,0x15151515,0x15151515,0x15151515,
	0x15151515,0x150D1515,0x15151515,0x15151515,0x15151515,0x15151515,0x15151515,0x15151515,
	0x15151515,0x15151515,0x150D1515,0x15151515,0x15151515,0x15150D15,0x15151515,0x15151515,
	0x15151515,0x15151515,0x15151515,0x3D151515,0x15151515,0x15151515,0x15151515,0x15151515,
	0x15151515,0x15151515,0x15151515,0x15151515,0x15150D15,0x15151515,0x150D0D15,0x15151515,
	0x150D1515,0x15151515,0x15151515,0x15151515,0x15150D15,0x15151515,0x150D0D15,0x15151515,

	0x15151515,0x1515150D,0x15150515,0x15151515,0x1515050D,0x15151515,0x15151515,0x15150D15,
	0x3D151515,0x15151515,0x15151515,0x15151515,0x15151515,0x15151515,0x0D151515,0x15151515,
	0x15151515,0x15151515,0x15151505,0x15151515,0x15151515,0x15151515,0x150D1515,0x15151515,
	0x15151515,0x15151515,0x15151515,0x15151515,0x15151515,0x15151515,0x15151515,0x15151515,
	0x15151515,0x0B151515,0x15151515,0x0B151515,0x15151515,0x0B151515,0x15151515,0x15151515,
	0x15151515,0x15151515,0x15151515,0x15151515,0x15151515,0x15151515,0x15151515,0x15151515,
	0x0B0B0B0B,0x240B0B0B,0x0B0B0B0B,0x0B0B0B24,0x0B0B1515,0x0B0B0B24,0x0B0B1515,0x0B0B240B,
	0x0B0B1515,0x0B0B0B0B,0x0B151515,0x0B0B0B0B,0x0B0B240B,0x0B0B0B0B,0x0B0B0B15,0x0B0B0B0B,

	0x24242424,0x240B2424,0x240B0B0B,0x24240B24,0x24240B0B,0x24242424,0x2424240B,0x240B2424,
	0x0B240B0B,0x240B0B0B,0x0B240B0B,0x240B0B0B,0x240B0B0B,0x0B240B0B,0x0B0B0B0B,0x0B0B0B0B,
	0x24240B24,0x24240B24,0x24240B24,0x24242424,0x24242424,0x0B242424,0x24242424,0x24242424,
	0x240B0B24,0x2424240B,0x24240B0B,0x0B0B0B0B,0x0B24240B,0x0B0B0B0B,0x0B0B0B0B,0x0B0B0B0B,
	0x24242424,0x0B242424,0x24242424,0x0B242424,0x24242424,0x24242424,0x2424240B,0x0B0B2424,
	0x24240B0B,0x0B0B0B0B,0x24240B24,0x0B0B0B0B,0x0B24240B,0x0B0B0B0B,0x0B240B0B,0x0B0B0B0B,
	0x0B0B0B0B,0x0B0B0B0B,0x0B0B2424,0x0B0B0B0B,0x0B0B2424,0x150B0B0B,0x0B0B240B,0x0B0B0B0B,
	0x0B0B0B0B,0x0B0B0B0B,0x0B0B0B0B,0x150B0B0B,0x0B0B0B0B,0x150B0B0B,0x0B0B0B0B,0x150B0B0B,

	0x1515150B,0x15151515,0x15151515,0x15151515,0x15151515,0x15151515,0x1515150B,0x15151515,
	0x15151515,0x15151515,0x150B1515,0x15151515,0x15151515,0x15151515,0x15151515,0x15151515,
	0x15151515,0x05160515,0x1515153D,0x163D1515,0x3D153D3D,0x163D053D,0x15151515,0x3D153D3D,
	0x3D151515,0x3D15153D,0x15151515,0x463D1515,0x153D1515,0x1616053D,0x15151515,0x16051515,
	0x15153D3D,0x16161616,0x3D3D3D46,0x1616163D,0x3D3D3D16,0x16163D46,0x16463D3D,0x16161616,
	0x1616053D,0x16161616,0x16163D46,0x163D4616,0x16161616,0x16161616,0x16163D15,0x163D1616,
	0x16161616,0x16161616,0x16161616,0x16161616,0x16161616,0x16161616,0x16161616,0x16161616,
	0x16161616,0x16161616,0x16161616,0x16161616,0x16160505,0x16161616,0x16161616,0x16161616,

	0x2D161616,0x36361636,0x16161616,0x1F161616,0x16161616,0x36363616,0x16161616,0x36363616,
	0x5E161616,0x36165E36,0x5E161616,0x36165E1F,0x1F161616,0x362D1F5E,0x1F16165E,0x36363636,
	0x741F3636,0x677F6B49,0x66363636,0x52506B20,0x30363636,0x6206099F,0x36363636,0x67B92F66,
	0x36363636,0x67672F66,0x36363636,0x6D311384,0x36363636,0x396F0984,0x36363636,0x396D2F84,
	0x45023E26,0x353E4A4A,0x4557026B,0x6B6F4845,0x2F57452F,0x50480245,0x2F2F4557,0x4A13452F,
	0x2F2F4557,0x45022F2F,0x2F28452F,0x3E2F2F2F,0x2F2F0226,0x2F6B2F2F,0x3E02234A,0x2F3E3E3E,
	0x456B4A3E,0x4848453E,0x3E456B48,0x4A4A452F,0x2F02454A,0x4A32452F,0x2F2F0202,0x4A32452F,
	0x13135702,0x4A324513,0x506F3E2F,0x4A322326,0xAA6F3E2F,0x4A32234C,0x48483E2F,0x4A4A064C,

	0x4C234A26,0x57026F48,0x4C234A26,0x2F3EAA48,0x4C23316B,0x13454A37,0x4C233126,0x4C4A3137,
	0x4C064826,0x57793137,0x4C06316B,0x3E324A48,0x4C064826,0x58452F31,0x57064826,0x3E452F48,
	0x79792F3E,0x4C574B37,0x6B262F45,0x4C4A486B,0x134C4C3E,0x4C324A2F,0x353E2A3E,0x4C323157,
	0x3527133E,0x4C2F3157,0x3E2F2F3E,0x4C643757,0x3E2F2F3E,0x4C2C372F,0x3E2F2F13,0x132C372F,
	0x819B804B,0x36363685,0x819B504B,0x36363636,0x814C4B4B,0x36363636,0x7B9B4B4B,0x36363036,
	0x7B9B4B4B,0x85363036,0x7B2F4B4B,0x36853036,0x819B4B4B,0x74363036,0x81134B6F,0x74853036,
	0x36363636,0x36360A0A,0x36363636,0x36363636,0x36363636,0x85363636,0x36363636,0x74303636,
	0x36363685,0x74303636,0x36363636,0x36363636,0x36363674,0x85363636,0x36363074,0x85743636,

	0x36363636,0x162D362D,0x36363636,0x162D362D,0x36363636,0x362D3636,0x36363685,0x36363636,
	0x36363674,0x36363636,0x36363636,0x36360A36,0x85858536,0x36363636,0x85368585,0x36363685,
	0x7E161616,0x1636367E,0x16161616,0x167E7E7E,0x1616167E,0x16163636,0x7E7E167E,0x36363636,
	0x367E1616,0x36363636,0x3636167E,0x362D3636,0x36363636,0x36363636,0x36363636,0x36363636,
	0x16167E16,0x16161616,0x36363636,0x7E161616,0x16363636,0x16161616,0x16367E2D,0x1616162D,
	0x16363636,0x7E167E16,0x36363636,0x2D7E3636,0x36363636,0x162D3636,0x36363636,0x7E363636,
	0x16163D16,0x3D3D1515,0x15161616,0x3D151615,0x1616167E,0x3D3D1616,0x1616362D,0x3D161616,
	0x16363636,0x16051616,0x160A7E16,0x1605167E,0x16167E7E,0x16161616,0x16167E36,0x16161616,

	0x3D163D15,0x1515153D,0x3D153D3D,0x3D151515,0x3D3D1515,0x05151515,0x3D463D3D,0x3D3D3D15,
	0x3D463D46,0x3D3D1616,0x16163D16,0x3D3D3D3D,0x16161616,0x15150516,0x16161616,0x16051616,
	0x15151515,0x15150515,0x1515153D,0x15151515,0x0D15153D,0x15150D0D,0x3D15153D,0x1515150D,
	0x1515153D,0x15151515,0x15153D3D,0x15151515,0x053D3D3D,0x15153D15,0x153D3D3D,0x3D15153D,
	0x15151515,0x15150D15,0x15151515,0x15151515,0x15151515,0x15151515,0x0D151515,0x15151515,
	0x15151515,0x15153D3D,0x15151515,0x15151515,0x15151515,0x3D151515,0x153D3D3D,0x3D3D153D,
	0x15151515,0x150D1515,0x15151515,0x15150D15,0x15151515,0x0D151515,0x15151505,0x15151515,
	0x1515153D,0x15151515,0x15153D3D,0x153D1515,0x15151515,0x153D1515,0x3D3D3D3D,0x15153D3D,

	0x15151515,0x15151515,0x15151515,0x15151515,0x15151515,0x15151515,0x15151515,0x15151515,
	0x15151515,0x15151515,0x15151515,0x3D151515,0x15151515,0x3D3D1515,0x3D3D153D,0x3D3D153D,
	0x15151515,0x15151515,0x15151515,0x15150D15,0x15151515,0x15151515,0x15151515,0x15153D05,
	0x153D1515,0x3D153D15,0x153D3D15,0x3D3D3D3D,0x3D151515,0x053D3D3D,0x3D15153D,0x053D3D3D,
	0x15151515,0x15151515,0x15151515,0x15151515,0x15151515,0x15151515,0x15153D3D,0x15153D3D,
	0x1515153D,0x15153D3D,0x3D050D3D,0x3D3D3D05,0x0516163D,0x3D161616,0x16161605,0x16161605,
	0x15151515,0x15151515,0x15151515,0x15151515,0x15151515,0x15151515,0x3D151515,0x3D151515,
	0x15151515,0x15151515,0x053D3D15,0x3D053D3D,0x053D3D3D,0x05053D05,0x3D3D0505,0x16160505,

	0x15151515,0x1515150D,0x15151505,0x15151515,0x15150D15,0x15151515,0x15151515,0x15151515,
	0x15151515,0x15151515,0x3D3D1515,0x15153D15,0x3D3D3D05,0x15153D15,0x3D3D0516,0x3D3D053D,
	0x0D151515,0x15151515,0x15151515,0x15151515,0x15151515,0x15151515,0x15151515,0x15151515,
	0x15151515,0x15151515,0x153D1515,0x153D1515,0x3D3D3D3D,0x153D1515,0x3D3D1515,0x15151515,
	0x15151515,0x15151515,0x15151515,0x0B151515,0x15151515,0x15151515,0x15151515,0x0B151515,
	0x0B151515,0x15151515,0x0B151515,0x15151515,0x15151515,0x15151515,0x1515153D,0x15151515,
	0x0B0B0B0B,0x0B240B0B,0x0B15150B,0x0B0B0B0B,0x0B0B0B0B,0x0B0B0B0B,0x0B0B0B0B,0x0B0B0B0B,
	0x0B151515,0x0B0B150B,0x15151515,0x0B0B0B0B,0x15151515,0x0B150B15,0x15151515,0x0B151515,

	0x0B0B0B0B,0x0B0B0B0B,0x0B0B0B0B,0x0B0B0B0B,0x0B0B0B0B,0x0B0B0B0B,0x0B0B0B0B,0x0B0B0B0B,
	0x0B0B0B0B,0x0B0B0B0B,0x150B1515,0x0B0B0B0B,0x150B1515,0x15151515,0x15151515,0x150B1515,
	0x0B0B0B0B,0x0B0B0B0B,0x0B0B0B0B,0x0B0B0B0B,0x0B0B0B0B,0x0B0B0B0B,0x0B0B0B0B,0x0B0B0B0B,
	0x0B0B0B0B,0x0B0B0B0B,0x0B0B0B0B,0x0B0B0B0B,0x0B0B0B15,0x150B0B0B,0x0B0B0B15,0x150B0B15,
	0x0B0B0B0B,0x0B0B0B0B,0x240B0B0B,0x0B0B0B0B,0x0B0B0B0B,0x0B0B0B0B,0x0B0B0B0B,0x0B0B0B0B,
	0x0B0B0B0B,0x0B0B0B0B,0x0B0B0B0B,0x0B0B0B0B,0x15150B15,0x0B0B0B0B,0x1515150B,0x0B0B150B,
	0x0B0B0B0B,0x150B0B0B,0x0B0B0B0B,0x15150B0B,0x0B0B0B0B,0x1515150B,0x15150B0B,0x1515150B,
	0x0B0B0B0B,0x0B15150B,0x150B0B0B,0x1515150B,0x150B0B0B,0x153D1515,0x0B15150B,0x15151515,

	0x15151515,0x15151515,0x15151515,0x15151515,0x15151515,0x15151515,0x15151515,0x15151515,
	0x1515150B,0x15151515,0x15151515,0x3D3D1515,0x16151515,0x15153D16,0x3D151515,0x3D3D3D15,
	0x0D151515,0x16163D15,0x0D151515,0x16051615,0x153D1515,0x16053D15,0x3D151515,0x16161615,
	0x16151515,0x053D1616,0x163D0516,0x16161616,0x05051505,0x1605163D,0x3D053D3D,0x3D16163D,
	0x1616053D,0x16051616,0x16160516,0x16161616,0x16163D16,0x15161616,0x16161616,0x16161616,
	0x16161616,0x5E161616,0x16161616,0x14161616,0x16161616,0x1F161616,0x16161616,0x16163616,
	0x16161616,0x1616165E,0x16161616,0x16165E16,0x16161616,0x165E1616,0x16161616,0x165E1616,
	0x5E5E1616,0x16161616,0x16161616,0x14161616,0x1616165E,0x145E1616,0x0A14145E,0x0A0A0A0A,

	0x1F5E5E16,0x36363636,0x365E5E16,0x36363636,0x36161616,0x36363685,0x30161616,0x36363685,
	0x36360A7E,0x85852D36,0x36360A2D,0x36363636,0x3636141F,0x3636361F,0x7E363614,0x36363636,
	0x36363636,0x6D966B66,0x36363636,0x6DA76B66,0x36363636,0x6DA7B153,0x36363636,0x6D706B53,
	0x36363636,0x506D2F66,0x36853636,0x506D2884,0x36853636,0x5040287B,0x85853636,0x50402F7B,
	0x48794C2F,0x134A6F48,0x6B6F264C,0x3E266B6B,0x6BAA6B4C,0x3E57282F,0x2F482F4C,0x13573E3E,
	0x2F486B2F,0x3E133E45,0x2F482F2F,0x132F2F3E,0x2F482F57,0x5757573E,0x2F482F57,0x272F2F45,
	0x484A3E2F,0x4A31064C,0x484A3E2F,0x4A310657,0x48264513,0x4A31062F,0x484A6B3E,0x4A4A062F,
	0x3748373E,0x4A4A062F,0x37313245,0x264A062F,0x376B3E45,0x6B4A062F,0x372F454C,0x3232062F,

	0x4C064A2F,0x3E452C48,0x4C064A2F,0x3E3E3248,0x4C064A26,0x4B4B3148,0x4C064A6B,0x26263248,
	0x4C063126,0x45453237,0x4C06310F,0x45233237,0x4C064A2F,0x13454A48,0x4C064A32,0x13453748,
	0x45273E3E,0x136B372F,0x3E13133E,0x1332482F,0x504B4B4B,0x132F4A31,0x326B6B6B,0x4C2F3132,
	0x45454545,0x2F454545,0x45454545,0x2F453E3E,0x2A4C4C13,0x2F454C4C,0x2A4C1313,0x4C3E572A,
	0x81134B48,0x74747436,0x819B8048,0x74858585,0x819B8048,0x85307485,0x812F806F,0x30745330,
	0x982F804B,0x74305374,0x412F804B,0x85303066,0x982F806F,0x74747466,0x414C8048,0x74746666,
	0x36367474,0x36363636,0x36367430,0x85303636,0x36743085,0x30363636,0x36747474,0x30743636,
	0x85855353,0x36853636,0x36365330,0x85363636,0x85747474,0x36363636,0x74747474,0x36303636,

	0x36363685,0x36363636,0x36363636,0x36363636,0x3636364D,0x36363685,0x36364D4D,0x36363636,
	0x36364D30,0x36363630,0x36853630,0x36363636,0x36858536,0x36363636,0x85363636,0x85363685,
	0x36363636,0x36363636,0x36363636,0x36363636,0x36363636,0x36363636,0x36363636,0x36363636,
	0x36363636,0x36363636,0x36363636,0x36363636,0x36363636,0x36363636,0x36363636,0x36363636,
	0x36363636,0x3636367E,0x36363636,0x2D363636,0x36363636,0x36363636,0x36363636,0x36363636,
	0x36363636,0x36363636,0x36363636,0x36363636,0x36363636,0x36363636,0x36363636,0x362D3636,
	0x167E7E36,0x16161616,0x7E36362D,0x2D7E2D16,0x7E167E2D,0x2D2D1616,0x36162D2D,0x362D1636,
	0x362D2D36,0x2D36362D,0x36362D36,0x36363636,0x36362D36,0x7E7E3636,0x36363636,0x7E2D3636,

	0x16161616,0x3D3D3D16,0x16161616,0x3D3D0516,0x7E161616,0x163D1636,0x360A2D16,0x16057E7E,
	0x36367E16,0x1616162D,0x367E167E,0x167E7E7E,0x2D7E7E7E,0x367E367E,0x7E7E2D7E,0x362D7E7E,
	0x153D3D3D,0x3D3D3D15,0x053D153D,0x3D3D3D15,0x16160516,0x05161605,0x16161616,0x16161616,
	0x167E1616,0x16160516,0x167E1616,0x0516167E,0x2D16162D,0x1616162D,0x1616167E,0x05161616,
	0x3D3D3D3D,0x153D3D3D,0x3D3D3D3D,0x3D153D3D,0x3D05163D,0x3D153D3D,0x16161616,0x3D3D0505,
	0x16161616,0x05051616,0x16161616,0x16050516,0x16161616,0x16161605,0x16161616,0x16161616,
	0x15153D3D,0x3D3D3D3D,0x3D3D3D05,0x3D3D1616,0x3D05053D,0x163D0505,0x1616053D,0x16163D05,
	0x3D460516,0x4616163D,0x3D051616,0x16050505,0x16161616,0x16161616,0x16161616,0x16161616,

	0x15153D3D,0x3D3D153D,0x15153D3D,0x3D151515,0x3D3D0516,0x3D3D3D3D,0x05050505,0x3D050505,
	0x05050516,0x3D053D05,0x1616163D,0x16160516,0x05161616,0x16161616,0x1616167E,0x16161616,
	0x3D3D3D3D,0x3D3D3D05,0x05053D3D,0x16053D3D,0x3D3D3D3D,0x05160516,0x163D053D,0x16161616,
	0x1616163D,0x16161616,0x16160516,0x167E2D16,0x167E1616,0x2D161616,0x16161616,0x36161636,
	0x05161616,0x16161605,0x16161616,0x16161616,0x16161605,0x16161616,0x16161616,0x7E167E16,
	0x36161616,0x7E7E7E16,0x3636367E,0x7E0A7E36,0x0A7E367E,0x360A0A36,0x367E367E,0x0A7E7E0A,
	0x05051616,0x05050505,0x05161616,0x05050505,0x16161616,0x16160505,0x1616167E,0x16161616,
	0x16161616,0x7E161616,0x7E163616,0x16161616,0x167E1616,0x16161616,0x7E161636,0x1616167E,

	0x3D3D3D16,0x3D3D1605,0x05050516,0x3D3D3D3D,0x16161616,0x3D16053D,0x16161616,0x16160516,
	0x05161616,0x16161616,0x16161616,0x16161616,0x16161616,0x16161616,0x16161616,0x16161616,
	0x1515153D,0x1515153D,0x3D3D3D3D,0x1515153D,0x3D053D05,0x153D3D3D,0x463D1616,0x3D3D053D,
	0x1616053D,0x3D05053D,0x16161616,0x05051616,0x16161616,0x16161616,0x36161616,0x167E1616,
	0x15151515,0x15151515,0x153D1515,0x15151515,0x153D3D3D,0x153D153D,0x05053D05,0x15153D3D,
	0x3D053D3D,0x05151515,0x0505163D,0x163D3D16,0x16163D05,0x16160516,0x1616053D,0x46160505,
	0x15151515,0x15151515,0x15151515,0x15151515,0x15163D15,0x15150515,0x15151515,0x153D3D15,
	0x15151515,0x153D1515,0x15151515,0x153D3D3D,0x15151616,0x15153D3D,0x3D051616,0x153D3D16,

	0x3D151515,0x0B151515,0x150B1515,0x15151515,0x15151515,0x15151515,0x15151515,0x15151515,
	0x15153D3D,0x3D3D1515,0x15153D15,0x3D151515,0x3D153D05,0x3D050516,0x1615163D,0x15161616,
	0x15151515,0x0B0B0B15,0x1515153D,0x15151515,0x15151515,0x15151515,0x15151515,0x15151515,
	0x1515153D,0x15153D15,0x15153D3D,0x15151515,0x3D151516,0x15151505,0x15153D05,0x3D151515,
	0x0B0B0B0B,0x150B0B0B,0x15151515,0x1515150B,0x15151515,0x15151515,0x15151515,0x15151515,
	0x15153D3D,0x15151515,0x1515153D,0x15151515,0x3D151505,0x15153D16,0x15151515,0x3D3D3D3D,
	0x0B15150B,0x15151515,0x15151515,0x15151515,0x3D15153D,0x15151515,0x05151515,0x46161515,
	0x05151515,0x16161615,0x15151515,0x1616163D,0x16053D3D,0x16161616,0x16161615,0x16161616,

	0x15151515,0x05053D15,0x15151515,0x3D16153D,0x16151515,0x05161516,0x1605053D,0x16161605,
	0x16160515,0x3D161616,0x16161616,0x16161616,0x16161616,0x16161616,0x16161616,0x16161616,
	0x16050516,0x1616163D,0x16161605,0x16161616,0x16161605,0x16161616,0x36161616,0x7E161616,
	0x16161616,0x16161616,0x16161616,0x16163616,0x360A5E16,0x7E161616,0x1616365E,0x36161636,
	0x16161616,0x16141616,0x16161616,0x1614165E,0x167E7E16,0x160A1436,0x0A361616,0x0A7E0A7E,
	0x0A7E7E16,0x7E2D0A0A,0x7E0A367E,0x3636360A,0x2D0A362D,0x367E0A0A,0x2D36360A,0x3636360A,
	0x0A141414,0x7E0A0A0A,0x14161616,0x360A0A0A,0x14161616,0x360A0A0A,0x147E0A0A,0x367E3636,
	0x360A0A7E,0x36363636,0x36363636,0x36853685,0x36363636,0x85363685,0x36363636,0x36363636,

	0x3614367E,0x85363636,0x36163636,0x36363636,0x36363636,0x36363636,0x36363636,0x36853636,
	0x36363636,0x36857436,0x36858536,0x36363036,0x85303030,0x74858530,0x30363674,0x85743030,
	0x36363685,0x50402F84,0x36303636,0x50406B66,0x36853636,0x50406B66,0x85743685,0x5050097B,
	0x74748536,0x5050139F,0x81107436,0x504B2F63,0x7B743030,0x79503E63,0x833F6674,0x6F50029A,
	0x2F482F57,0x131313B3,0x26315757,0x0909133E,0x31324C57,0x50505050,0x32314C4C,0x32323232,
	0x4502456B,0x45454545,0x133E456B,0x45353E3E,0x574C452F,0x4C575757,0x1313454C,0x13271313,
	0x372F4513,0x6B32062F,0x37321309,0x6B32062F,0x48375050,0x6B4A062F,0x484A3226,0x264A062F,
	0x37324545,0x4A31062F,0x37322335,0x4831062F,0x484A454C,0x32320657,0x3748454C,0x32320657,

	0x4C234A26,0x02453748,0x4C063132,0x793E3148,0x4C233132,0x483E3248,0x57233131,0x4A3E3231,
	0x2F23314A,0x323E4A4A,0x2F23314A,0x26454A48,0x5706314A,0x2F452648,0x4C06314A,0x4C453148,
	0x023E3E3E,0x2A583E3E,0x50505050,0x3E574B4B,0x2F139B6B,0x3E324A26,0x4423443E,0x3E324A2F,
	0x06573E45,0x1332312A,0x58573E45,0x4C2F314C,0x58573E45,0x4C2F314C,0x58574C4C,0x4C2F484C,
	0x812F4F48,0x74747466,0x814C4B31,0x74536653,0x819B4F48,0x53536653,0x812F8037,0x66666666,
	0x812F806F,0x66663F66,0x412F556F,0x7B661B1B,0x2013556F,0x7B7B7B83,0x2013556F,0x7B7B837B,
	0x53745374,0x74743674,0x66536653,0x30743653,0x53666666,0x30747453,0x74666666,0x74746674,
	0x663F3F3F,0x74666666,0x663F3F1B,0x667B6666,0x66666666,0x7B7B7B1B,0x3F1B3F3F,0x1B1B7B7B,

	0x36363636,0x30363636,0x36363636,0x36858536,0x36363636,0x36363636,0x36303085,0x36363636,
	0x36535374,0x36363636,0x53665374,0x74747474,0x6630301B,0x66666666,0x7B7B7B7B,0x66666666,
	0x36363685,0x85363636,0x36363685,0x85363636,0x36363636,0x30537474,0x74747485,0x30307453,
	0x74537436,0x30743030,0x53664D36,0x30537474,0x74743074,0x30307430,0x30747466,0x74363630,
	0x36363636,0x36363636,0x36363636,0x36363636,0x36363636,0x36363636,0x36853636,0x36363036,
	0x36363630,0x36363685,0x4D363074,0x4D4D3030,0x36307430,0x36363685,0x36364D30,0x7E7E7E7E,
	0x36363636,0x36362D2D,0x36363636,0x36363636,0x36363636,0x36363636,0x36363636,0x36363636,
	0x36363636,0x36363636,0x36364D36,0x36363636,0x36363636,0x36363636,0x7E16167E,0x36367E7E,

	0x7E2D3636,0x367E2D2D,0x36363636,0x7E7E2D2D,0x36363636,0x7E2D3636,0x36363636,0x7E2D2D2D,
	0x3636362D,0x7E2D367E,0x7E2D3636,0x7E2D362D,0x2D7E7E2D,0x2D2D7E36,0x362D362D,0x4D363636,
	0x16161616,0x16161616,0x16167E7E,0x7E161616,0x7E161616,0x167E1616,0x16167E7E,0x1616167E,
	0x7E7E7E7E,0x16167E7E,0x7E7E7E7E,0x167E7E7E,0x362D3636,0x2D363636,0x30304D30,0x4D303030,
	0x16161616,0x16167E16,0x16163D16,0x16161616,0x16161616,0x167E167E,0x7E161616,0x167E7E16,
	0x36367E16,0x16167E7E,0x36362D7E,0x1616362D,0x2D7E362D,0x367E2D36,0x4D4D4D36,0x4D4D4D4D,
	0x1616167E,0x16161616,0x16161616,0x7E161616,0x16161616,0x7E7E1616,0x16161616,0x16162D16,
	0x16167E16,0x7E7E7E36,0x7E167E16,0x7E16167E,0x36362D36,0x7E7E2D36,0x4D4D4D4D,0x4D4D4D4D,

	0x3616167E,0x16167E7E,0x16161616,0x7E162D7E,0x7E7E7E16,0x7E167E7E,0x16161616,0x16167E16,
	0x167E167E,0x7E167E16,0x7E161616,0x3636367E,0x362D2D7E,0x364D367E,0x4D4D4D4D,0x4D4D4D4D,
	0x7E167E16,0x36360A2D,0x7E7E1616,0x360A367E,0x7E7E7E7E,0x36364D36,0x367E7E7E,0x3636364D,
	0x36362D36,0x364D3636,0x36363636,0x4D4D3636,0x4D4D4D4D,0x4D4D4D4D,0x4D4D4D4D,0x4D4D4D4D,
	0x36363636,0x7E7E3636,0x36363636,0x7E7E3636,0x36364D4D,0x36363636,0x36364D4D,0x4D36364D,
	0x36364D4D,0x364D4D36,0x36364D4D,0x4D364D36,0x4D4D4D4D,0x4D4D4D4D,0x4D4D4D4D,0x4D4D4D4D,
	0x2D363636,0x2D2D7E7E,0x7E163636,0x2D7E367E,0x7E7E1616,0x167E0A0A,0x7E363636,0x7E361616,
	0x36364D4D,0x36363636,0x364D4D4D,0x367E2D36,0x4D4D4D4D,0x36363636,0x4D4D4D4D,0x4D4D4D4D,

	0x167E1616,0x16161616,0x162D7E36,0x16161616,0x16163636,0x16161616,0x362D3636,0x2D7E1616,
	0x3636362D,0x7E2D7E7E,0x36363636,0x16162D36,0x4D4D4D36,0x2D363636,0x4D4D4D4D,0x4D4D4D4D,
	0x167E1616,0x1616167E,0x7E2D7E7E,0x16161616,0x16161616,0x16161616,0x167E7E16,0x7E161616,
	0x7E7E167E,0x2D36367E,0x7E7E2D16,0x3636367E,0x362D367E,0x3636362D,0x4D4D4D4D,0x4D4D4D4D,
	0x16160516,0x1616053D,0x16161616,0x16161616,0x16161616,0x3D161616,0x167E1616,0x05161616,
	0x16367E36,0x05161616,0x16363636,0x1605167E,0x16363636,0x7E7E7E36,0x4D4D4D4D,0x2D363636,
	0x3D161616,0x3D3D3D3D,0x05161605,0x4616463D,0x3D161616,0x16161616,0x16160516,0x16161616,
	0x1616163D,0x167E1616,0x16161616,0x167E1616,0x2D161616,0x7E7E7E7E,0x2D362D2D,0x2D363636,

	0x1646163D,0x16161616,0x16163D3D,0x16161616,0x46463D46,0x16161616,0x16161616,0x163D1646,
	0x167E2D16,0x7E161616,0x16161616,0x1616167E,0x7E367E2D,0x36367E7E,0x4D4D3636,0x4D4D4D36,
	0x3D161616,0x15153D15,0x1605163D,0x3D3D1605,0x16161616,0x16151616,0x05161616,0x16161616,
	0x7E161605,0x16161616,0x2D167E16,0x167E7E16,0x7E364D36,0x7E2D2D2D,0x30304D30,0x4D30304D,
	0x15161615,0x053D1646,0x16463D05,0x16164616,0x16161616,0x16161616,0x16161616,0x16161616,
	0x16161616,0x16161616,0x16161616,0x7E161616,0x36363636,0x36363636,0x74303030,0x30304D74,
	0x3D161616,0x16161616,0x16161616,0x16161616,0x16161616,0x16161616,0x16161616,0x167E1616,
	0x16161616,0x7E7E1616,0x7E7E7E7E,0x7E0A367E,0x4D363636,0x36363636,0x364D3074,0x36363636,

	0x16161616,0x16161616,0x7E161616,0x7E7E1616,0x7E2D367E,0x2D2D7E16,0x7E7E2D16,0x2D2D167E,
	0x2D2D7E16,0x2D2D7E7E,0x2D2D2D2D,0x36362D2D,0x36362D2D,0x36363636,0x36363636,0x3636364D,
	0x167E3616,0x36161616,0x362D2D16,0x2D367E16,0x2D2D2D2D,0x2D2D3636,0x2D2D2D2D,0x7E7E167E,
	0x2D2D2D2D,0x2D7E7E7E,0x2D7E2D2D,0x362D2D2D,0x36363636,0x36363636,0x4D747436,0x30304D4D,
	0x2D2D3636,0x36362D2D,0x7E2D2D2D,0x36363636,0x2D7E7E7E,0x36363636,0x2D7E0A7E,0x36362D2D,
	0x7E2D7E0A,0x30362D2D,0x2D2D2D36,0x36363636,0x3636360A,0x36363636,0x30304D36,0x74303630,
	0x36363636,0x362D3636,0x36363636,0x362D3636,0x36363636,0x85363636,0x36853636,0x36363036,
	0x36363636,0x30363036,0x36363036,0x74307474,0x36307436,0x74747474,0x74747430,0x7B667474,

	0x30363636,0x53747474,0x74303636,0x9E8E5374,0x74303036,0x68B73F74,0x30363685,0xA4A47753,
	0x74743074,0xA8A4A4A2,0xA62D3074,0xA4A4A4A4,0x1DB8661B,0xB2A4A4A8,0x7B616161,0xAEA41DB7,
	0x9F1B1B1B,0x6F40097A,0x1B7B7B61,0x4B6D0933,0x1B7B7B61,0x506D099F,0x7B7B5666,0x5038289F,
	0x7B616CA4,0x4B4A289F,0x9EB0A41D,0x38261341,0xAF1DB2AE,0x4B481341,0x337BA6B2,0x48311341,
	0x4545234C,0x3E3E0202,0x37374C2A,0x5050504B,0x32312F4C,0x2F4C3E2F,0x2F31329B,0x45060658,
	0x2F48322F,0x443E4C23,0x6B482F2F,0x443E5745,0x2F482F2F,0x45132F45,0x2F482F4C,0x4C572F45,
	0x3748443E,0x4A32062F,0x374A4C50,0x4A32062F,0x37324C48,0x4A32062F,0x37323E4A,0x3232232F,
	0x48323E32,0x4A32062F,0x4832452F,0x3132062F,0x4832452F,0x4A320657,0x484A454C,0x4A320657,

	0x2F23314A,0x57453148,0x2F06314A,0x3E234A48,0x2F06314A,0x2F2F3148,0x57064A4A,0x504B4A4A,
	0x4C064A32,0x2F2F2F32,0x45234A32,0x45454545,0x2F2F322F,0x572F2F2F,0x324A322F,0x78263232,
	0x58575757,0x4C2F482F,0x233E3E3E,0x4C2F482F,0x2F6B2626,0x3E574A26,0x506D1E55,0x3E574A48,
	0x32266B2F,0x354C3232,0x45454545,0x3E585845,0x2F6B2F2F,0x6B2F2F26,0x4848484A,0x4A4A4A48,
	0x203E406F,0x7B7B8383,0x953E5048,0x7B838383,0x9A3E4048,0x7B7B8341,0x123E5031,0x83839F20,
	0xAD3E5531,0x33410112,0xB602674A,0x12B6B607,0x132F554A,0x45021313,0x50624831,0x37373737,
	0x1B3F1B7B,0x7B7B7B7B,0x1B7B7B7B,0x7B7B7B7B,0x7B3F7B7B,0x7B7B7B7B,0x7B7B837B,0x837B817B,
	0x83616183,0x83209583,0x93121212,0x9A936F93,0x3E454545,0x134C3E3E,0x6A373137,0x4B4B4B4B,

	0x3F7B7B7B,0x5366663F,0x1B7B7B83,0x6666667B,0x7B1B7B83,0x663F7B7B,0x7B7B7B83,0x53661B7B,
	0x1B3F1B1B,0x01201B1B,0x95959501,0x04BB1289,0x2F090913,0x2F2F572F,0x55675537,0x1E555555,
	0x53747453,0x30743074,0x74745366,0x74747453,0x66535366,0x74747453,0x3F666653,0x03666666,
	0x66665361,0x85303066,0x39399AB6,0x39394E39,0x3E3E3E13,0x266B6B2F,0x50504B40,0x3C707067,
	0x4D4D3030,0x7E2D3636,0x4D307430,0x7E36364D,0x30307474,0x36363630,0x30307474,0x4D363630,
	0x36368585,0x36363636,0x39396D39,0x95393939,0x572F2F6B,0x2F572F57,0x67675552,0x62556767,
	0x7E7E7E36,0x36362D7E,0x167E7E7E,0x367E2D7E,0x7E7E7E36,0x36367E7E,0x3636364D,0x364D3636,
	0x1616161F,0x1F1F161F,0x95959595,0x39954E4E,0x2F2F2F2F,0x2F4C572F,0x52526767,0x67556252,

	0x2D363636,0x30363636,0x364D4D36,0x3636364D,0x4D4D3636,0x4D36364D,0x4D363636,0x4D303030,
	0x7B661F1F,0x7B7B7B7B,0x128B3939,0x93939312,0x2F2F2F57,0x5757572F,0x52675567,0x67676767,
	0x4D4D4D30,0x4D4D304D,0x744D4D4D,0x4D4D4D30,0x30304D4D,0x4D304D30,0x36364D30,0x304D3636,
	0x537B9F61,0x7B845353,0x01120707,0x12639A9A,0x26266B2F,0x2F6B6B26,0x3C3C3C70,0x703C3C3C,
	0x4D4D4D4D,0x4D4D4D4D,0x4D4D4D4D,0x4D4D4D4D,0x364D4D4D,0x4D743036,0x304D4D4D,0x667B1B66,
	0x3F667B7B,0x1B1B1B7B,0x12121212,0x8B8B8B12,0x572F2F2F,0x2F2F2F57,0x70707070,0x52767070,
	0x4D4D4D4D,0x4D4D4D4D,0x4D4D4D4D,0x4D4D4D4D,0x4D4D4D4D,0x4D4D4D4D,0x304D4D4D,0x4D4D4D4D,
	0x66846653,0x53535353,0x9A9A9A9A,0x8B9A9A9A,0x6B6B2F2F,0x2F2F2F2F,0x70707076,0x70703C3C,

	0x4D4D4D4D,0x4D4D4D4D,0x4D4D4D4D,0x4D4D4D4D,0x4D4D4D4D,0x4D4D4D4D,0x3030304D,0x4D4D4D30,
	0x1B666666,0x53535384,0x1212128B,0x9A8B8B12,0x2F2F2F2F,0x2F2F2F2F,0x76707070,0x52707052,
	0x4D4D4D4D,0x4D4D4D4D,0x4D4D4D4D,0x4D4D4D4D,0x4D4D4D4D,0x4D4D4D4D,0x4D4D4D4D,0x4D4D4D4D,
	0x53747474,0x74747453,0x9A399A9A,0x9A9A399A,0x2F2F2F2F,0x2F2F2F2F,0x3C707076,0x703C3C3C,
	0x4D4D4D4D,0x4D4D4D4D,0x4D4D4D4D,0x4D4D4D4D,0x4D4D4D4D,0x4D4D4D4D,0x4D4D4D4D,0x4D303030,
	0x53747474,0x53668484,0x9A393939,0x9A121212,0x2F2F2F2F,0x2F2F2F2F,0x70707070,0x70707070,
	0x4D4D4D4D,0x4D4D4D4D,0x4D4D4D4D,0x4D4D4D4D,0x4D4D4D4D,0x4D4D4D4D,0x4D4D4D4D,0x4D4D4D4D,
	0x74747474,0x74747474,0x39393939,0x39393939,0x2F6B6B6B,0x2F2F2F2F,0x3C3C3C3C,0x3C707070,

	0x4D4D4D4D,0x4D4D4D4D,0x4D4D4D4D,0x4D4D4D4D,0x4D4D4D4D,0x4D4D4D4D,0x4D4D4D4D,0x4D4D4D4D,
	0x53535374,0x53535353,0x39393939,0x39393939,0x2F2F2F2F,0x2F2F2F2F,0x7070703C,0x70707070,
	0x4D4D4D4D,0x4D4D4D4D,0x4D4D4D4D,0x4D4D4D4D,0x4D4D4D4D,0x4D4D4D4D,0x4D4D4D4D,0x4D4D4D4D,
	0x74747474,0x53747474,0x39393939,0x39959539,0x2F2F2F2F,0x2F6B2F2F,0x3C3C7070,0x70707070,
	0x4D4D4D4D,0x364D3636,0x4D4D4D4D,0x4D4D4D4D,0x4D4D4D4D,0x4D4D4D4D,0x4D303030,0x4D4D4D4D,
	0x53536666,0x53537474,0x3939399A,0x9A393939,0x2F2F2F2F,0x2F2F2F2F,0x70707070,0x70707070,
	0x36363636,0x36362D36,0x36364D4D,0x36363636,0x4D4D4D4D,0x36363636,0x4D4D4D4D,0x304D4D30,
	0x53537453,0x74535353,0x9A9A9A9A,0x9A8B9A9A,0x2F2F2F2F,0x2F2F2F2F,0x76597070,0x67707076,

	0x4D364D36,0x4D4D4D4D,0x4D4D4D30,0x30304D4D,0x30304D4D,0x30303030,0x30303030,0x74747466,
	0x53747474,0x74535366,0x3939399A,0x3939396D,0x6B2F2F2F,0x2F2F2F2F,0x70705270,0x52767670,
	0x4D4D4D4D,0x3030304D,0x4D4D4D4D,0x3030304D,0x74303030,0x74747474,0x53745374,0x66666674,
	0x66537410,0x66666666,0x8B393939,0x8B8B8B8B,0x2F2F2F2F,0x572F2F2F,0x67767667,0x67676770,
	0x74743030,0x74743074,0x74307474,0x74747474,0x74747474,0x74747474,0x66036666,0x74307466,
	0x74746666,0x53858574,0x6D398B8B,0x01899539,0x2F2F2F57,0x2F2F2F2F,0x76707059,0x67676776,
	0x4D307474,0x4D304D36,0x36747474,0x3030744D,0x30747474,0x7474744D,0x30307474,0x74747430,
	0x1B666653,0x1B7B7B1B,0x8B9A9A9A,0x12121212,0x2F2F2F2F,0x2F2F2F2F,0x52526767,0x67676752,

	0x7430304D,0x3636364D,0x30307430,0x4D304D30,0x74743030,0x74747474,0x30747430,0x74747474,
	0x3F7B7B7B,0x7B1B3F1B,0x12121212,0x9A8B8B12,0x4C4C5757,0x266B2F2F,0x55555555,0x7D525267,
	0x30303030,0x30303030,0x30303030,0x30747474,0x30307430,0x53747474,0x74303074,0x66747474,
	0x1036531B,0x33837B10,0x01959A9A,0x12129A9A,0x2F2F6B6B,0x2F2F2F2F,0x67556752,0x67675567,
	0x74747430,0x66663030,0x66536674,0x3F666674,0x66667466,0x7B1B3F66,0x7B7B3F7B,0x7B7B7B7B,
	0x83616161,0x1B1B3F1B,0x8B121212,0x9A9A399A,0x2F2F2F2F,0x6B262F2F,0x67395252,0x6752626D,
	0x66536666,0x833F7474,0x3F666666,0x7B7B5366,0x1B1B663F,0x7B7B7B83,0x7B7B7B7B,0x1B1B7B7B,
	0x7B1B7B3F,0x1BA04183,0x93128B9A,0x12048F6F,0x4C2F2F2F,0x2F2F574C,0x6D70526D,0x67676755,

	0x337B8181,0xB2B26533,0x7B7B6161,0x22A47B61,0x7B838333,0x7768617B,0x837B7B7B,0x81816183,
	0xA9337B1B,0x419F7B41,0x129A9520,0x936D399A,0x6B6B6B6B,0x3E572F6B,0x67676767,0x4B556767,
	0x1B3333A6,0x48481341,0x1B7B7B33,0x4850139F,0x1B7B7B33,0x486D1361,0x331B7B7B,0x7955097A,
	0xA99F8141,0x4B6D2120,0x6F389393,0x6F621312,0x45454535,0x486D133E,0x31484837,0x32323731,
	0x6B48572A,0x2F2F2F45,0x2F4A3E3E,0x3E3E1323,0x324A3E3E,0x2632262F,0x4A4A3E2A,0x6755804B,
	0x2F32134C,0x2F2F2F2F,0x4545452F,0x58454545,0x2F2F2F32,0x2F2F2F2F,0x0F262F32,0x3226260F,
	0x374A452F,0x4A320657,0x484A2313,0x4A320657,0x48489B2F,0x4A32062F,0x3148506D,0x4A32062F,
	0x4A2C2F2F,0x4A32062F,0x45455858,0x32262345,0x57575757,0x26262F2F,0x26322632,0x6B324A26,

	0x0245266B,0x58584502,0x4423326B,0x57575745,0x3E234826,0x4C572F32,0x3506482F,0x2F450632,
	0x3E06482F,0x504A454A,0x3E063778,0x13323E37,0x3E063178,0x234C3E4B,0x3E065F78,0x134A3E4B,
	0x58585858,0x32024558,0x2F2F2F2F,0x4C06572F,0x2F57574C,0x3E454B4A,0x3E6B6B2F,0x45576B06,
	0x48504A4A,0x45572F02,0x6F3E2323,0x452F5713,0x6B063E3E,0x45574C3E,0x4A3E3558,0x452F573E,
	0x3E4C3148,0x3E3E3E3E,0x23454A48,0x35454545,0x2F2A3231,0x504B6A31,0x783E7832,0x133E4C32,
	0x2F862C32,0x4445024A,0x2F352F4A,0x404A2F4A,0x2C352F32,0x313E5732,0x2F352F4A,0x58454C32,
	0x4545453E,0x3E454545,0x3E3E3E45,0x453E3E3E,0x55804050,0x31595555,0x3E3E1313,0x32312F2F,
	0x06584523,0x3231323E,0x2F4A3240,0x4A31323E,0x2F265731,0x2F4A3235,0x572F3E44,0x2F4A323E,

	0x3E4C2A3E,0x45454545,0x45584558,0x45454545,0x2A2A5745,0x4C4C4C2A,0x4C2A2A58,0x4C4C574C,
	0x4C4C5758,0x4C575757,0x3E4C5745,0x4C2A3E2A,0x2F3E3E58,0x2A2F0F2F,0x50133E45,0x2F4B5040,
	0x3E3E3E3E,0x3E3E3E3E,0x45454545,0x45353545,0x35574C4C,0x4B4B4B2F,0x35575757,0x5858574C,
	0x45575757,0x32450257,0x45574C57,0x4A4A134C,0x45574C3E,0x266B134C,0x45575758,0x13021313,
	0x023E3E3E,0x3E354545,0x02024545,0x3535453E,0x404B4B4B,0x573E2F55,0x45585858,0x573E3E2F,
	0x2F323232,0x4C3E3E3E,0x486B132F,0x573E3E3E,0x313E138F,0x3E3E4545,0x482F3E2F,0x443E4545,
	0x3E3E3E02,0x58453E3E,0x45454545,0x4B3E0645,0x354C2A4C,0x38502658,0x06354C3E,0x4C4A6D32,
	0x4806354C,0x2313AA6D,0x6D48583E,0x3E23454A,0x4A394844,0x4C3E2302,0x2F48483E,0x3E133E06,

	0x3E3E3E45,0x13133E3E,0x45457C0F,0x45454545,0x3E232F50,0x2A2A3E4C,0x23574B4A,0x4C3E4C2A,
	0x2F93AA13,0x57574C44,0x504A3E23,0x572A582F,0x4A13233E,0x3E442F50,0x26233E4C,0x58584A4A,
	0x133E3E13,0x13131313,0x44454545,0x45454544,0x453E2A2A,0x4050806A,0x453E4C4C,0x45453E2F,
	0x453E4C57,0x2F444532,0x453E2A57,0x57263E32,0x453E4C4C,0x456B1332,0x453E2A4C,0x3E261332,
	0x3E3E1313,0x3E3E3E3E,0x45454545,0x45454545,0x55808080,0x50405555,0x02024545,0x4A2F133E,
	0x4A4A4832,0x3257064C,0x6B132F13,0x4A2F2326,0x3E2F2F58,0x3257232F,0x9B483157,0x3257232F,
	0x3E3E3E3E,0x3E3E3E3E,0x45454545,0x45454545,0x4B4B4B50,0x4B4B4B50,0x0F263232,0x2F2F2F26,
	0x32323232,0x0F2F2632,0x58442A32,0x58585858,0x45063E32,0x45454545,0x13452A32,0x13131313,

	0x3E3E3E3E,0x3E3E3E3E,0x45454545,0x44454545,0x48505050,0x3E3E4C45,0x484A646B,0x2F024C45,
	0x4A322C0F,0x6B454C45,0x31323E60,0x6B454C45,0x4A323558,0x6B454C45,0x32323E45,0x2F354C45,
	0x13133E3E,0x13131313,0x45B3B344,0x45454545,0x4B4B4B48,0x55558050,0x4535456B,0x45354545,
	0x06067C26,0x06232323,0x404B454A,0x3E4B4040,0x134B3E4A,0x134A4545,0x454A3E4A,0x9B26063E,
	0x133E1313,0x3E3E3E3E,0x45450202,0x3535353E,0x1367551E,0x2A2A4C3E,0x134B573E,0x4C4C573E,
	0x4C403E44,0x574C573E,0x5755452A,0x4C574C3E,0x3E4B454C,0x453E4C35,0x3E503E57,0x3E455735,
	0x3E3E3E3E,0x3E3E133E,0x3E353E3E,0x4B23583E,0x3E2A2A2A,0x67502F58,0x44354C4C,0x2F385057,
	0x48450257,0x443E2638,0x29676B45,0x3E064526,0x8F6D672F,0x3E3E23B3,0x024A4A38,0x13131323,

	0x3E133E3E,0x3E3E3E3E,0x3E584450,0x3E3E3E3E,0x58134B67,0x4C4C573E,0x0F50484C,0x4C573E44,
	0x504A3E23,0x4C453E48,0x263E233E,0x442F5550,0x44443E3E,0x26676F2F,0x23131313,0x506F4845,
	0x13133E3E,0x1313134C,0x3E3E3E3E,0x45454544,0x2A4C4C57,0x55558045,0x2A4C4C4C,0x132F3745,
	0x3E4C4C57,0x584C4B02,0x13575713,0x2A2A503E,0x3E4C133E,0x4C3E4B45,0x0213B36B,0x2F3E4B45,
	0x13131313,0x13131313,0x45454545,0xB3454545,0x5D808050,0x484B4B4B,0x45353535,0x2F453545,
	0x23232306,0x2F7C0606,0x4080503E,0x2F3E4B50,0x45024813,0x2F134B3E,0x1323AA09,0x6B133245,
	0x3E3E1313,0x3E3E3E3E,0x454545B3,0x02020245,0x454C3E4C,0x50505048,0x454C452F,0x6B264A4A,
	0x45134526,0x26324A4A,0x454C4526,0x582A4A4A,0x45574526,0x582A3226,0x45574526,0x453E3226,

	0x3E3E3E3E,0x3E3E3E3E,0x45454545,0x45454545,0x4B4B5050,0x4B4B4B4B,0x2F2F6B6B,0x26320F2F,
	0x32322626,0x26783232,0x45455858,0x323E5858,0x45454545,0x323E5845,0x4C134C4C,0x323E354C,
	0x3E3E3E3E,0x3E3E3E3E,0x45454545,0x45454545,0x5540504B,0x55555555,0x3E3E2F26,0x02020202,
	0x13064C32,0x31484A4A,0x6B232F32,0x572F4C26,0x57062F32,0x452F5713,0x57232F32,0x2F313213,
	0x3E13133E,0x3E3E3E3E,0x45454545,0x45454558,0x4B804050,0x3E3E3E3E,0x32133E02,0x134C3E35,
	0x32453E4A,0x3E133E45,0x4A134A2F,0x4C4C3E45,0x4A132645,0x2A2A3E45,0x32132645,0x3E2A3E45,
	0x3E3E3E3E,0x453E3E3E,0x45454545,0x57064545,0x3E3E3E3E,0x4B57443E,0x3E3E3E3E,0x48505706,
	0x063E4C3E,0x2F4A6F57,0x57442A4C,0x2313AA50,0x5057233E,0x3E234CAA,0x4A260658,0x4C02238F,

	0x3E3E5858,0x023E133E,0x45063E4B,0x45454545,0x024A504B,0x3E3E2A3E,0x486D4A2F,0x3E2A4558,
	0x6D4A3E11,0x4C45586A,0x4A45B33E,0x45584B6D,0x45443E4C,0x5848294A,0x06134C13,0x57484857,
	0x45454502,0x3E3E0245,0x35454545,0x3E3E3E45,0x55133E2A,0x4B4B4080,0x2F453E3E,0x44445845,
	0x3E453E4C,0x0F0F3257,0x35453E57,0x093E2F26,0x45453545,0x263E3E2F,0x45454506,0x133E2F2F,
	0x4502023E,0x45454545,0x45454535,0x45454545,0x2F4B4B4B,0x4C4C5735,0x2F575844,0x4C4C5745,
	0x2F453E32,0x4C4C5745,0x2F136F8F,0x574C5745,0x2F02AA8F,0x3E4C5745,0x4C021313,0x45574C45,
	0x3E3E0245,0x35454545,0x45454545,0x58454545,0x4C4C4C4C,0x45575757,0x4C4C4C4C,0x454C2A57,
	0x57574C57,0x45574C57,0x3E3E3E2A,0x4557133E,0x572F574C,0x453E3E57,0x374B4B2F,0x453E3E48,

	0x3E024545,0x3E3E3E3E,0x45454558,0x3E3E3E35,0x4B4B5532,0x4B4B4B50,0x4C57310F,0x3E3E4545,
	0x2A2F4832,0x2306067C,0x3E26374A,0x502F324C,0x3E32486B,0x324C324C,0x574A482F,0x062A2613,
	0x45353E3E,0x322F4C58,0x3E3E353E,0x322F5844,0x4B505050,0x32323E4A,0x324C3E3E,0x32573E32,
	0x4A45B3B3,0x322F2A32,0x4A573167,0x322F2A32,0x324C3E31,0x4A2F2A32,0x78455823,0x4A2F2A78,
	0x58452A2F,0x58584545,0x264C064C,0x2F323232,0x324A4435,0x572F2F6B,0x062F2F35,0x6B262F45,
	0x582F2F35,0x4A4A4B4A,0x452F2F3E,0x23233E48,0x452F573E,0x3E3E062F,0x452F573E,0x5845458F,
	0x45455858,0x262F4545,0x452F2F2F,0x326B0623,0x322F5757,0x4A480657,0x3206136B,0x3248064C,
	0x31453750,0x3248064C,0x3745324C,0x3248064C,0x373E4C23,0x4A48064C,0x48452602,0x3248062A,

	0x2A063778,0x484A454B,0x3E065F2C,0x4C2A454A,0x3E065F2A,0x45584532,0x58235F2A,0x3732322F,
	0x2344312A,0x58584558,0x44442F2A,0x58584444,0x26574C45,0x374B484A,0x572A3E45,0x2F2F2F57,
	0x37483213,0x452C2F45,0x352F2F57,0x452F2F06,0x45454545,0x452F3257,0x31483137,0x3E453231,
	0x45585858,0x3E064545,0x44584444,0x3E062344,0x4A373737,0x2F26324A,0x2F2F2F2F,0x572F2F2F,
	0x2F352C4A,0x2F45454A,0x2F352C32,0x573E5832,0x57353232,0x35453E32,0x57353232,0x4B374A78,
	0x35353232,0x58584558,0x45457832,0x58585858,0x31323226,0x32323232,0x2C2C782F,0x572F2F2F,
	0x5732572F,0x4C32323E,0x2A2F2A57,0x2F2F263E,0x3E3E3E35,0x2F2F2F2F,0x374B4B37,0x2F2F2632,
	0x58585858,0x45454545,0x58585858,0x58585858,0x32323232,0x32322626,0x57575757,0x2F2F2F57,

	0x45454545,0x57324C45,0x57323232,0x2F325758,0x262F2F2F,0x2F322F2F,0x2F57572F,0x2F322F2F,
	0x58585858,0x35455858,0x58585858,0x58585858,0x324A3226,0x32323232,0x572F2F2F,0x57575757,
	0x454C5758,0x32264813,0x452A2A58,0x2F2F2F45,0x3E4C4C58,0x35353E3E,0x2F3E4C45,0x4B4B5048,
	0x45352A3E,0x58585858,0x58454535,0x58585858,0x2F0F3731,0x32323232,0x2C2C2F2F,0x2C782C78,
	0x374A4A31,0x3E3E3E3E,0x572F2F0F,0x2F133E3E,0x3E354535,0x574C022F,0x4B4B4B4B,0x2A2A4531,
	0x45585858,0x2A2A4545,0x58585858,0x35455858,0x32323232,0x32783232,0x2C2C2F2C,0x2C2C2C2C,
	0x504A4523,0x4C4C232F,0x4A45063E,0x3E235750,0x58063E57,0x45576F26,0x23452A3E,0x484A2F23,
	0x353E3E2A,0x262F4423,0x45454545,0x45585835,0x32323232,0x2F2F3232,0x2C2C2C2C,0x57572F2F,

	0x3832233E,0x3E444526,0x2F4B2F44,0x574C5844,0x06574B4A,0x4C574C45,0x4506574B,0x4C4C4C4C,
	0x2A58064C,0x2A3E2A3E,0x45455858,0x45353545,0x32323232,0x3232324A,0x57575757,0x32782F2F,
	0x452A4C4C,0x3E4A3E32,0x452A4C4C,0x322F4532,0x454C5757,0x45442A2F,0x453E4C4C,0x2F2F6B2F,
	0x452A2A2A,0x45454545,0x45454545,0x44585858,0x32262632,0x32323232,0x32323232,0x2C643232,
	0x2F262358,0x4A2F062F,0x4C2F2F4C,0x3257062F,0x45454545,0x322F063E,0x2F2F2F2F,0x2F57063E,
	0x45454545,0x58585858,0x58585858,0x58453558,0x4837484A,0x48484831,0x2F2F2F2F,0x2F2F2F2F,
	0x4C3E5731,0x3E2A4C4C,0x3E355731,0x3E2A2A2A,0x2A35574A,0x3E2A2A2A,0x4C2A5732,0x4C4C4C4C,
	0x3E3E3558,0x3E3E3E3E,0x3E354545,0x3E3E3E3E,0x506F4B4B,0x50505040,0x2F2F2F2F,0x2F2F2F2F,

	0x32322A45,0x6B3E5745,0x572F2A2A,0x6B3E572A,0x4558452A,0x32354C2A,0x2A2A2A4C,0x57352A2A,
	0x3E3E3E2A,0x58353E3E,0x35353535,0x353E4535,0x4B4B4B50,0x4B4B4B4B,0x2F2F2F2F,0x2C2F2F2F,
	0x024A3E4A,0x3E2F4831,0x024A3E32,0x572F4826,0x2F324526,0x3E02023E,0x4A57454A,0x4A4A4848,
	0x45582A4C,0x45454558,0x58453E45,0x45585858,0x4B4B4B4B,0x6F4B4B4B,0x2F2F2C2C,0x2F2F2F2F,
	0x3E50452F,0x444C573E,0x4531583E,0x4C57573E,0x454A4C45,0x4C4C574C,0x454A3148,0x4C3E4C3E,
	0x453E4545,0x3E3E3E3E,0x35454545,0x353E353E,0x50408050,0x4B384879,0x2F2F2F2F,0x2F2F2F2F,
	0x6F486B02,0x4C13452F,0x4B572358,0x3E454A6D,0x3E06453E,0x4C316D4A,0x233E4C4C,0x554B2F44,
	0x3E3E3E3E,0x26132344,0x35353535,0x02454535,0x4B4B5050,0x4B404079,0x2F2F2F2F,0x2F2F2F2F,

	0x57454C4C,0x024A6F6F,0x506B4502,0x44236B4B,0x4A6D483E,0x3E45443E,0x456B506D,0x4C4C3E23,
	0x44234C4A,0x3E2A3E3E,0x3E454545,0x3E35353E,0x5055504B,0x4848374B,0x264A262F,0x5757572F,
	0x3E133E23,0x2F3E4045,0x134C574C,0x3E454845,0x3E3E3E13,0x454C32B3,0x3E133E13,0x484A2644,
	0x3E3E3E3E,0x45454558,0x3E353E3E,0x45454535,0x5050504B,0x4B4B4080,0x322F2F2F,0x2F266432,
	0x4B482F13,0x6B134A13,0x4A314C57,0x2F134A02,0x02023E35,0x2F024A13,0x48794848,0x6B452F4A,
	0x45454545,0x3E3E5845,0x45585845,0x453E4545,0x4B48484B,0x4B4B4B50,0x6B2F2F2F,0x2F2F6B32,
	0x4557456B,0x452A322F,0x2A57456B,0x2A2A2F57,0x2A4C4532,0x2A455845,0x4C4C4557,0x3E3E3E3E,
	0x3E3E3544,0x2A3E3E3E,0x353E3545,0x35354545,0x4B804B48,0x48484848,0x2F2F2F2F,0x2F2F2F2F,

	0x4C4C4C4C,0x4A2A3E4C,0x3E2A4C57,0x482A3E2A,0x3E3E2A4C,0x4A4C353E,0x2A2A2A2A,0x324C3E2A,
	0x2A2A2A2A,0x45352A2A,0x35353535,0x58453535,0x31484848,0x314A3148,0x2F2F2F2F,0x2F2F2F2F,
	0x57232F4A,0x58232F4C,0x57062F4A,0x3E2A4C3E,0x3E233232,0x5845443E,0x3E232F32,0x2F2F2F6B,
	0x45455845,0x45454545,0x45454558,0x58585844,0x314A3131,0x4A314A4A,0x2F642C2C,0x322F2F2F,
	0x323E2658,0x4C4C3E35,0x2645572F,0x4C572A35,0x2F350644,0x4C4C3E45,0x2F2F2F57,0x4C4C2A45,
	0x45454545,0x2A2A2A45,0x58585858,0x45454545,0x32323232,0x32262632,0x32323232,0x32323232,
	0x2F23453E,0x3E234A6F,0x23454C57,0x23264B2F,0x454C4C4C,0x4A484C06,0x3E13134C,0x483E0645,
	0x3E3E2A2A,0x3E06583E,0x45454545,0x44584545,0x2C2F3226,0x2F2F2F2F,0x2C2C3232,0x2C2C2F2F,

	0x57233E4C,0x063E4850,0x4B3E0645,0x35064531,0x26483E45,0x2F3E0645,0x582F4848,0x4C573E06,
	0x23582F26,0x2A2A3E35,0x45235858,0x35354545,0x6B6B2F2F,0x32324A48,0x2F2F2F2C,0x2F2F2F64,
	0x02453E45,0x4A6B2F6B,0x3E021357,0x262F4C13,0x57454C2F,0x35353E45,0x26453E4C,0x4B504B4A,
	0x58452A2A,0x58585858,0x58353545,0x58585858,0x324A3226,0x32323232,0x2F2F2F2F,0x2F2F2F2F,
	0x4C4A2F6B,0x45574C45,0x452F2F2F,0x452A2A45,0x45354545,0x452A3E02,0x4838484B,0x453E352F,
	0x44445858,0x45355845,0x58585858,0x45455858,0x32323232,0x316A3732,0x2F2F2F2F,0x57572F2F,
	0x233E264C,0x44585823,0x5857322F,0x2F2F3257,0x6B2F322F,0x2F2F572F,0x2F2F322F,0x57574C57,
	0x58584545,0x58585858,0x58585858,0x58585858,0x4A4A3148,0x324A2632,0x57575757,0x642F2F57,

	0x57323213,0x2F2F4A2F,0x57322F57,0x57572F3E,0x2F2F2F57,0x353E1302,0x326B2F2F,0x374B4B37,
	0x45454545,0x58585858,0x58585858,0x58585858,0x2F262626,0x2F2F2F2F,0x2F2F2F2F,0x4C572F2F,
	0x3223452F,0x4A2F2A2C,0x2C063E57,0x4A2F2A2C,0x32453535,0x4A2F2A2F,0x32323737,0x32322A2F,
	0x45455858,0x32323535,0x58585858,0x2F2F4545,0x32263264,0x2F2F264A,0x5757574C,0x2F572F57,
	0x582F2F3E,0x3E264A4A,0x23262F3E,0x570F2F45,0x2F4A2F3E,0x35354545,0x4A6B3E2A,0x6A37484A,
	0x4558062A,0x58585858,0x4444443E,0x44444444,0x314A3226,0x4B484848,0x572F2F2F,0x57575757,
	0x31454A4A,0x32370613,0x32584C57,0x3237063E,0x4A454535,0x5737063E,0x324A4A4B,0x57480658,
	0x58454545,0x574A0623,0x44444458,0x3E572358,0x314B3737,0x454C2F2F,0x4C2F2F57,0x453E2A4C,
};

const unsigned short board_bgMap[1024] __attribute__((aligned(4))) __attribute__((visibility("hidden")))=
{
	0x0001,0x0002,0x0003,0x0004,0x0005,0x0006,0x0007,0x0008,
	0x0009,0x000A,0x000B,0x000C,0x000D,0x000E,0x000F,0x0010,
	0x0011,0x0012,0x0013,0x0014,0x0015,0x0016,0x0017,0x0018,
	0x0019,0x001A,0x001B,0x001C,0x001D,0x001E,0x001F,0x0020,
	0x0021,0x0022,0x0023,0x0024,0x0025,0x0026,0x0027,0x0028,
	0x0029,0x002A,0x002B,0x002C,0x002D,0x002E,0x002F,0x0030,
	0x0031,0x0032,0x0033,0x0034,0x0035,0x0036,0x0037,0x0038,
	0x0039,0x003A,0x003B,0x003C,0x003D,0x003E,0x003F,0x0040,

	0x0041,0x0042,0x0043,0x0044,0x0045,0x0046,0x0047,0x0048,
	0x0049,0x004A,0x004B,0x004C,0x004D,0x004E,0x004F,0x0050,
	0x0051,0x0052,0x0053,0x0054,0x0055,0x0056,0x0057,0x0058,
	0x0059,0x005A,0x005B,0x005C,0x005D,0x005E,0x005F,0x0060,
	0x0061,0x0062,0x0063,0x0064,0x0065,0x0066,0x0067,0x0068,
	0x0069,0x006A,0x006B,0x006C,0x006D,0x006E,0x006F,0x0070,
	0x0071,0x0072,0x0073,0x0074,0x0075,0x0076,0x0077,0x0078,
	0x0079,0x007A,0x007B,0x007C,0x007D,0x007E,0x007F,0x0080,

	0x0081,0x0082,0x0083,0x0084,0x0085,0x0086,0x0087,0x0088,
	0x0089,0x008A,0x008B,0x008C,0x008D,0x008E,0x008F,0x0090,
	0x0091,0x0092,0x0093,0x0094,0x0095,0x0096,0x0097,0x0098,
	0x0099,0x009A,0x009B,0x009C,0x009D,0x009E,0x009F,0x00A0,
	0x00A1,0x00A2,0x00A3,0x00A4,0x00A5,0x00A6,0x00A7,0x00A8,
	0x00A9,0x00AA,0x00AB,0x00AC,0x00AD,0x00AE,0x00AF,0x00AA,
	0x00B0,0x00B1,0x00AA,0x00B2,0x00B3,0x00B4,0x00B5,0x00B6,
	0x00B7,0x00B8,0x00B9,0x00BA,0x00BB,0x00BC,0x00BD,0x00BE,

	0x00BF,0x00C0,0x00C1,0x00C2,0x00C3,0x00C4,0x00C5,0x00C6,
	0x00C7,0x00C8,0x00C9,0x00CA,0x00CB,0x00CC,0x00CD,0x00CE,
	0x00CF,0x00D0,0x00D1,0x00D2,0x00D3,0x00D4,0x00D5,0x00D6,
	0x00D7,0x00D8,0x00D9,0x00DA,0x00DB,0x00DC,0x00DD,0x00DE,
	0x00DF,0x00E0,0x00E1,0x00E2,0x00E3,0x00E4,0x00E5,0x00E6,
	0x00E7,0x00E8,0x00E9,0x00EA,0x00EB,0x00EC,0x00ED,0x00EE,
	0x00EF,0x00F0,0x00F1,0x00F2,0x00F3,0x00F4,0x00F5,0x00F6,
	0x00F7,0x00F8,0x00F9,0x00FA,0x00FB,0x00FC,0x00FD,0x00FE,

	0x00FF,0x0100,0x0101,0x0102,0x0103,0x0104,0x0105,0x0106,
	0x0107,0x0108,0x0109,0x010A,0x00EB,0x010B,0x010C,0x010D,
	0x010E,0x010F,0x0110,0x0111,0x0112,0x0113,0x0114,0x0115,
	0x0116,0x0117,0x0118,0x0119,0x011A,0x011B,0x011C,0x011D,
	0x011E,0x011F,0x0120,0x0121,0x0122,0x0123,0x0124,0x0125,
	0x0126,0x0127,0x0128,0x0129,0x012A,0x012B,0x012C,0x012D,
	0x012E,0x012F,0x0130,0x0131,0x00EB,0x0132,0x0133,0x0134,
	0x0135,0x0136,0x0137,0x0138,0x0139,0x013A,0x013B,0x013C,

	0x013D,0x013E,0x013F,0x0140,0x0141,0x0142,0x0143,0x0144,
	0x0145,0x0146,0x0147,0x0148,0x0149,0x014A,0x014B,0x014C,
	0x014D,0x014E,0x014F,0x0150,0x0151,0x0152,0x0153,0x0154,
	0x0155,0x0156,0x0157,0x0158,0x0159,0x015A,0x015B,0x015C,
	0x015D,0x015E,0x015F,0x0160,0x0161,0x0162,0x0163,0x0164,
	0x0165,0x0166,0x0167,0x0168,0x0169,0x016A,0x016B,0x016C,
	0x016D,0x016E,0x016F,0x0170,0x0171,0x0172,0x0173,0x0174,
	0x0175,0x0176,0x0177,0x0178,0x0179,0x017A,0x017B,0x017C,

	0x017D,0x017E,0x017F,0x0180,0x0181,0x0182,0x0183,0x0184,
	0x0185,0x0186,0x0187,0x0188,0x0189,0x018A,0x018B,0x018C,
	0x018D,0x018E,0x018F,0x0190,0x0191,0x0192,0x0193,0x0194,
	0x0195,0x0196,0x0197,0x0198,0x0199,0x019A,0x019B,0x019C,
	0x019D,0x019E,0x019F,0x01A0,0x01A1,0x01A2,0x01A3,0x01A4,
	0x01A5,0x01A6,0x01A7,0x01A8,0x01A9,0x01AA,0x01AB,0x01AC,
	0x01AD,0x01AE,0x01AF,0x01B0,0x01B1,0x01B2,0x01B3,0x01B4,
	0x01B5,0x01B6,0x01B7,0x01B8,0x01B9,0x01BA,0x01BB,0x01BC,

	0x01BD,0x01BE,0x01BF,0x01C0,0x01C1,0x01C2,0x01C3,0x01C4,
	0x01C5,0x01C6,0x01C7,0x01C8,0x01C9,0x01CA,0x01CB,0x01CC,
	0x01CD,0x01CE,0x01CF,0x01D0,0x01D1,0x01D2,0x01D3,0x01D4,
	0x01D5,0x01D6,0x01D7,0x01D8,0x01D9,0x01DA,0x01DB,0x01DC,
	0x01DD,0x01DE,0x01DF,0x01E0,0x01E1,0x01E2,0x01E3,0x01E4,
	0x01E5,0x01E6,0x01E7,0x01E8,0x01E9,0x01EA,0x01EB,0x01EC,
	0x00AA,0x01ED,0x01EE,0x01EF,0x01F0,0x01F1,0x01F2,0x01F3,
	0x01F4,0x01F5,0x01F6,0x01F7,0x01F8,0x01F9,0x01FA,0x01FB,

	0x01FC,0x01FD,0x01FE,0x01FF,0x0200,0x0201,0x0202,0x0203,
	0x0204,0x0205,0x0206,0x0207,0x0208,0x00AA,0x0209,0x00AA,
	0x00AA,0x020A,0x020B,0x020C,0x020D,0x020E,0x020F,0x0210,
	0x0211,0x0212,0x0213,0x0214,0x0215,0x0216,0x0217,0x0218,
	0x0219,0x021A,0x021B,0x021C,0x021D,0x021E,0x021F,0x0220,
	0x0221,0x0222,0x0223,0x0224,0x0225,0x0226,0x00AA,0x0227,
	0x0228,0x0229,0x022A,0x022B,0x022C,0x022D,0x022E,0x022F,
	0x0230,0x0231,0x0232,0x0233,0x0234,0x0235,0x0236,0x0237,

	0x0238,0x0239,0x023A,0x023B,0x023C,0x023D,0x023E,0x023F,
	0x0240,0x0241,0x0242,0x0243,0x0244,0x0245,0x0246,0x0247,
	0x0248,0x0249,0x024A,0x024B,0x024C,0x024D,0x024E,0x024F,
	0x0250,0x0251,0x0252,0x0253,0x0254,0x0255,0x0256,0x0257,
	0x0258,0x0259,0x025A,0x025B,0x025C,0x025D,0x025E,0x025F,
	0x0260,0x0261,0x0262,0x0263,0x0264,0x0265,0x0266,0x0267,
	0x0268,0x0269,0x026A,0x026B,0x026C,0x026D,0x026E,0x026F,
	0x0270,0x0271,0x0272,0x0273,0x0274,0x0275,0x0276,0x0277,

	0x0278,0x0279,0x027A,0x027B,0x027C,0x027D,0x027E,0x027F,
	0x0280,0x0281,0x0282,0x0283,0x0284,0x0285,0x0286,0x0287,
	0x0288,0x0289,0x028A,0x028B,0x028C,0x028D,0x028E,0x028F,
	0x0290,0x0291,0x0292,0x0293,0x0294,0x0295,0x0296,0x0297,
	0x0298,0x0299,0x029A,0x029B,0x029C,0x029D,0x029E,0x029F,
	0x02A0,0x02A1,0x02A2,0x02A3,0x02A4,0x02A5,0x02A6,0x02A7,
	0x02A8,0x02A9,0x02AA,0x02AB,0x02AC,0x02AD,0x02AE,0x02AF,
	0x02B0,0x02B1,0x02B2,0x02B3,0x02B4,0x02B5,0x02B6,0x02B7,

	0x02B8,0x02B9,0x02BA,0x02BB,0x02BC,0x02BD,0x02BE,0x02BF,
	0x02C0,0x02C1,0x02C2,0x02C3,0x02C4,0x02C5,0x02C6,0x02C7,
	0x02C8,0x02C9,0x02CA,0x02CB,0x02CC,0x02CD,0x02CE,0x02CF,
	0x02D0,0x02D1,0x02D2,0x02D3,0x02D4,0x02D5,0x02D6,0x02D7,
	0x02D8,0x02D9,0x02DA,0x02DB,0x02DC,0x02DD,0x02DE,0x02DF,
	0x02E0,0x02E1,0x02E2,0x02E3,0x02E4,0x02E5,0x02E6,0x02E7,
	0x02E8,0x02E9,0x02EA,0x02EB,0x02EC,0x02ED,0x02EE,0x02EF,
	0x02F0,0x02F1,0x02F2,0x02F3,0x02F4,0x02F5,0x02F6,0x02F7,

	0x0000,0x0000,0x0000,0x0000,0x0000,0x0000,0x0000,0x0000,
	0x0000,0x0000,0x0000,0x0000,0x0000,0x0000,0x0000,0x0000,
	0x0000,0x0000,0x0000,0x0000,0x0000,0x0000,0x0000,0x0000,
	0x0000,0x0000,0x0000,0x0000,0x0000,0x0000,0x0000,0x0000,
	0x0000,0x0000,0x0000,0x0000,0x0000,0x0000,0x0000,0x0000,
	0x0000,0x0000,0x0000,0x0000,0x0000,0x0000,0x0000,0x0000,
	0x0000,0x0000,0x0000,0x0000,0x0000,0x0000,0x0000,0x0000,
	0x0000,0x0000,0x0000,0x0000,0x0000,0x0000,0x0000,0x0000,

	0x0000,0x0000,0x0000,0x0000,0x0000,0x0000,0x0000,0x0000,
	0x0000,0x0000,0x0000,0x0000,0x0000,0x0000,0x0000,0x0000,
	0x0000,0x0000,0x0000,0x0000,0x0000,0x0000,0x0000,0x0000,
	0x0000,0x0000,0x0000,0x0000,0x0000,0x0000,0x0000,0x0000,
	0x0000,0x0000,0x0000,0x0000,0x0000,0x0000,0x0000,0x0000,
	0x0000,0x0000,0x0000,0x0000,0x0000,0x0000,0x0000,0x0000,
	0x0000,0x0000,0x0000,0x0000,0x0000,0x0000,0x0000,0x0000,
	0x0000,0x0000,0x0000,0x0000,0x0000,0x0000,0x0000,0x0000,

	0x0000,0x0000,0x0000,0x0000,0x0000,0x0000,0x0000,0x0000,
	0x0000,0x0000,0x0000,0x0000,0x0000,0x0000,0x0000,0x0000,
	0x0000,0x0000,0x0000,0x0000,0x0000,0x0000,0x0000,0x0000,
	0x0000,0x0000,0x0000,0x0000,0x0000,0x0000,0x0000,0x0000,
	0x0000,0x0000,0x0000,0x0000,0x0000,0x0000,0x0000,0x0000,
	0x0000,0x0000,0x0000,0x0000,0x0000,0x0000,0x0000,0x0000,
	0x0000,0x0000,0x0000,0x0000,0x0000,0x0000,0x0000,0x0000,
	0x0000,0x0000,0x0000,0x0000,0x0000,0x0000,0x0000,0x0000,

	0x0000,0x0000,0x0000,0x0000,0x0000,0x0000,0x0000,0x0000,
	0x0000,0x0000,0x0000,0x0000,0x0000,0x0000,0x0000,0x0000,
	0x0000,0x0000,0x0000,0x0000,0x0000,0x0000,0x0000,0x0000,
	0x0000,0x0000,0x0000,0x0000,0x0000,0x0000,0x0000,0x0000,
	0x0000,0x0000,0x0000,0x0000,0x0000,0x0000,0x0000,0x0000,
	0x0000,0x0000,0x0000,0x0000,0x0000,0x0000,0x0000,0x0000,
	0x0000,0x0000,0x0000,0x0000,0x0000,0x0000,0x0000,0x0000,
	0x0000,0x0000,0x0000,0x0000,0x0000,0x0000,0x0000,0x0000,
};

const unsigned short board_bgPal[256] __attribute__((aligned(4))) __attribute__((visibility("hidden")))=
{
	0x0000,0x0CEF,0x0425,0x1DD5,0x0469,0x2638,0x0002,0x08AC,
	0x1533,0x0447,0x2217,0x2A59,0x046A,0x2639,0x2A16,0x0887,
	0x1DD7,0x0004,0x0CCD,0x0446,0x2218,0x2A39,0x2618,0x2619,
	0x2E39,0x2A3A,0x194F,0x1995,0x088B,0x3A57,0x150D,0x21F8,
	0x1110,0x0468,0x3237,0x0003,0x2E59,0x1DF7,0x0888,0x0466,
	0x0467,0x10CD,0x0845,0x2E5A,0x0C67,0x25F7,0x2A37,0x0867,
	0x21D6,0x0CA9,0x0C88,0x1574,0x152F,0x0444,0x21F7,0x10AA,
	0x0CCB,0x10EE,0x2E7A,0x2E38,0x1930,0x2A38,0x0445,0x19B5,

	0x10EC,0x1552,0x0CA8,0x0404,0x0023,0x0424,0x2A18,0x2A5A,
	0x0CAA,0x1111,0x0C89,0x10CB,0x0846,0x21F6,0x110E,0x14CB,
	0x10CC,0x0C66,0x150F,0x1DB6,0x10EB,0x14ED,0x1594,0x0866,
	0x0423,0x190E,0x1551,0x0402,0x1130,0x14CC,0x25F8,0x10A9,
	0x0022,0x1573,0x14EE,0x0CCE,0x0C68,0x2E16,0x1DB5,0x150E,
	0x29F5,0x0865,0x10CA,0x0868,0x1D94,0x10ED,0x2A19,0x0CAB,
	0x192F,0x1D52,0x21B5,0x0403,0x1DD6,0x2A17,0x190F,0x25D5,
	0x0C87,0x10AB,0x1132,0x1994,0x0001,0x1530,0x2617,0x1D71,

	0x14EC,0x1973,0x1950,0x1974,0x1D95,0x21D7,0x0844,0x1931,
	0x21B6,0x10EF,0x1DB7,0x0CED,0x1531,0x1510,0x25F6,0x0889,
	0x1D74,0x1D73,0x25D7,0x0CCC,0x1952,0x110F,0x1D50,0x088A,
	0x1953,0x192E,0x0CEE,0x0847,0x190D,0x1D70,0x1DB4,0x1553,
	0x1532,0x1951,0x25D6,0x1D4F,0x3637,0x2172,0x2E17,0x2171,
	0x3A37,0x1131,0x0C8A,0x1972,0x1D72,0x0CAC,0x3658,0x29F6,
	0x29D5,0x0869,0x3A58,0x0024,0x1D93,0x0422,0x08AB,0x3216,
	0x2DF6,0x14EB,0x2170,0x048A,0x0000,0x0000,0x0000,0x0000,

	0x0000,0x0000,0x0000,0x0000,0x0000,0x0000,0x0000,0x0000,
	0x0000,0x0000,0x0000,0x0000,0x0000,0x0000,0x0000,0x0000,
	0x0000,0x0000,0x0000,0x0000,0x0000,0x0000,0x0000,0x0000,
	0x0000,0x0000,0x0000,0x0000,0x0000,0x0000,0x0000,0x0000,
	0x0000,0x0000,0x0000,0x0000,0x0000,0x0000,0x0000,0x0000,
	0x0000,0x0000,0x0000,0x0000,0x0000,0x0000,0x0000,0x0000,
	0x0000,0x0000,0x0000,0x0000,0x0000,0x0000,0x0000,0x0000,
	0x0000,0x0000,0x0000,0x0000,0x0000,0x0000,0x0000,0x0000,
};

//}}BLOCK(board_bg)
