
//{{BLOCK(touch_bg)

//======================================================================
//
//	touch_bg, 256x192@8, 
//	Alphabit on.
//	+ palette 256 entries, not compressed
//	+ bitmap not compressed
//	Total size: 512 + 49152 = 49664
//
//	Time-stamp: 2026-08-30, 19:03:18
//	Exported by Cearn's GBA Image Transmogrifier, v1.23.0
//	( http://www.coranac.com/projects/#grit )
//
//======================================================================

const unsigned int touch_bgBitmap[12288] __attribute__((aligned(4))) __attribute__((visibility("hidden")))=
{
	0x92929292,0x92921792,0x92929292,0x92929292,0x92929292,0x92929292,0x92929292,0x92929292,
	0x92929292,0x92929292,0x92929292,0x92929292,0x92929217,0x92929292,0x92929292,0x92929292,
	0x92929292,0x92929292,0x92929292,0x92929292,0x92929292,0x92929292,0x92179292,0x92921792,
	0xB8929292,0x179217F1,0x92B89217,0x92171760,0x92929292,0x60929292,0x92929292,0x92171792,
	0x92929292,0x92F11717,0x92929292,0x92609292,0x92929292,0x17179292,0x929292F1,0x17171792,
	0x92929292,0x92929292,0x92929292,0x92929292,0x92929292,0x92929292,0x92929292,0x92929292,
	0x17F19292,0x92926092,0x92929292,0x92929292,0x92929292,0x92929292,0x92929292,0x92921792,
	0x92929292,0x92929292,0x92921792,0x17929292,0x92921792,0x92929292,0x92929292,0x92929292,

	0x92929292,0x17929292,0x92179217,0x92929292,0x92929292,0x92929292,0x92929292,0x92929292,
	0x92929292,0x92929292,0x92929292,0x92929292,0x92929292,0x92929292,0x92929292,0x92929292,
	0x92929292,0x92929292,0x92929292,0x92929292,0x92929292,0x92929292,0x000092F1,0xE2000000,
	0x00000000,0x00990000,0x00000000,0x00000000,0x92929200,0x0017F192,0x92000000,0x00000060,
	0x00000000,0x00920000,0x00000031,0x17179217,0x00000000,0x00006092,0x3100CC00,0x00009231,
	0x00000000,0x92920000,0x92929292,0x92929292,0x92929292,0x92929292,0x92929292,0x92929292,
	0x92929292,0x92929292,0x92929292,0x92929292,0x92929292,0x92929292,0x92929292,0x92929292,
	0x92929292,0x92929292,0x92929292,0x92929292,0x92929292,0x92929292,0x929292B8,0x92929292,

	0x92929292,0x92929292,0x92921792,0x92929292,0x92929292,0x92929292,0x92929292,0x92929292,
	0x92929292,0x92929292,0x92929292,0x92929292,0x92929292,0x92929292,0x92929292,0x92929292,
	0x92929292,0x92929292,0x92926092,0x92929292,0x92929292,0x92929292,0xAD869292,0x00D2ADAD,
	0x00ADADAD,0xAD6000AD,0xADADA986,0xAD00ADAD,0x92926000,0x00CC1792,0x00ADADAD,0xADADAD00,
	0xADAD0000,0x4400ADAD,0x7AADADAD,0x001717CC,0xADADAD00,0xADAD0000,0xAD0000AD,0xAD00E200,
	0xADADAD00,0x9292C8AD,0x92929292,0x92929292,0x92929292,0x92929292,0x92929292,0x92929292,
	0x92929292,0x92929292,0x92929292,0x92929292,0x92929292,0xB8929292,0x92929292,0x92609292,
	0x92B89292,0x92929292,0x92929217,0x17921792,0x92929292,0x92929292,0x92929292,0x92929292,

	0x92929292,0x17929217,0x92929292,0x92929292,0x92179217,0x92929292,0x92929292,0x92B8B892,
	0x92929292,0x92929292,0x92929292,0x92929292,0x92929292,0x92929292,0x92929292,0x92929292,
	0x92929292,0x92929292,0x17929292,0x60929292,0x92929292,0x92929292,0xAD869292,0x00AD0000,
	0x0000AD00,0xAD73AD53,0x00E7E785,0xAD000000,0x92929200,0xAD009292,0xC8530000,0x0000AD73,
	0x00AD00AD,0xB12F537A,0xAD0000AD,0x00179200,0x440000AD,0xBB572A85,0x57005700,0xADAD7AAD,
	0x0000AD00,0x92920000,0x92929292,0x92929292,0x92929292,0x92929292,0x92929292,0x92929292,
	0x929292B8,0x929217B8,0x92929292,0x92929292,0x92929292,0x92609292,0x92929292,0x92929292,
	0x92929292,0x92921717,0x92179217,0x92929292,0x17929292,0x92929292,0x92929292,0x92929292,

	0x92929292,0x92929292,0x92929292,0x92929292,0x92929292,0x92929292,0x92929292,0x92929292,
	0x92929292,0x92929292,0x92929292,0x92929292,0x92929292,0x92929292,0x92929292,0x92929292,
	0x92929292,0x92929292,0x92929217,0x92929292,0x92929292,0x17929292,0xAD869217,0x002AADAD,
	0xD700AD00,0x00ADA900,0xADAD4400,0xADCC00AD,0x92F16000,0xAD009292,0xAF92F100,0xADADAD73,
	0xADAD00AD,0x2F00ADAD,0xAD00FBAD,0x00929200,0xADAD00AD,0xADAD2AAF,0xAD00ADAD,0xAD00AD00,
	0xADADAD00,0x929292C8,0x92929292,0x92929292,0x92929292,0x92929292,0x92929292,0x92929292,
	0x92929292,0x9292F192,0x92929292,0x92929292,0x17929292,0x92929292,0x92929217,0x60179217,
	0x92929292,0x92929292,0x92179292,0x92929292,0x60929292,0x92921792,0x92929260,0x92929292,

	0x92929292,0x92929292,0x92929292,0x92929292,0x92929260,0x92B89292,0x92929292,0x9292B892,
	0x92929292,0x92929292,0x92929292,0x92929292,0x92179292,0x92929292,0x92929292,0x92929292,
	0x92929292,0x17929292,0x92929292,0x17929292,0x92929292,0x92929292,0xAD579292,0x60000000,
	0xD700AD00,0xAD44576B,0x003C4400,0xAD00CC00,0x92609900,0xAD319292,0x00009200,0x0000AD61,
	0x00AD00AD,0x2FA94431,0xAD00FBAD,0x00929200,0xAD0000AD,0x00572AD7,0x5700AD00,0xAD000000,
	0x0000AD00,0x92926000,0x92929292,0x92929292,0x92929292,0x92929292,0x92929292,0x92929292,
	0x92929292,0x92929292,0x92929292,0x92929292,0x92929292,0x92929292,0x92929292,0x929217F1,
	0x92921792,0x92921792,0x92929292,0x92929292,0x17929217,0x1792F192,0x92929260,0x92929292,

	0x92929292,0x92929292,0x92929292,0x92929292,0x92929292,0x92929292,0x92929292,0x92929292,
	0x92929292,0x92929292,0x92929292,0x92929292,0x92929292,0x92929292,0x92929292,0x92929292,
	0x92929292,0x92929292,0x92929292,0x92929292,0x92929292,0x92929292,0xAD579292,0x00601792,
	0x0086AD86,0xAD7A00AD,0x86AD44AD,0xAD008686,0x00868686,0xAD31B892,0xADAD3CC8,0x00E2ADAF,
	0x00AD31AD,0x2FE74492,0x865353AD,0x00929200,0xADC8C8AD,0xB886737A,0xAD00AD00,0xAD001700,
	0x8686AD00,0x9292B186,0x92929292,0x92929292,0x92929292,0x92929292,0x92929292,0x92929292,
	0x92929292,0x92929292,0x92929292,0x92929292,0x9292F192,0x92609292,0x92929292,0x92929292,
	0x92926092,0x92929217,0x92929292,0x92929292,0x92929292,0x92921792,0x92929292,0x92929292,

	0x92929292,0x92929292,0x17921792,0x92179292,0x92929260,0x92179292,0x92929292,0x92929292,
	0x92929292,0x92929292,0x92929292,0x92929292,0x92929292,0x92929292,0x92929292,0x92929292,
	0x92929292,0x92929292,0x92179292,0x92929292,0x92929292,0x92929292,0x00009292,0x00171792,
	0x00000000,0x00600000,0x00000000,0x00000000,0x00000000,0x00929292,0x00000000,0x00FB0000,
	0x00000000,0x000000B8,0x00000000,0x926017D7,0x00000031,0x9200007A,0x00000000,0x00319200,
	0x00000000,0x92920000,0x92929292,0x92179292,0x1792F192,0x92176017,0x92921792,0x929292F1,
	0x92921792,0x92929292,0x92929292,0x92F19292,0x92929292,0x92929292,0x92929292,0x92F11792,
	0x92929292,0x17179292,0x92929292,0x92921792,0x92929292,0x9292F117,0x92929292,0x92929292,

	0x92929292,0x92929292,0x92929292,0x92929292,0x92921717,0x92929292,0x929292F1,0x92929292,
	0x92929292,0x92929292,0x92929292,0x92929292,0x92929292,0xF1929292,0x92929292,0x92929217,
	0x17179292,0x92F19292,0x17921792,0x92921792,0x92921717,0x92929292,0xD7999292,0x99F1F192,
	0x92D7D799,0x99995892,0x99D760D7,0x99999999,0x60D7D799,0x92929292,0x999999D7,0x92F1D799,
	0x60929292,0x999999F1,0x99999999,0x929292F1,0xD7D75892,0xF160D758,0xD79999D7,0x609292D7,
	0xD7D7D7D7,0x92929999,0x17929292,0xF1929260,0x92929217,0x929292F1,0x92929292,0xF19292F1,
	0x92179292,0x92929292,0x92921717,0x92F11792,0x179292F1,0x17179292,0x92179292,0x92929292,
	0x92921717,0x92179292,0x929292F1,0x92929292,0x92921792,0x92F1F192,0x92F19292,0x92921760,

	0x28662866,0x28666666,0x6628E928,0x66666666,0x95662866,0x66666628,0x66666666,0x66666666,
	0x95666666,0x66666695,0x66666666,0xE9286666,0x66666666,0x66666666,0x9595E966,0x66666695,
	0x66666666,0x66662828,0x66666666,0x66666666,0x66666666,0x66666666,0x66666666,0x6666E966,
	0x66666666,0x66666666,0x28286666,0xE92828E9,0x2828E995,0x959595E9,0xE9E9E966,0xE9E966E9,
	0x666666E9,0x28666666,0xE9E928E9,0xE9E9E9E9,0xE9E9E9E9,0xE9E9E9E9,0x666666E9,0xE966E928,
	0xE9E9E9E9,0x28286666,0x28662828,0x66666666,0x66669566,0x66666666,0x66959566,0x66666666,
	0xE9666695,0x66666628,0x66666666,0x95956666,0x66666666,0x66956666,0x66666666,0x66956666,
	0x66662866,0x666666E9,0x6666E995,0x66666666,0xE9662866,0x66E9E966,0x666666E9,0x28666666,

	0x00000000,0x00000000,0x00000000,0x00000000,0x00000000,0x00000000,0x00000000,0x00000000,
	0x3D3D3D3D,0x003D3D3D,0x3D3D3D3D,0x3D3D3D3D,0x3D3D1B3D,0x3D3D3D3D,0x3D1B3D3D,0x3D3D3D3D,
	0x3D1B1B3D,0x1B3D1B3D,0x3D3D3D3D,0x3D1B1B3D,0x1B3D1B3D,0x3D3D3D3D,0x3D3D3D3D,0x1B1B1B1B,
	0x1B3D1B1B,0x1B1B1B1B,0x1B1B1B1B,0x1B1B1B1B,0x1B1B1B1B,0x1B1B1B1B,0x1B1B1B1B,0x1B1B1B1B,
	0x1B1B1B1B,0x1B1B1B3D,0x3D1B1B1B,0x1B1B1B1B,0x1B1B1B1B,0x1B1B1B1B,0x3D3D1B1B,0x1B1B1B1B,
	0x1B1B1B1B,0x3D3D1B1B,0x1B3D3D1B,0x1B1B3D3D,0x1B1B3D1B,0x3D1B1B1B,0x1B1B3D3D,0x1B3D3D1B,
	0x1B1B1B1B,0x3D3D3D1B,0x3D3D3D3D,0x3D3D3D3D,0x3D3D3D3D,0x3D3D3D3D,0x3D3D3D00,0x3D3D3D3D,
	0x00000000,0x00000000,0x00000000,0x00000000,0x00000000,0x00000000,0x00000000,0x00000000,

	0xF1F1F1F1,0x991799F1,0x179917F1,0x99171799,0xF1171717,0x17179999,0xF1179917,0x7FF1F1F1,
	0x22222215,0x56F78722,0x528787B6,0x5198513F,0x88985151,0x98985151,0x51985198,0x5126A551,
	0xA551A5A5,0x51512651,0xA5A5A551,0xF7F7F7F7,0x51515151,0x26262626,0x26262626,0x26262626,
	0x26262626,0x26262626,0x26262626,0x26262626,0x2626A526,0xA52626A5,0x262626A5,0x26A52626,
	0x26262626,0x26262626,0x2626A526,0x26262626,0x26262626,0x26262626,0x26262626,0xF75151A5,
	0xF7515126,0x2626F751,0xF7F726F7,0xF7F751A5,0xF7A5F7F7,0xA5A5F7F7,0xA5A5A5A5,0xF7F7F74E,
	0xA5F7A5A5,0x884EA5A5,0x88888888,0x88888888,0x3FF72688,0x203A1C1C,0x8AF798C5,0xE0E0E0B6,
	0x17179992,0x1799F117,0xF1171717,0x171717F1,0x179917F1,0x17171717,0xF1999917,0xF158F1F1,

	0xF1F1F1F1,0x9958F1F1,0x17F117F1,0x17F1F117,0x1799F117,0x17171717,0xF1171717,0x151758F1,
	0x222222E0,0x8788F752,0x8798E070,0x3F3F3F22,0x3F223F22,0x52223F3F,0x4B3F2252,0x4FB4B44F,
	0x262651B4,0x51262651,0x1AC65B51,0x5C215C5C,0x5C5C5C5C,0xBA5C5C5C,0x5CBA5CBA,0x5C5CBABA,
	0x5C5C5C5C,0x5C5C5C5C,0x5C5C5C5C,0xBA5C5CF3,0x5CF3BA5C,0x5C5C5C5C,0x5C5C5C5C,0x5C5C5C5C,
	0x5C5C5CF3,0x5C5CBA5C,0x5C5C5C5C,0x4F5C5C5C,0x5C5C4FF3,0x5CF35C5C,0x13F3F3F3,0x4F4F4F5C,
	0x5C5C4F4F,0x5C5C4F5C,0x5C215C21,0x21212121,0xBF212121,0x5C94C6E8,0xB4A5B4BF,0xBF214FA5,
	0x3F4F5C5C,0x8788983F,0x79BE8888,0x3F3F7979,0xD9527979,0x3AB68852,0xF7268798,0xB6E0E070,
	0x99999997,0xF1171799,0x58F11758,0x17991717,0x17999999,0x17171717,0x17995899,0x58585858,

	0xF1F1F1F1,0x0017F1F1,0x00000000,0x00000000,0x00000000,0x00000000,0x92000000,0x97175892,
	0x222222D9,0x4E52F71C,0x3A209A4E,0x1A46461C,0x215F5F5F,0x2195464B,0x5C219521,0xA55CF35C,
	0x5C5C4FA5,0x4F5C5C5C,0x78C6DFB4,0x5C5C5C26,0x5C5C5C5C,0xBE5C5C5C,0xB401BE5C,0x5CBABA01,
	0x5C5C5C5C,0x5C5C5C5C,0x5CBA5C5C,0x5C5C5C5C,0x5C5C5C5C,0x5C5C5C5C,0x5C5C5C5C,0x5C5C5C5C,
	0x5C5C5C5C,0x5C5C5C5C,0x5C5C5C5C,0x5C5CF35C,0x5C5C5C5C,0x13F3134F,0xF34FF35C,0x5C5C5CF3,
	0x5C5CF3F3,0xF34F5C5C,0x5C5C5CF3,0xBE267826,0x223F3FCB,0xDF75215B,0xBF75BA11,0x5CC69F5C,
	0xF55B5B5B,0xB4B4B4F8,0x21F8B44B,0x95212121,0xB4952121,0x5170E09A,0xF7A53AF7,0x003D3D1B,
	0x00000000,0x00000000,0x00000000,0x00000000,0x00000000,0x00000000,0x17589900,0xF1F1F1F1,

	0xF1F1F1F1,0xC308F1F1,0x83838383,0x83838383,0x83838383,0x83838383,0x671E8383,0x97F1F192,
	0x222222D9,0x4E524EF7,0x97404E4E,0xE0E0E097,0xE0E022E0,0xE022E0E0,0x2222D922,0xE0E0E022,
	0x22222222,0xE022D922,0xE022E0E0,0x22E02222,0x22222222,0xD9D92222,0x22222222,0x22D9B0D9,
	0x2222E022,0x22222222,0x22E02222,0x22222222,0xE0E02222,0x22222222,0x2222E022,0xE0222222,
	0x22222222,0x22222222,0x22E02222,0x22222222,0x22222222,0x22222222,0x22222222,0x22222222,
	0x2222E022,0x2222E0E0,0x22222222,0xD9222222,0xE0E0E0E0,0x2222D9D9,0xE0E022D9,0x22222222,
	0x2222E022,0x22222222,0x22222222,0x22222222,0xE0E02222,0xF7F73F56,0x1BFC87F7,0x2E2E6695,
	0x666666CD,0x424242BD,0x42424242,0x42424242,0x42424242,0x42424242,0xF1F13D42,0xF1F158F1,

	0xF1F1F1F1,0xC77460F1,0x00000000,0xD77A6767,0xD7D7FBD7,0x7A7A6767,0x837B7A7A,0x207E1700,
	0x52D92222,0x4EF7F7F7,0x56BEBF4E,0xF0F05597,0x34EFEF8A,0xEFEFEFEF,0xCB8AEFEF,0xEFEFEFEF,
	0x8A8AEFEF,0x3434348A,0x8AEF3434,0x348A8A8A,0xEF8A3434,0x34343434,0x34343434,0x34343434,
	0x3434348A,0x34348A8A,0x34EFEF34,0xEF348A34,0x34343434,0xEF343434,0x348A3434,0xEF34EF34,
	0xEF34EF34,0x8A8A8A8A,0x34343434,0x34343434,0x3434EF34,0x3434348A,0x34343434,0x8A8A8A34,
	0xEFEF8A34,0x34EFEF34,0xCBEFEFEF,0x8AEFEFEF,0xEFEFEFEF,0xEFEFEFEF,0x8A8A348A,0x8A8AEF34,
	0xEFEF8A8A,0xEF8A8A8A,0xEFCBCBEF,0xEFCBCBCB,0x97F0F034,0xF7BF5297,0xE91B87F7,0x17179999,
	0x3D929292,0x3D1BE042,0x3D3D3D3D,0x31317A3D,0x1B483131,0x1B891B1B,0xF160774B,0xF1F158F1,

	0x17F1F1F1,0x67C7D799,0x12121212,0x2B697AA0,0xB73ECA6C,0x12A0827A,0xC3671212,0xD97F5800,
	0xF7D922D9,0x4EF7F7A5,0x47F0BF4E,0xF0BFE5E0,0xD1D15D8A,0x348ACBAC,0x348A3434,0x34340E0E,
	0x6E6ECB8A,0x6E6ECBCB,0xCBCBCB6E,0x6E6ECBCB,0x6E6E6E6E,0xCBCB6E6E,0xCB6ECBCB,0x6E6E6E6E,
	0x6E6E6E6E,0x6E6E6E6E,0x6E6E6E6E,0x6E6E6E6E,0x6E6E6E6E,0x6E6E6E6E,0x6E6E6E6E,0x6E6E6E6E,
	0x6E6E6E6E,0x6E6E6E6E,0x6E6E6E6E,0x6E6E6E6E,0x6E6E6E6E,0x6E6E6E6E,0x6E6E6E6E,0x6E6E6E6E,
	0xCBCB6E6E,0xCBCB34CB,0xCB6E6ECB,0xCBCBCB6E,0xCB0ECBCB,0xCB8ACBCB,0x0ECB0ECB,0x34343434,
	0x34343434,0x348A3434,0x0CCBCB34,0xF0A5D181,0x20D1F8F0,0x4EBFF0E0,0xE93DF74E,0x92921758,
	0x3D929292,0x80803D49,0x89979780,0x3838C93D,0xE23B9138,0x80808080,0xF16077BD,0xF1F1F1F1,

	0xF1F1F1F1,0x67C792F1,0x12121212,0xF8D6E900,0x5FB9B925,0x12619037,0xC3671212,0xD9F15800,
	0xF7D9D922,0x4EF7F7F7,0xFEC54E4E,0xA7347C40,0x7C3F26C2,0x62623F8A,0x21A73A40,0x21215F21,
	0x21212121,0x21212121,0x21212121,0x21212121,0x21212121,0x21212121,0x21212121,0x2121E821,
	0xC0212121,0x21212121,0x2121215F,0x21212121,0x21212121,0x2121E85C,0x21212121,0x21212121,
	0x21212121,0x21212121,0x21212121,0x21212121,0x21212175,0x21212121,0x21212121,0x21212121,
	0xC0212121,0x2121A73F,0x21212121,0x21212121,0x5F5F2121,0x21212121,0x21212121,0x21212121,
	0x9A9AF821,0xE03A9A9A,0x8A3A624D,0xA7BE8A4D,0x204D1CA7,0x4EBFF090,0xE93DF7A5,0x929292F1,
	0x3D929292,0x80803D49,0x083D9780,0x383838F6,0xF6E40338,0x9780803D,0xF160771B,0x9292F199,

	0x58F1F1F1,0x67C792F1,0x00121212,0xB9A59A2E,0xB9371137,0x12480C0C,0xC3671212,0x22B67F00,
	0xF752D9D9,0xF7A5F7F7,0xFEC5F54E,0x1AF7E53F,0xD122F834,0x3F7CF352,0x5C5CE8F5,0x5C5CBA5C,
	0x5C5C5C5C,0x5CF3135C,0xF3F3F35C,0x5C5C5C5C,0x5CF3F35C,0xA1F313F3,0x5C5C5C5C,0x5C5C5CBA,
	0x5CBAF3BA,0x5C5C5C5C,0x5C5CF35C,0x5C5C5CF3,0xBA5C5C5C,0x5C5CBABA,0xF35C5C5C,0xF313135C,
	0x5C4F5C4F,0x5C5C5C5C,0x5C5C5C5C,0x5C5CBA5C,0x5C4F4F5C,0x4F5C5C5C,0x4FF35C5C,0x4F4F5C5C,
	0xBEBAA14F,0x135CBA5C,0x4FF34F5C,0x5C13134F,0xBABABA5C,0x5C5CBA5C,0xF31313F3,0x5C134F4F,
	0x5C5C4F5C,0x215C5CF3,0x3FAC7CCB,0x05A72275,0x20C21C95,0xA5B42090,0xE93D5151,0x92929258,
	0x00929292,0x97803D49,0xF6327F80,0x38383838,0x91173B38,0x97803DF6,0xF199771B,0xF1F1F1F1,

	0xF117F1F1,0x67C760F1,0x9D001212,0x465D0CC1,0xBC95D637,0x611BCDB4,0xC37A1212,0x22E07E00,
	0x4EF752D9,0xF7F722F7,0xB097E9A5,0x6EF74D79,0xD1F85295,0x4E6EA73F,0x2626BFBF,0xBFBF4E26,
	0x5C5C5CBF,0x5C5C5C5C,0x5C5C135C,0x135C135C,0x4F4F4F13,0x5BB4B4BA,0xB4B4B4B4,0xBA4FBAB4,
	0x5C5C5CB4,0xBA5CBA5C,0x5C5C5C5C,0x6D5CF35C,0x1CA725F7,0x468A34BA,0xB41C1A25,0xB4462E55,
	0x8813136D,0x9AC03FFC,0xA58A05F7,0xF78AA795,0x5C4F5CF7,0x5C5C5C5C,0x5C5C5C5C,0x4F4F5C13,
	0xBA254F4F,0x4F5CBABA,0xB4F54F9F,0xBF5BF5C6,0x94C64E94,0xB4B4B4B4,0xF55B5BB4,0xF31313C6,
	0xF3F35C5C,0x5C5C5C5C,0x3F21BE21,0x953FA575,0x3A62F76E,0xF7C256FE,0xE93D51F7,0x92929292,
	0x3D929292,0x97803D49,0xF6F60897,0xF6383838,0x7AE43BF6,0x8080807F,0xF192771B,0x92F158F1,

	0xF15892F1,0x67C76058,0x9D001212,0x1C0CFC70,0xCA2BAC66,0x7A66259A,0xC37A12A0,0x22E07E00,
	0x4EF752D9,0x4E4E3FF7,0xE0A466A5,0x11C64D11,0xF75BBFA5,0xC64E5222,0xBABABA78,0x5C5C5C5C,
	0x13F35C5C,0x5C5C5C5C,0x5C5C4F4F,0x4F5C5C5C,0x9FC6F55C,0xC6C6C69F,0xC6C6C6C6,0x5CB45CC6,
	0x5C5C5CBF,0x5C5C5CBA,0xBA5C5C5C,0x6D5C135C,0xB7215CBE,0xA58A34F8,0x056675DF,0x88059555,
	0x5B13F3F8,0x2195051C,0x4E8A6DBA,0x268AA7E9,0x5C4FF35C,0x5C5C5C13,0x5CBA5C5C,0x4F4F135C,
	0x5C5CF55C,0x9F9FBABA,0xC6945CBF,0x5CC69494,0xBABABA5C,0xC6C6C6C6,0xC6C6C6C6,0x13B4C64E,
	0x5C5C4F13,0x5C5C5CF3,0x52FC955C,0xA8011125,0xBF4DF84D,0xA53EA4E0,0xE93DF7F7,0x92929292,
	0x3D929292,0x97973D49,0x7AF68297,0xF6F6C908,0x60F638F6,0x80979727,0xF16077BD,0xF1F1F158,

	0xF1F1F1F1,0x67C7D7F1,0x48001BA0,0xD6250C4B,0xBC29CF29,0x7AA829AC,0xC37A12A0,0x22E07E00,
	0x4E4E3A22,0x4E4E4E4E,0x20B02EF7,0x3FCB5F4D,0xFE6E5BF3,0xF3135C21,0xBA13A15C,0x5C5C5C4F,
	0x5C5C5CF3,0x26262626,0x135C5C4F,0x4F5C5C5C,0x5C5C5C4F,0xBA5C5C5C,0x5C5CBA5C,0x5CA1BA13,
	0x5C5C5C13,0x5C5CBA5C,0xBABA5CBA,0x6DBAA15C,0x95214F5C,0xE88A3425,0x4F2175BA,0x1C5C4F6D,
	0x9A131313,0x21215B95,0xBA3405BA,0x5C34A787,0x4F4FF35C,0xBA135C5C,0x5C5C5C5C,0x5C5CBA5C,
	0xBABA5C01,0xBABABA5C,0x5CBA5CBA,0x5C5C5C5C,0xBA5C5C5C,0x5CBABABA,0x5CA14F13,0x79B44E5C,
	0x79797979,0x79797979,0x9887CB3F,0xD8D11C20,0x754D6ECB,0xA53EA440,0xE93DF74E,0x92929292,
	0x3D929292,0x97803D49,0x7A08F6CC,0x387A7A7A,0x030303F6,0x978080CC,0xF192771B,0x92F1F158,

	0xF1F1F158,0x67C7D7F1,0x6A6A1B12,0xD64B70B5,0x2929CFBD,0x08BDCF29,0xC37AA0A0,0x22222000,
	0x4E4E8722,0x4E4E4E52,0x20B0FE75,0x5179E075,0x13A5CB79,0x13134F13,0x13131313,0x5CF85C5C,
	0x5C135C5C,0x5C4F5C5C,0x5C4F4F5C,0x5C5C5C4F,0x13A1A1F3,0x13135C5C,0xBA13A1BA,0x13BA13A1,
	0x5C5C4F13,0x5C5C5C5C,0xBA5C5C5C,0x05BAA15C,0x21210505,0x5505055C,0x5C215F05,0x5D5C5C05,
	0x0513134F,0x05210505,0x5C052105,0x6D051A21,0x4F131305,0x5C5C5C4F,0x5CBA5C5C,0xBF5CF35C,
	0xBA5C5C5C,0xBA5CBAA1,0x5C5C5C5C,0x5C5C5C5C,0x5C5CF3BA,0xBA135C5C,0xBA13BABA,0x403FB4BA,
	0xB9B96AB4,0xCACACAB9,0xF8CACACA,0x7952F7AC,0x35E01C4E,0xB470D4E0,0xE91B4E4E,0x929292F1,
	0x3D929292,0x97973D49,0x7A7A61CC,0x00317A7A,0x03030338,0x8080CE31,0xF160771B,0xF192F117,

	0xF1F1F1F1,0x67C7D7F1,0x5E706161,0xACCD70CF,0x291A9D95,0x7AA3A46A,0xC37AA0A0,0x22228000,
	0x4E4E8722,0x4E4E4E79,0x20B05675,0xB4F8F05F,0xF3135C4F,0x4F131313,0x13134F13,0xBABF4B5C,
	0x13A1BA5C,0x4F5C135C,0xF34F4F4F,0x4F5C4F5C,0x131313F3,0x5C5C5CA1,0x135C5CA1,0xA113A1BA,
	0x5C5C5C4F,0xBABA5C5C,0x4F4F5C5C,0x5CA14FBA,0x135CF35C,0x134F5CF3,0xBA5C4F13,0xBABA5C4F,
	0x5CA11313,0x5C4F135C,0xBAF35C4F,0x135CBABA,0x4F13A1F3,0x5CF34F5C,0x5C5C5C5C,0xBA5B5CBA,
	0x135C5CBA,0x13BA4F5C,0x5CF35C5C,0x5C5C5C5C,0x13F3F35C,0x5CF3F313,0xBABABA13,0xBABABABA,
	0xB96AE921,0xB9B9B9CA,0xB9B9B9CA,0xBA4EC2B9,0x7540B4BA,0xD1E0E040,0xE93D4E4E,0x929292F1,
	0x00929292,0x97803D49,0x7A1BC9CC,0x3D31317A,0x03033831,0x8080CC03,0xF160771B,0xF1F1F1F1,

	0xF1F1F1F1,0x670692F1,0x2BFB12A0,0xA34D6A5B,0x29A3329C,0xA07A3BB7,0xC37AA0A0,0x2222B600,
	0x4E4EF722,0xB4944E4E,0xE9B0805C,0x5CF84075,0xD1D1D111,0x11D1D111,0xD81111D1,0xD1D1BABE,
	0xD811D1D1,0xD1D1D1BA,0xD8D1D1D1,0xD1D11111,0xD8D1D1D1,0xD1D1D1D1,0xD8D8D181,0xD1D1D1D1,
	0xD1D1D1D1,0xD1D1D111,0xD1D1D1D1,0xD111D1D1,0xD1D1D111,0x35117511,0xD11135D1,0x11D1D1D1,
	0xD1D1D1D8,0xD1D1D1D1,0x11D1D1D1,0xD8D1D811,0xD1D11111,0xD1D1D111,0xD1D1D1D1,0xD111BA11,
	0xD1D1D1D1,0xD1D1D1D1,0xD1D1D1D1,0x8181D1D1,0xA8F778D1,0x4EBF8898,0x9FBA5B5B,0xD1818113,
	0x372BFC0C,0x37CACACA,0xCACACAB9,0x7595CAB9,0x7540B45C,0x4D56403E,0xE93D4E4E,0x92F192F1,
	0x3D929292,0x97801B49,0x709AC931,0x8CD40031,0x03F6617A,0xB69792C9,0x5860771B,0xF1F1F158,

	0xF1F192F1,0x670692F1,0x489DA0A0,0x29D1A5BC,0x2929CA29,0xA03DCFE8,0xC37A1212,0x2222D93D,
	0x4E4E4E3F,0x5C4E4E4E,0x622020B4,0x4040565B,0x3F3F4040,0x3F3F3F3F,0x3F3F3F3F,0x8787BEF7,
	0x87878787,0x87878788,0x87878787,0xBE878787,0x3F3F3F87,0x3F3F3F3F,0x3F3F3F3F,0x3F3F3F3F,
	0x3F3F3F3F,0xBE87793F,0xBEBE87BE,0xBEBEBEBE,0x87BE8787,0x3F3F79BE,0x3F3F3F3F,0x3F3F3F3F,
	0xCBCB3F3F,0x3F3F3F3F,0x8787CB3F,0xBE87BEBE,0xBE8787BE,0xBEBEBEBE,0x3F79BE87,0x3F3F3F3F,
	0x3F3F3FCB,0xCB3F3F3F,0x3F3F3F3F,0x79793F3F,0xE0E03F79,0x222222E0,0x52525222,0x52798779,
	0x373EFE79,0xCA5BF85B,0x5BB97521,0x40E9CA5C,0xB4204040,0xF3567262,0xE91B4E4D,0x92929292,
	0x00929292,0x31801B49,0x897A7A91,0x3100317A,0x033B3131,0x80B2AF03,0xF160771B,0xF1F1F1F1,

	0x92F1F1F1,0x670692F1,0xEEEE61A0,0x29D1FCD7,0x29292929,0x121B297C,0xC37A1212,0x2222D900,
	0x4E4E4E51,0x0C4E4E4E,0xAC205687,0x888852BE,0x26888898,0x5C5C5C88,0x5C5C5C5C,0xBA5C5C5C,
	0xBABABABA,0x5C5C5C5C,0x5C5C5C5C,0x5C5C5C5C,0xC0959575,0x95C095C0,0xC095C095,0xC0C0C0C0,
	0xA7A7C095,0x5C21A7A7,0x5C5C5C5C,0x5C5C5C5C,0x5C5C5C5C,0x9595955C,0xC0C0C0C0,0xA7C0A7A7,
	0x1AA7A7A7,0xA7A7A7A7,0x5C4BA7A7,0x5C5C5C5C,0x5C5C5C5C,0x5C5C5C5C,0xA7A7215C,0xA7A7A7A7,
	0xA7A7A7A7,0xC0A7C0C0,0xA7C0C0C0,0x7595C0A7,0x5C5C5C5C,0x5C5C5C5C,0x5C5C5C5C,0x5C5C5C5C,
	0xCA52A55C,0xCACACA37,0xB9B9B9B9,0xF8E937CA,0x258726B4,0x8756200C,0xE93D4ED8,0x92929292,
	0x00929292,0x31971B49,0x7A7A7A91,0x7A7A7A08,0x323B7A7A,0xCEB2AF03,0xF160771B,0x17F1F1F1,

	0x92F1F1F1,0x670617F1,0x70E96112,0xC6E5A847,0xD6292929,0x123D29B9,0xC37A1212,0x52222200,
	0x4E4E4E4E,0xE54E4E4E,0xAC40FEC5,0xF35C0120,0x5C4F4F13,0x5C5C4F4F,0xBA5C5C5C,0x135CBABA,
	0x5C5C5CBA,0x5C5C5C4F,0x5C5C5C5C,0x5C5C5C5C,0x8A40F0CB,0x8A8A8A8A,0x8A8A8A8A,0x8A8A8A8A,
	0x408A8A8A,0x5C798A40,0x5C5CBA5C,0x5C5C5C5C,0xF3BA5C5C,0x8A404BC0,0x8A8A8A8A,0x8A8A8A8A,
	0x8A8A8A8A,0x8A408A8A,0xF546F040,0x5C5C5C5C,0x5C5C5C5C,0xBA5C5C5C,0x20F06EE8,0x8A8A8A40,
	0x408A8A40,0x408A8A8A,0x40404040,0x6E8A4040,0x5C5C5CBA,0xBABA5C5C,0xBA5C5C5C,0x5CBA5C5C,
	0xCA874F5C,0xB4CAF8B9,0x5BF80C5B,0xF8E90C0C,0xF0BE5C5C,0x902040AC,0xE93DF775,0x92929292,
	0x3D929292,0x00973D49,0x08083161,0xFB7A7A7A,0x03037A08,0x80CECC03,0x1799771B,0xF192F1F1,

	0xF1F192F1,0x670699F1,0xB04B7AA0,0x3ACDA8FB,0xAC6A296A,0x123DA7BC,0xC37A1212,0x52222200,
	0x4E4E4E4E,0x5BB44E4E,0xD146B0C5,0xF35CAA40,0x4F4F1313,0xBA5C5C4F,0xBABABABA,0x5C9F21BA,
	0xC69F5C5C,0x5C5C265C,0x5C5C5CBA,0xF75C5C5C,0x88983AA7,0x88888888,0x88888888,0x88888888,
	0x88888888,0xA5217098,0x5C5C5CBA,0x5C5C5C5C,0x5C5C5C5C,0x883A8AB4,0x88888888,0x88888888,
	0x98888888,0x98888888,0x4B349888,0x5C5CF35C,0x5C5C5C5C,0x5C5C5CBA,0x88FCA788,0x88888888,
	0x98888888,0x88988888,0x88889888,0x5F3A8888,0x5C5C5C88,0x5CBABA5C,0x5C5C5C5C,0x5C5C5C5C,
	0xCA1C5CBA,0x1111F3B9,0xCAB95FB9,0x21F837F3,0xF0BABA5C,0x15229A7C,0xE91B26D1,0x92929292,
	0x3D929292,0xF1971B49,0x08001708,0x31FB08FB,0x03F67308,0x9789FB08,0x5899771B,0xF192F1F1,

	0xF1F1F1F1,0x67C717F1,0x589A3D12,0x702EB582,0xBC6329CB,0x12127EBC,0xC37A1212,0x46222200,
	0x4E4E4E4E,0x255C4E4E,0x759AB0F4,0x1313AAF0,0x4F13134F,0x5C5C5C5C,0xBABABABA,0x5C11BF7C,
	0x7575C65C,0xBABA5C4F,0x5CBABABA,0xF75C5C5C,0x888898A7,0x88888898,0x88888888,0x88888888,
	0x88888888,0xF7A79888,0x5C5C5C5C,0x5C5C5C5C,0x5C5C5C5C,0x8888344B,0x98888888,0x98888888,
	0x88889888,0x88888898,0xB4348888,0x5C5C5C5C,0x5C5C5C5C,0x5CBA5C5C,0x88982188,0x88888888,
	0x98988888,0x88889898,0x88988888,0x5F988898,0x5C5C5C88,0x5C5C5CBA,0x5C5C5C5C,0x5C5C5C5C,
	0xB92BA55C,0x6A6AB9B9,0xCACA6AB9,0x4DF8CAB9,0xF0BAF3BA,0x15B09A4D,0xE91BB4B4,0x92929292,
	0x3D929292,0x97801B49,0x7A829100,0xE2FB6017,0x31033B60,0xCC030360,0xF192771B,0x92F1F1F1,

	0xF1F1F1F1,0x670617F1,0xC7317012,0xB7618206,0x29CA56B7,0x1260A627,0xC37A12A0,0x4E222200,
	0x4E4E4E4E,0x525C4E4E,0xBFC1D415,0x13134F52,0xF34F4FA1,0x5C5C135C,0xBFBFA55C,0x4EBF4EBE,
	0xD8BF4EBF,0xBABABABE,0x5C5CF35C,0xF75C5C5C,0x888888A7,0x88888888,0x98888888,0x88888888,
	0x88888888,0xA55F9898,0x5C5C5C5C,0x5C5C5C5C,0x215C5C5C,0x8888344B,0x88888888,0x88888888,
	0x88888888,0x88888888,0x21348888,0xF35C5C4F,0x5C5C5CF3,0x5C5C5C5C,0x8898A788,0x98888888,
	0x88888888,0x88888888,0x88888888,0x1A888888,0x5C5C5C88,0x5C5C5C5C,0x5C5C5C5C,0x5C5C5C5C,
	0x372BF75C,0x0CD63737,0x0C0C0C0C,0xFCCDD60C,0x3F5CBABA,0x15B62BC6,0xE91B5C52,0x92609292,
	0x3DF19292,0x31581B49,0x600D31C9,0x3BFB3131,0x0308083B,0x083B3803,0xF160771B,0x9292F1F1,

	0xF15858F1,0xAE061758,0x12713282,0xFBC30606,0x60702B2B,0x083271F6,0xC37A1212,0x4E3F3F00,
	0x4E4E4E4E,0x52D84E4E,0xCBC12256,0x4F1313BE,0x5C4F4F4F,0x0FBFBA21,0x751111BF,0x5C5C5C26,
	0xA5A55CF3,0xBFBFBFBF,0x5C5CBABA,0xF75C13BA,0x888888A7,0x88888888,0x88888888,0x88888888,
	0x88888888,0xA5A79888,0xBA5C5C5C,0x5C5C5C5C,0x5C5C5C5C,0x98883495,0x88888888,0x88888888,
	0x88989898,0x98888888,0x21348888,0x5C5C5C5C,0x0F26C65C,0x5CF32626,0x8898A726,0x88888888,
	0x88888888,0x88889888,0x88888888,0xA7988888,0x5C5C5C88,0x5C5CBA5C,0x5C5C5C5C,0x5C5C5C5C,
	0xC22BF7BA,0x5D5D8888,0x5D1CBE1C,0x8888885D,0x79B44E5D,0x97E02B79,0xE91BF31C,0x92929292,
	0x00929292,0xF6608949,0x600860F6,0x17C9F631,0x38F60317,0x3BC93838,0xF160773D,0x929292F1,

	0xF1F1F1F1,0x7AC760F1,0x4A067B38,0x4A127B7B,0x3295A306,0x121271A6,0xC3821208,0x4E794000,
	0x4E4E4E4E,0x97D84E4E,0x6D2BE0E0,0xA14F4FF7,0xBA5C4F13,0xBA5CC64E,0x01F3A1BA,0x5C5C4F75,
	0xBA5C5B5C,0x5CBA5CBA,0xF35C5C5C,0xF75C135C,0x8888881A,0x88888888,0x88888888,0x88888888,
	0x88888888,0xA55F9888,0x5C5CBA5C,0x5C5CBA5C,0x5C5C5C5C,0x8888344B,0x88889888,0x88888888,
	0x98888888,0x88888888,0x21348888,0xBFB45C5C,0xF3BA13BF,0x5C5CBA5C,0x98982126,0x88888888,
	0x88888888,0x98888888,0x88988888,0xA7988888,0x5C5C5C88,0x5C5C5C5C,0xBA5C5C5C,0x5C5C5CBA,
	0x1CCDF7BA,0xCA37CA62,0x37373737,0xCACACACA,0x984BCD37,0xA4E02BF0,0xE91B5C20,0x92929292,
	0x00929292,0x0391CC49,0x60600303,0x036060FB,0x383B3B3B,0x383891F6,0xF192773D,0x92929292,

	0x5817F1F1,0xC7A06017,0x6700007A,0x7A7A6767,0x00000067,0x67670000,0x1EA06782,0x4E87223D,
	0x4E4E4E4E,0x15C6BF4E,0x8AD13F22,0x4F4FF35C,0x4F5C4F4F,0x5CBA5CA1,0x4DBE134F,0xBE815B13,
	0xBABABABE,0x5C5CF35C,0xF35C5C5C,0xF75C5C5C,0x888898A7,0x88888888,0x88888888,0x88888888,
	0x88888888,0xA5A78888,0x265CBA5C,0x5CBE2626,0x5C5C5C5C,0x8888344B,0x88988888,0x88888888,
	0x88888888,0x88888888,0x216D9888,0x5CBA5C5C,0x5C5C5CBA,0x5C5CF35C,0x8898C026,0x88888888,
	0x88888888,0x88888888,0x98989888,0xA7988888,0x5C5C5C88,0x5C5C5C5C,0x5CBAF35C,0x5CF35CBA,
	0xEF3FC65C,0x1175755F,0x11111175,0x75757575,0x5CC62675,0x22F0D1F0,0xE91B5B15,0x92929292,
	0x3D929292,0x0000C494,0x00000031,0x000000CC,0x3DCC3100,0x00310000,0x1760EEDB,0x929292F1,

	0xF1F1F1F1,0x4A7A1717,0x334A4A4A,0x4A4A4A4A,0x4A4A4A4A,0x4A4A4A4A,0x674A4A4A,0x4E8822B0,
	0x4E4E4E4E,0x15BFBF4E,0x8AD18AFE,0x5C4F5C5C,0x134F4F5C,0xF34FA113,0x5BC21A13,0xBAF35C5C,
	0x4F5C5C21,0x4F5CF35C,0xF313F3F3,0xF7BA1313,0x888888A7,0x98888888,0x98889888,0x88888888,
	0x88888888,0xA5A78888,0x5CBA5C5C,0x5C5C5C21,0x5C5CBABA,0x888834B4,0x88888888,0x88888898,
	0x98888888,0x88888898,0x216D8888,0x5CBABA5C,0x5C5C5C5C,0x5CBA5CF3,0x8898A788,0x88888888,
	0x88888888,0x88888888,0x88888888,0x5F888888,0x5C5C5C88,0x5CBABA5C,0xBA5C5C5C,0x5C5CF35C,
	0x40F7C6BA,0x8A8AF08A,0x8A8A8A8A,0x8A8A8A8A,0xB45B468A,0xD93478CB,0xE91BC615,0x9292F192,
	0x92929292,0x778C8CBD,0x77777777,0x77777777,0x77777777,0x77777777,0xF1923D8C,0x929292F1,

	0x1717F1F1,0x0017F117,0x31310000,0x00000031,0x31313100,0x00000000,0x69000000,0x4E4E87D9,
	0x4E4E4E4E,0x15799E4E,0xF5268AFE,0x5C135CBA,0xF313F34F,0x5C4F13F3,0x134F5CBA,0x5C5C134F,
	0x5C4F135C,0xF3F3F35C,0x135C13F3,0xF75C4F5C,0x8888881A,0x88888888,0x88988888,0x88888888,
	0x88888888,0x265F8888,0xBABA5C5C,0xF35C5C5C,0x4F5CBABA,0x8898344B,0x88888888,0x88888888,
	0x88888888,0x88888888,0x216D5188,0x5CBABA5C,0x5C5C5C5C,0xBA5C5C5C,0x8888A788,0x88888888,
	0x88888888,0x88888888,0x88888888,0x5F888888,0x5C5C5C88,0x5C5CBA5C,0x5C5CF35C,0x5CBA5C5C,
	0x5C4F5C5C,0x4F4F4F5C,0x4F4F4F4F,0x4F4F4F4F,0x5C4FB4B4,0xD93401F8,0xE93D1C15,0x92929292,
	0x92F19292,0x000000F1,0x3D3D0000,0x0000003D,0x00000000,0x00003D3D,0x9292EE3D,0x929292F1,

	0x17F1F1F1,0xFBFB1717,0x60606099,0x999917F1,0x60609999,0xFBFB6060,0x97B29999,0x4E4E8756,
	0x4E4E4E4E,0xB6C5C60F,0x9A346EB0,0x111111C6,0xAA111111,0x11111111,0xBA111181,0x11111111,
	0x11111111,0xB4B4F811,0xBA11B4B4,0x251111BA,0x8888981A,0x52888888,0x98885252,0x88888888,
	0x98888888,0xA5C09888,0xAABA1111,0x11BABA11,0x11111111,0x888834B4,0x88888888,0x88888888,
	0x88888888,0x88888888,0x21348888,0x1111BA11,0x11111111,0x11111111,0x88982126,0x88888888,
	0x88888888,0x88888888,0x98888888,0x21888888,0x1111111C,0x11BABA11,0xBA111111,0x1111BABA,
	0x11BABA11,0xBA111111,0x111111BA,0xBABABABA,0xF7BABABA,0xE0341C70,0xE93D5297,0x92929292,
	0x929292F1,0x999999D7,0x60929299,0x9999D799,0xFB999999,0x6017D760,0xF192EED7,0x929292F1,

	0x1717F1F1,0x83071717,0x67C367C3,0x8300E2F1,0xD7C300C3,0xC38367C3,0xC3830083,0x4E4E3A00,
	0x4E4E4E4E,0xE0C513BF,0xE08A7980,0x88A8A53F,0xA5A5A5A5,0xA5A5A5A5,0xA5F74EBF,0xA5F7A5F7,
	0xA5A5A5A5,0x525252F7,0xF7F7BE52,0x88A5A5A5,0x3F52521A,0x3A3F223F,0x52523A3A,0x52525252,
	0x22795252,0x1C952252,0xF7F7F74E,0x4EF7F7A5,0x25F7F7F7,0x3F3F6DB4,0x52525252,0x52525252,
	0x52525252,0x52525252,0x21343F52,0x4EF7F7F7,0x4E254E4E,0x25254E25,0x3F52A787,0x52525252,
	0x52797952,0x52525252,0x793F523F,0x21523F52,0x4EF74E52,0xF7F7A5F7,0xA5A5F7F7,0xA5A5F7A5,
	0x8888A8F7,0x88888888,0x88888888,0x5D888888,0x22888888,0x56CBF0E0,0xE91BC5E0,0x92929292,
	0x92929292,0x6242ACC5,0xAC1BBDE0,0x6642AC77,0x77000077,0x243DB070,0x9260EE48,0x929292F1,

	0x17F192F1,0x674A99F1,0x67C3C367,0x00837A92,0x0083001E,0x67C3679C,0x00676767,0x4E4E40C3,
	0x4E4E4E4E,0x22207CBF,0x3ACBD120,0x5CC64EBE,0x5C4F5C5C,0x5C5C5C5C,0x5C5C5CA5,0x5C5C5C5C,
	0x5C5C5C5C,0x5C5C5C5C,0xD14D5C5C,0xA581D181,0x9898981A,0x88989898,0x88889888,0x98989898,
	0x98989888,0x46959898,0xD1D1D181,0xD1D1D1D1,0x757575D8,0x988834B4,0x98889898,0x88889898,
	0x88989898,0x98889898,0x956D9898,0xD181814D,0xD181D1D1,0x81D1D1D1,0x98982126,0x98989898,
	0x98988888,0x88888888,0x98888898,0x21989898,0x81D1D188,0xD1D1D181,0x818181D1,0xD1D1D1D1,
	0xD1D1D1D1,0xD1D1D1D1,0xD1D1D1D1,0xD1D1D1D1,0xF74DD1D1,0x20116D70,0xA71BF0B0,0x929292F1,
	0x92929292,0x3DBD0F6D,0x42BD4987,0x001BBD42,0x428C4942,0x77BD9487,0xF1926627,0x929292F1,

	0x17F1F199,0x674A1717,0x00830000,0x678367FB,0x1E00001E,0x671E0000,0x67676767,0x4E4E40C3,
	0x4E4E4E4E,0xE0151ABF,0x4BCB5F56,0xF3134F5C,0x131313F3,0xF35CF313,0xF3F3F3F3,0x4F4F5CF3,
	0x134F4F4F,0x135C4F13,0x5C5C5CF3,0xA5BABA5C,0x8888885F,0x88888888,0x88888888,0x88888888,
	0x88888888,0xA5219888,0x5CBA5C5C,0x5C5C5C5C,0x5C5CBA5C,0x888834B4,0x88988888,0x88888888,
	0x88888888,0x98888888,0x95348888,0x4F4F5C5C,0x4F4FF35C,0x5C5CF34F,0x88989588,0x88888888,
	0x88888888,0x88888888,0x88888898,0x21988888,0xBA5CBA88,0x5C5C5CBA,0x5C5C5C5C,0x5C5C5CBA,
	0x5C5C135C,0x5C5C5CF3,0x4F5C4F13,0xF34F5C4F,0x4F135CF3,0x2035F04B,0xA71B80B0,0x92929292,
	0x92929292,0x3DBD0F6D,0x42ACBD79,0x3D1B1B42,0x42003D49,0x318CBD00,0xF1926658,0x92929292,

	0x606017F1,0x004A9917,0xC383FBE2,0x7AC3FBC3,0x1E7A00C3,0xC38300E2,0x276767C3,0x4E4E20C3,
	0x4E4E4E4E,0x20151A78,0x219AA7C5,0x1313135C,0xF313F3F3,0xF313F3F3,0xF3F3F3F3,0x4FF3F313,
	0x131313A1,0x5C4F5C5C,0x5C5CBA5C,0xA5BA5C5C,0x888888A7,0x88888888,0x98888888,0x88888888,
	0x88988888,0xF7219888,0x5C5CBA5C,0xBA5C5C5C,0x5CBA5C5C,0x888834B4,0x98888888,0x88888888,
	0x88888888,0x88888888,0x21348888,0x4F5C5C4F,0x4F5C4F4F,0x5C5C5C5C,0x88882188,0x88988888,
	0x88888888,0x88988888,0x88888888,0x5F888888,0x5C5CBA1C,0x5C5CBA13,0x215C5C5C,0x5C4F5CD6,
	0x5C5C5C5C,0x5CBA5C5C,0x5C5CF3BA,0x4F4F5C4F,0xBABA4F4F,0x20C2FC21,0xA71B97B6,0x92929292,
	0x92929217,0xAC49496D,0x423D1B8A,0xB7494277,0x42E24849,0x17C03DFB,0xF19266F1,0x92929292,

	0x17F117F1,0xFBE2F117,0xE2E2E2E2,0x99FBE2E2,0xE2999999,0x7A7A7AE2,0xA4697AE2,0x9AF73A69,
	0x4E4E4E4E,0x80B0CDBA,0x219A6220,0x131313F3,0xF3135C13,0xF3F3F313,0xF3F313F3,0x1313F3F3,
	0x4F131313,0x5C5C5C4F,0xBA5C5C5C,0xA5BA5C5C,0x888898A7,0x88888888,0x88888888,0x88888888,
	0x88888888,0xA5A79888,0x5CBA5C5C,0x5C5C5C5C,0x5C5C5C5C,0x888834B4,0x88888888,0x88888888,
	0x88888888,0x88888888,0x21348888,0x5C5CBA5C,0x5C4F4F13,0x5C5C5C5C,0x88982188,0x88888898,
	0x88888888,0x98888888,0x88889898,0xA7888888,0x5CF35C88,0x5CF3F35C,0x5C5CBABA,0xF311A52B,
	0xBABA5C5C,0xBABA5C5C,0xF35C5CBA,0x5C4FF35C,0x26265C5C,0x40629826,0xA73DD4E0,0x92929292,
	0x17179917,0xFBFBE208,0xFBFB9999,0xFBFBFBFB,0xFBFBFBE2,0x99FBFBE2,0x9292EE99,0x92929292,

	0xF1F1F1F1,0x003CD7F1,0x53C80000,0x5899FB61,0xCC570092,0x410057AD,0xAD003C00,0x86863D58,
	0xBF4E9440,0xB6E0707C,0x5C4B2BF7,0xA15CF3F3,0x13F35C13,0x13F3F313,0xF313F313,0x131313F3,
	0x13A113BA,0x5CBA5C5C,0x5C5C5C5C,0xF75C5C5C,0x988898A7,0x88888888,0x88888888,0x88888888,
	0x88988888,0xA5219888,0x5C5C5C5C,0x5C5C5C5C,0x5C5C5C5C,0x888834B4,0x88888888,0x88888888,
	0x88888888,0x88888888,0x21348888,0x5C5C5C5C,0xF3131313,0x5C5C5CBA,0x98882188,0x88989888,
	0x88988888,0x88888888,0x88988888,0x21888888,0x5C5C5C88,0x5CBA5C5C,0x5C5C5CBA,0x815F465C,
	0x5C5C5C7C,0xBABABA5C,0x5C5C5C5C,0x26C65C5C,0x4F4FC688,0x25629A5C,0xE93DA420,0x3153D758,
	0x868600E7,0xF1999900,0x00C8AF58,0x99A95300,0xADFBD2FB,0xC8610086,0x9292EE00,0x929292F1,

	0xF1F1F1F1,0x00C892F1,0x00AD0000,0x583C00AD,0x00ADAD92,0xE27A00D7,0x00AD0000,0xAD0053AD,
	0x4E4E941B,0x56E0B64D,0x5C4BA75F,0x5C4F5CF3,0xA15CBA5C,0xF34F5C13,0x5C4F4F5C,0x5C13F34F,
	0x135CBA5C,0x5CBA5C5C,0x5C5C5C5C,0xA85C5CBA,0x889898A7,0x88888888,0x88888888,0x88888888,
	0x88888888,0xA5A79888,0x5C5C5C5C,0x5C5C5C5C,0x5C5C5C5C,0x88886DB4,0x88888888,0x88888888,
	0x88888888,0x88888888,0x21348888,0x5C5C5C5C,0x5C5C1313,0x5C5C5CBA,0x8898A788,0x88888888,
	0x88888888,0x88888888,0x88988888,0x21888888,0x5C5CBA88,0x0FBABA5C,0xA5BFBF5C,0x7C52C626,
	0xBF758888,0x5C5CBABA,0x2626215C,0x5C5CC626,0x4F5C5C5C,0x7C62C0BA,0x6600D420,0x00869999,
	0x00AD00A9,0xF10000AD,0xAD7A86D7,0x00AD00AD,0x6B00AD00,0x00AD4400,0x929247AD,0x929292F1,

	0xF1F1F1F1,0x2FC81792,0xA9AD7A2F,0x9200006B,0x31860092,0x00008686,0xAD009744,0x57005300,
	0xBF94941B,0x56E015C2,0x0FF78735,0xBFA50F26,0x5C5B5C5C,0xBFBFBF5C,0xA5BFA5BF,0x5C26A5BF,
	0xBA5CDF5C,0x5C5CBABA,0x5CBA5C5C,0xA5BA5C5C,0x889898A7,0x88888898,0x88888888,0x98988888,
	0x88888888,0x885F9888,0x5C5C5C5C,0x5C5C5C5C,0x5C5C5C5C,0x888834B4,0x88888888,0x88889888,
	0x88888888,0x88888888,0x5F6D9888,0x5C5C5C5C,0x5C134F13,0x5C5C5C5C,0x8898A726,0x88888888,
	0x88888888,0x88888888,0x88888888,0xC0888888,0x5C5C5C88,0x5C5C5CBA,0xD8D15C5C,0xA51ABAD8,
	0x7881D135,0x269FBABA,0x5C4E2626,0x5C5C5C5C,0x5C5C5C4F,0x0C5121BA,0x6600B020,0x4486FB99,
	0xA9AD0053,0xF1000000,0x00AD0099,0x00AD00AD,0x00E200AD,0x00AD002F,0x92922AAD,0x92929292,

	0xF1F1F1F1,0x00C817F1,0x7AADFB00,0x92310099,0x00ADAD92,0x3C00ADAD,0xADADB63D,0xADAD0057,
	0xD194C61B,0x15221595,0xBF265235,0x13BA264F,0xBABA5CBA,0xBA5CBA5C,0x5C5C5C5C,0xF3F3F35C,
	0x5C5C5C5C,0x5C5C5C5C,0x5C5C5C5C,0xA55C5C5C,0x888898A7,0x88888888,0x88888888,0x88888888,
	0x88888888,0x885F9888,0x5CF35C5C,0x5C5C5CBA,0x5C5C5C5C,0x88883495,0x88888888,0x88888888,
	0x88888888,0x88888888,0x216D8888,0x5C5C5C5C,0x5C5C5C4F,0x5C5C5C5C,0x8898A788,0x88888888,
	0x88888888,0x88888888,0x88888888,0x21988888,0x5C5C5C88,0x5CBAF3BA,0x5C5C5C5C,0x4D5C5C5C,
	0xBABAC61C,0x5C5C5C5C,0x5CBA5C4F,0x2688265C,0x26262626,0x81790F26,0x663DFE20,0x00869999,
	0x92AD0044,0x99000092,0xADADAD41,0x7AADADD7,0xADCC1785,0xADE7B1AD,0xF1929DAF,0x92929292,

	0x60F1F158,0xE23192F1,0xE2000000,0x99929217,0x00000099,0x00003100,0x0000A420,0x3D001B00,
	0x81949446,0x56809752,0x5C213FD1,0x5C5C5C4F,0x5CBA5C5C,0x13BABABA,0x5C135CF3,0x5C5CF313,
	0x5C5C5C5C,0xBA5CBA5C,0x5C5CBA5C,0xA5135C5C,0x888898A7,0x88888888,0x88888888,0x88888888,
	0x88888888,0xA8A79888,0xF3BA5CBA,0x5C5C5CF3,0x5C5CF35C,0x88883495,0x88888888,0x88888888,
	0x88888888,0x88988888,0x21348898,0x5C5CF35C,0x5C5C5C5C,0x5C5CF3F3,0x8898C026,0x88888888,
	0x88888888,0x88888888,0x88989888,0x95889888,0x5CF31388,0x5CBA5C5C,0x5CF35C5C,0x115C5C5C,
	0x5C9F8749,0x5C5C5C5C,0x5C5C7CD1,0x5C5C5C4F,0xBA21215C,0xD14021BA,0x663DE056,0x00009999,
	0x92000000,0x991792F1,0x000000FB,0x31310000,0x7AE2F13D,0x0000CC7A,0xF192EE3D,0x929292F1,

	0xF1F1F1F1,0xCC4492F1,0x44B1B1E2,0x99607A44,0x2F440099,0xC8E2F100,0xBB20E77A,0xA5513D85,
	0x8194BF4E,0xD1E020B0,0x5C4FF04D,0xBA5C5CF3,0x5C5C5C5C,0x5C5CBABA,0xF3F35CF3,0xF3BAF35C,
	0x5C5CBABA,0x5C135CF3,0x5C5C5C5C,0x5C5C5CBA,0x98983F3A,0x98989898,0x98989898,0x98988888,
	0x98989898,0xB4464098,0x5C5C5C5C,0x5C5C5CF3,0xF35C5C5C,0x9898B701,0x98989898,0x98989898,
	0x98989898,0x98989898,0x6E959898,0x5C5C5CF3,0x5C5C5C5C,0x5C5C5C4F,0x5140BE5C,0x98988898,
	0x98989898,0x98989898,0x98989898,0x3F3F9898,0x5C5C5C5C,0x5C5C5C5C,0xF3F35C13,0x5C5C5C5C,
	0x5C4FF35C,0xBA5C5C5C,0xF32125C6,0x5C5C5C5C,0xBA5C5C5C,0x4D555C5C,0xE93D56E5,0xB1CC1799,
	0x442FAFCC,0x99FB4444,0x44009999,0x002F2A00,0x7AE79992,0x2FD7002F,0xF192EE00,0x92929292,

	0xF158F1F1,0x57C89292,0x0086AD3C,0x00ADAF00,0x00570099,0x002F992A,0xADBBAD73,0x4E3A5300,
	0x819F4E4E,0x7CB62080,0x5C5CBE4F,0x5C5C134F,0x5CF35CF3,0x5CF35C5C,0x5CBABA4F,0xBA215FBA,
	0x5C5C5C5C,0x5C5C5C5C,0x5C5C5C5C,0xF35C5C4F,0x4B4B98B4,0x666666F8,0xF84B4B4B,0x4B4B4B66,
	0x4B4B4B66,0x5CB479F8,0x5C5C4F5C,0x4F5C5C4F,0x5C5CF35C,0x4B4B465C,0x4B4BF84B,0xF84BF84B,
	0x664B954B,0x4B956666,0x5C254B95,0x5C5C5C5C,0x4F5CF35C,0x5C5C5C5C,0xF83F5C5C,0x664B664B,
	0x4B956666,0x954B4B95,0x4B4B9595,0xB479F866,0x5C5C5C5C,0x5C5C5C5C,0x5C5C5C5C,0x5C5CF3F3,
	0xF3B4AC5C,0x5C5C5C5C,0xF35C4F5C,0xBABA5C5C,0x5CF3F35C,0x26A55C5C,0x663D56E5,0xAD7A1799,
	0xADC8AD6B,0x8600E700,0xAD2A99D7,0xAD00AD00,0x7A2A6199,0x00AD00AD,0xF192AFAD,0x92929292,

	0xF158F1F1,0x00C817F1,0xAD86ADAF,0x00000057,0xAD570099,0xC5A90000,0xAD3DAD3D,0x4E3A5300,
	0xD15B4E4E,0x7C80FE15,0x1111BF79,0x11111111,0x11111111,0x11111111,0x11111111,0xF78788D1,
	0x11111111,0x11111111,0x11111111,0x5C111111,0x6E0EF811,0x6E6E6E6E,0x6E6E6E6E,0x6E01016E,
	0x6E6E6E6E,0x11BAA56E,0x11111111,0x11111111,0x11111111,0x0E0EBABA,0x6E6E6E6E,0x6E6E6E01,
	0x6E6E6E6E,0x6E6E6E6E,0x11116E6E,0x11111111,0x11111111,0x11111111,0x6E25BA11,0x6E6E6E6E,
	0x6E6E6E6E,0x6E6E6E6E,0x6E0E6E6E,0x11256E6E,0x1111BABA,0x11111111,0x11111111,0xBA111111,
	0x7C25F7A7,0x11111111,0x1111BA11,0x5C5CBA11,0x959521E8,0x984695B4,0x663D154D,0xAD7A1799,
	0xADC8002F,0x00BBADAD,0xAD00F192,0xAD7AAD00,0x7A00867A,0x00AD00AD,0xF11758AD,0x929292F1,

	0xF1F1F117,0x00C8D7F1,0x0086ADFB,0x002FE299,0x57570099,0x7000AD73,0xE700AD2A,0x4E3A4453,
	0x88F8F74E,0x9F3A3A15,0x8A8A20B6,0x8AF0F08A,0x8A8A8A8A,0x8A8A8A8A,0xCB3FCBCB,0xACBE954F,
	0xCBCBCBCB,0x8A403FCB,0x8A8A8A8A,0x8A8A3FCB,0x3F8A8AF0,0x3FCB3FCB,0x3F3F3FCB,0x3FCB3F3F,
	0xCBCBCBCB,0xCB8A8ACB,0x8A8ACBCB,0x8A8A8A8A,0xCB79CB3F,0x8A8A8ACB,0xCBCBEF8A,0xCBCBCB3F,
	0xCB3FCBCB,0xCB8ACBCB,0x8A8A8ACB,0x8A8ACB8A,0x8A8A8A8A,0xCBCBCB8A,0xCB8A8A8A,0x3F7979CB,
	0xBECBCB79,0x79BE7979,0x79878AA5,0x8A8A8A8A,0xEF3F3F8A,0x408A8A8A,0x3F3FCB40,0xCBCBCBCB,
	0xC64B8821,0x8A8A8A6D,0x8A408A8A,0x40408ACB,0xE0E04040,0x97802080,0x663D705C,0xADCCF158,
	0xADC800FB,0xB131927A,0xAD2F1792,0xC8AD862A,0x009900AD,0x86C86BAD,0xF192AF44,0x9292F117,

	0xF1F158F1,0x0000F1F1,0x31000092,0x9999F192,0x00009999,0x9A480000,0x1B1B1B1B,0x4E4EBD1B,
	0x405BF74E,0xE8873A15,0x13268822,0xB45B5B5B,0x81818181,0x81818181,0x5CD88181,0x6E1A8779,
	0x1A5C5CD1,0xBE7962CB,0xBE7979BE,0xC2F787BE,0x5C5C5C5C,0x5C5C5C5C,0x5C5CBA5C,0x5CBABABA,
	0xBA5C5C5C,0x955C5C5C,0xBE871A3F,0xBEBEBE87,0x2BBEA587,0x5C5C5C4F,0x5C5C5C5C,0x5C5C5CBA,
	0x5C5CBABA,0x5C5C5C5C,0xB45C5C5C,0xBE88BEA7,0x87BEBEBE,0xCB218787,0x5C5C4F5F,0xBA5C5C5C,
	0xBA5C5C5C,0x5C5CBABA,0xBA5C5C5C,0xD1D1D15C,0x79BEBFAC,0xBE79BEBE,0x6E628779,0xAC7C817C,
	0x79794BCB,0x5C5C5C75,0x5C5C5CBA,0x5C5C5C5C,0x5C5C5C5C,0x203F465C,0xE93D3A21,0x00089258,
	0x00000099,0x929292CC,0x00319292,0x00000000,0x00929200,0x00000000,0xF192EE00,0x9292F1F1,

	0xF1F1F158,0xF199F1F1,0x9292F1F1,0x92F1F192,0x99999999,0xF77F9999,0x4E4EF7F7,0x4E4E4E4E,
	0xC5B4F74E,0xBA95FEC5,0x7C7C0120,0x81818181,0x4F4F137C,0x5C5C13A1,0x5CBA5CBA,0xAC5DA521,
	0xCB5C5C11,0xD1AC7962,0xD1D1D1D1,0x79A779AC,0xAABABABA,0x215CBABA,0x2121E821,0xBA21E821,
	0xBA5C5C5C,0x795CBABA,0x81AC795C,0x81818181,0xCB95517C,0x5C5C5C5C,0x5C5CBABA,0x21212121,
	0x2121215C,0xBABA5C5C,0x5C5C5CBA,0x7C882B0E,0x81818181,0x5B79AC81,0xBAF35C3F,0x5C5C5C5C,
	0xE821755C,0x752175E8,0xBABA5C21,0xBABA5CBA,0x4D3F2579,0xD1D1D1D1,0x4D87757C,0xF35C5CBE,
	0x756E1CC2,0x5C5C5C5C,0xBA5CBA5C,0x5C5C5C5C,0x5CF35C5C,0xC52613F3,0xA73D5F5F,0x92929292,
	0x175858F1,0x92F1F1F1,0x92929292,0x92929292,0x92929292,0x92929292,0x5892EE58,0x9292F192,

	0xF1F1F1F1,0xCCCC58F1,0x7A7AFBCC,0xE2CCCC08,0xCCE2CC7A,0xC548CC7A,0x4E4E4EF7,0xC6055552,
	0x7EB4B44E,0x792BFEFE,0x5C5C5C1C,0xF3BA5CF3,0xF3F35C5C,0x5C5C5C13,0x5C5C5C5C,0xF35C4B13,
	0x5F95BABA,0x5CF3F83F,0x5C5CF3BA,0x1A79C65C,0xBABABA6E,0x4B25BABA,0xF846F84B,0xBE4BF8F8,
	0x5CBABA5C,0x4D88BABA,0x5C5CB43F,0x5CBABABA,0xB4875C13,0xBA5CB48A,0x26BABABA,0x46F5F8F5,
	0xF5F5F846,0x5CBABABF,0x525C5C5C,0xBABA1C1A,0xBABABA5C,0x7921F35C,0xBA5CF7D8,0x5CBABA5C,
	0xF546F55D,0x46464646,0xBABABF46,0x6EBAF35C,0x5C218775,0x5C5C5CF3,0xBE21BA5C,0xF35C75D1,
	0x5CB4B44F,0xBABA5C5C,0x5C5C5CBA,0x5C5C5CBA,0xF3F35C5C,0x985C135C,0xA71BC26E,0x92929292,
	0xF1929292,0x92929292,0x92929292,0xF1F1F192,0x92F192F1,0x92929292,0xF1926658,0x92F192F1,

	0xF1F192F1,0x57539999,0xADB10057,0x002FD73C,0x53FBAD53,0xAFAD5700,0x1C4E3D00,0xBDADAD53,
	0x15C64F94,0xE0C2973A,0x5C5C5C25,0xF3BABAF3,0x5C5C5C5C,0x5C5C5C5C,0x5C5C5C5C,0x5C5C5C5C,
	0xBE88215C,0x5C5C5C1A,0x5C5CF35C,0x21C05C5C,0xBABA0F62,0xCB4B755C,0x3FCB3F3F,0x62793FCB,
	0x5CBABA79,0xBE6221BA,0x5C5CBA4B,0x5C5C5C5C,0xCB5C5C5C,0x5C5C6EC2,0x626EBA5C,0xCB797979,
	0x79797979,0x5CF36E62,0x62CB5C5C,0x5CBABA79,0x5CBA5C5C,0x755CF35C,0xF3211ABE,0x79BABABA,
	0x79CB7962,0x3F3F3F3F,0x5C219579,0xD6255CBA,0xF35C21BE,0x5C5C5C5C,0x1ABA5C5C,0xF3756E6E,
	0x5C5C1313,0x5C5C5C5C,0x5CF35C5C,0xF35CBA5C,0xF35C5C5C,0xB4F35C5C,0xA71B4D98,0x92921758,
	0x00000092,0x00000000,0x00000000,0x00000000,0x99000000,0x92929292,0xF160EE92,0x92F1F160,

	0xF15892F1,0xAF8660F1,0x00AD00FB,0x006BFBAD,0x8653AD53,0xAD00AD00,0x88A5AF00,0xBDAD2ABD,
	0x15255C94,0xC5625690,0xF35C13C6,0xBAF3135C,0x5C5C5CBA,0x5C5C5C13,0x5C5C5C5C,0x135C5C5C,
	0x7925A55C,0x5C5CF35C,0x5CF35C5C,0x795B5C5C,0xBABA4E4D,0x79B4F75C,0x5C4F5C5C,0xC0F55C4F,
	0xBABA5C21,0x794D215C,0x5C5CBABA,0x5C5C5C5C,0x79BABABA,0x5C5C6E4D,0x1ABE5C5C,0x5CBA5C79,
	0x795CBA5C,0x5C5C4EC2,0xAC795C5C,0x5C5CBA26,0x5C5C5C5C,0xBA5C5C5C,0xBA2121BE,0xA721F3BA,
	0x5C5C251A,0x215C5C5C,0x5CB42179,0x0CA55C5C,0x5CF35C1C,0x5C5C5C5C,0x5C5CBA5C,0xF3B4BE6E,
	0xBA5CBABA,0x5C5C5C5C,0x5C5C5C5C,0xF35C5C5C,0x4F5C5C5C,0x5BBA1313,0xA71BAC40,0x92929292,
	0xBCBC5000,0xBCBCBCBC,0xBCBCBCBC,0xBCBCBCBC,0x009DBCBC,0x92929217,0xF1602858,0xF1F1F1F1,

	0xAF926060,0x00866060,0x00AD0000,0x006B7AAD,0x8600AD53,0xAD00AD00,0xFC88AF00,0x1BAD3DAF,
	0x56BE5C94,0x56F3F03A,0x13134FB4,0xBABA5C5C,0x5C5CBABA,0x5CBA5C13,0x5C5C5C5C,0x5C5C5C5C,
	0x5C9A9595,0x5C5C13F3,0x5C5C5C5C,0xB4F35C5C,0x5C21BEF7,0x5CA56E46,0x4F5C4F5C,0x6E5C5C5C,
	0xBA5C2562,0x5CBE7975,0x5C5CBABA,0x5C5C5C5C,0xBABABABA,0x5C95AC6E,0x6E2BE95C,0xF35CBABA,
	0xF35CA1F3,0x4F4B2BCB,0xBE4D215C,0xBABABABA,0x5C5C5C5C,0xBA5C5C5C,0x216EBEBA,0xC2F85CBA,
	0x5C5C5C6E,0xBA5C5CF3,0xB46EBE5C,0xBEF7B45C,0x5C5C5C5C,0x5C5C5CBA,0xF35C5C5C,0x5C8788A7,
	0xBA5C5CBA,0x5C5C5C5C,0x5C5C5C5C,0x5C5C215C,0x135C5C5C,0xBAF3F35C,0xE91B1140,0x92929299,
	0xC9A65000,0x717171F6,0x71717171,0xA6717171,0x00243271,0x92929292,0x17602892,0x60601717,

	0xAFAF60AF,0x00A99260,0x3CAF7A00,0xC83C0061,0xB1CC3C00,0x00A9A900,0x98513D00,0x3FE7E73D,
	0x3A405C94,0x525D8A22,0x26134F5B,0xBA262626,0x13BABABA,0xBA5C1313,0x5C5CF35C,0x5C5C5C5C,
	0xF5524B98,0x5C5C5CF3,0x5C5C5C5C,0x795CBA5C,0xB4B4BEF8,0x5CC0C2CB,0x5C5C5CBA,0x5CBA5C5C,
	0xF3F8F779,0x88C6791A,0xBA5C5C5C,0x5C5C5C5C,0x01F3BA5C,0x5C954DBE,0x2179CB5C,0xF35C5C5C,
	0xF35C4FF3,0xB4CB6EB4,0x79AC215C,0xF35CBA5D,0x5C5C5C5C,0x5C5C5C5C,0x216E5DBE,0x3FF746F3,
	0x5C5C5C5C,0x5C5C5C5C,0x3F4D4BBA,0xC052B4B4,0x5CBABACB,0x5C5C5C5C,0x5C5C5C5C,0x26BE26A7,
	0xBA5C5CBA,0xBABA11F3,0x5C5CF3BA,0x5CB4B45C,0xBABA5C5C,0xBA5CBA5C,0x283D019A,0x92609299,
	0x12C75000,0xC7C7C774,0xC7C7C7C7,0xC7C7C7C7,0x0024A071,0x92929292,0x60602892,0x60926060,

	0x60AF6017,0x609992AF,0x9999FBF1,0x9999C9FB,0x1799B8AF,0x52B658F1,0x88512626,0x949090D9,
	0x3A405C94,0xF7888AE0,0x5CB4265D,0xE8215C5C,0x265D5D7C,0x785B2626,0x5C5C5CC6,0x5CF35C5C,
	0x46F72521,0x5C5C5CF3,0x5CBA5C5C,0x1CC65C5C,0x6E5BBE95,0xBA5C6EC2,0x5C5C4F5C,0x5C5C5C5C,
	0x5CBEF7A7,0x79C62BBA,0xBA5CBA5C,0x5C5C5C5C,0xBE5C5C5C,0x5C756E62,0x5C1AA76E,0xBA5C5C5C,
	0x5C5C5C5C,0xBE2BA75C,0x4D0E75BA,0x5C5CBABE,0x5CBABA5C,0xBA5C5C5C,0x5C1AB4BE,0x4B46885C,
	0x5C5C5C5C,0x5CBA5C5C,0x2B6E5CBA,0x624BB4BE,0x5CBA5C79,0x5C5C5C5C,0x5C5C5C5C,0x21BE5C79,
	0xBAF3BAF3,0xF3F3F3F3,0x5C5C5CF3,0x5CBA5C5C,0xBA5CBA5C,0x5CBABF26,0x283D79F7,0x92929258,
	0x7412503D,0xC7C77474,0xC7C7C7C7,0x7474C7C7,0x00246174,0x92929292,0x60AF2892,0xC96092C9,

	0xC96060C9,0xC9AFAF60,0x60F6F660,0xC9C960C9,0xC9C932FB,0x4E4E87F1,0xB4F7A5A5,0x4E4E4E4E,
	0x3A97F85C,0x9488BEE0,0x4F4F135C,0x135C4F13,0xBA81D813,0x4F4F497C,0x5C5C5C13,0x5C5C5C5C,
	0xCB4B4E5C,0x5C5C5C5C,0x5C5C5C5C,0xC24E5CBA,0x79B45C79,0x135CBE2B,0x5CF3BA5C,0x5C5C5C5C,
	0x2125465C,0x5F4B5FBA,0x5C5C5CF7,0xBABA5C5C,0xCB5C5C5C,0xBEBACB2B,0x5CE8624E,0x5CBA5C13,
	0x5C5C5C5C,0x2662E85C,0xA7CB11E8,0x5C5C218A,0x5C5C5C5C,0xBE5C5C5C,0x5C5FF81A,0x5C464E98,
	0x5C5C5C5C,0x5C5C5C5C,0x2BBEBA5C,0xCB5CB487,0xBABAB462,0x5C5C5CBA,0x5C5C5CBA,0xF35F95F7,
	0x5CBA5C5C,0x5CBABABA,0x5C5C5C5C,0x5C5C5C5C,0xBABABABA,0x4F5C5CBA,0x283D79A5,0x92929258,
	0x74C7503D,0xC7C7C774,0xC7C7C7C7,0x7474C774,0x0024E374,0x92929292,0xC9602858,0x60AFAF60,

	0x60AFAF60,0xC96060C9,0xAF326032,0x32AFAF32,0xAFAF60AF,0xBFA53F27,0xB44EBFBF,0x4E4E4EC6,
	0x98971CC6,0xBF340C8A,0x134F13BA,0x5C4F4F4F,0xBABABA5C,0xBFBABABA,0x26262675,0xF3782626,
	0x4D4B5C5C,0x5CBA5C1C,0xBA5C5C5C,0x6E25F85C,0x75F75CBA,0x5CF34F3F,0x5C5C5C5C,0xBA5C5C5C,
	0xCBF888F3,0x95255CBA,0x5C5CA7BE,0xBABABABA,0xA788B4BA,0x795C5C52,0x5CBA794D,0x5CBA5CBA,
	0x5CBA5C5C,0xD879BABA,0x795CBA79,0xBA218821,0x5C5C5C5C,0xCB015CBA,0xBABABEF8,0xF3889A3F,
	0x5C5CBA5C,0x5C5CBABA,0x3F5CF313,0x21BA5175,0x5CF8F879,0xF3F3135C,0x795CBA5C,0x5C5C2562,
	0x5C5CBAF3,0xF3F3BA5C,0x5C5C5C5C,0x5CBA5C5C,0xBABABABA,0x5C5C5C5C,0x283DF0A5,0x92929292,
	0x7474D53D,0x7171C7C7,0x71717171,0x743B7171,0x00247B74,0x92929292,0xFBAF2892,0x03AF60C9,

	0xC93232A6,0xA6C9C960,0xAFA6A6C9,0xC9A632C9,0xC9A6A660,0xA5A52620,0x94BF4EA5,0x4E4E4E4E,
	0xFEA4E111,0xBACB7C8A,0x4F5C5CBA,0x4F4F4F4F,0xBABA5C5C,0x5C5CBAF3,0x5CBAF35C,0xF35C5C5C,
	0x8721BA5C,0xF35CF5BE,0x5C5C4F5C,0x9526BEF8,0x7C4EBABA,0x5C5CB479,0x5C5C5C5C,0x5C5C5C5C,
	0x79C0885C,0x3FF3BABA,0x5C218875,0xBA5C5CBA,0x3F4D51BA,0x795C5CB4,0xBABA7949,0xBA5C5C5C,
	0x5C5C5C5C,0x7579BABA,0x5C5C5C79,0x5C51C679,0xBABA5CBA,0x75FC5CBA,0xBABA5C3F,0x5C984E3F,
	0x5C5C5C5C,0xBA5C5C5C,0x795C5C5C,0xBABAF77C,0xB4BEC62B,0x13F3F35C,0xBE4EBA5C,0xF3BA5C88,
	0x5CBA5C5C,0x5C5C5CF3,0x5C5C5C5C,0x5C5CBA5C,0x5CBABABA,0x4F5C5CF3,0xE93D6DB4,0x92929292,
	0x74C7D53D,0x74D574C7,0x747474C7,0x749D9374,0x0024E374,0x92929292,0xC9322892,0x3232C932,

	0xA6A6A6A6,0xA6A6A6A6,0xC9A6A6A6,0xA6A6A6A6,0xC9A6A6A6,0x26515120,0xBFBA4EA5,0xB44E4E94,
	0x56A420D1,0x0C98AC8A,0x7C7C0C0C,0x7C7C7C7C,0x5CBA11BA,0x5C5C5C5C,0x5C5CF35C,0x5C5C135C,
	0x79BABABA,0x6E6EC0C2,0x6ECBCBCB,0x5C4BB498,0x79D8BA5C,0x5C4F884D,0x5C5C5C5C,0xA1BA5CBA,
	0x21A54EC6,0x1A5C5CBA,0x7979F86E,0x796E6E6E,0x626EB479,0x4D5C5C4F,0x5C211A79,0x5C5C5C5C,
	0xBA5C5CBA,0x6E2121F3,0x5C5C5C21,0x6E1A6E21,0x6E6E6E79,0x3F1A796E,0x5C5C5C4D,0x5C4BF5C0,
	0xBA5C5C5C,0x5CBABA5C,0x4DBE5C5C,0xBABAD8BE,0x521A465C,0x6ECB6E6E,0x5BACBE79,0x5C5CBAC0,
	0x5CF35C5C,0x5C5C5C5C,0x5C5CBABA,0x8111BABA,0x7C7C7C7C,0x81818181,0x3E1B527C,0x92929292,
	0xC7C7D500,0x742A74C7,0x1212C774,0x74E37474,0x00247B74,0x92929292,0xA6C92892,0xA6A6A6A6,

	0xA6A6A6A6,0xA6A6A6A6,0xA6A6A6A6,0xA6A6A6A6,0x99A6A6A6,0x26265120,0xBFE8F7A5,0x134E9494,
	0x56B097D1,0x40E0F879,0x4040403F,0x40404040,0xD1751ABE,0xD1D1D1D1,0xD1D1D1D1,0x81818181,
	0xBABA5CBA,0xC01AA579,0xE8212121,0x5C5CA51A,0xCB5C5C5C,0x5C5CF8A7,0x5C5C5C5C,0xBABABA5C,
	0x5CBEB479,0xBA5C5C5C,0x2121BEAC,0x21212121,0x5C4DF521,0x5CBA5C5C,0x5C875FCB,0x5C5CF35C,
	0x5C5C5C5C,0xCB1A8821,0x5C5C5C5C,0x21F7A7BA,0x21212121,0xD8BE2121,0x135CBABA,0xBE75BE5C,
	0x5C5C5C5C,0x5CBABA5C,0xF81A215C,0xBABABA6E,0x215D5C5C,0x21212121,0xBEBE1A75,0xDF5BF35C,
	0x26262626,0x11112688,0xD18181D1,0x40C0BA7C,0xF0204040,0x40F0F0F0,0x3E1B223F,0x92929292,
	0x74C7D500,0x74C774C7,0x71747B74,0x74E374A0,0x00247B74,0x92929292,0xA6C92858,0xC9A6A6A6,

	0xA6A6A6A6,0xA6A6A6A6,0xA6A6A6A6,0xA6A6A6A6,0x58A6A6A6,0x2626A5F7,0x4EBF26F7,0xD194944E,
	0x20B09735,0x0F984BF5,0x26260F26,0x26262626,0xCB87BE87,0x5C4F21CB,0x4F4F134F,0xBABA5C5C,
	0x5CBABA5C,0x8A8ACBAC,0xCBCBCBCB,0x5C5CBACB,0x4D5C5C5C,0x5C9562CB,0x5CF35C5C,0x4E5C5C5C,
	0xBAB44E6E,0x5CBA5C5C,0xCBCB955C,0xCB8ACB8A,0x5CF3C6CB,0x5C5CBA5C,0x2B0E79E8,0xBA5C5C5C,
	0xBA5CBABA,0x5CCB6E1A,0xBABA5CF3,0xCBBF5CBA,0xCBCB8ACB,0x5C95CBCB,0x5C5C5C5C,0x794EBE5C,
	0x5CF3F3C6,0x5C5C5C5C,0x3F62955C,0x5C5C5C11,0x34D85C5C,0x8A8A8ACB,0x7C3FCBCB,0x5CBABABA,
	0x5C5C5C5C,0xBFBF5C5C,0xCB8AF7BF,0xBEBE8779,0x5D882626,0x268888BE,0x3E1B9A4E,0x92929292,
	0x74C7D53D,0x747474C7,0x74747412,0x74E3C712,0x00247B74,0x92929292,0xA6C92892,0xA6A6A6A6,

	0xA6A6A6A6,0xA6A6A6A6,0xA6A6A6A6,0xA6A6A6A6,0x58A6A6A6,0xA52626F7,0x4EBF26F7,0x81C6944E,
	0x20FED45C,0xB4E94B5C,0x11111111,0x11111111,0xBAAABA11,0xC6C6F5F5,0x5C13A1C6,0x5CBABA5C,
	0x5CBA5C5C,0xAABAAAF3,0xBAAABABA,0x5C5CF3AA,0x5C5CF35C,0x21257975,0x13F35C5C,0x794FF34F,
	0x5CBA8875,0x5C5C5C5C,0x1111F3F3,0xBAAABAAA,0x5C5CBAAA,0x5C5C5C5C,0x6E21C05C,0xBABA5C26,
	0xC6BABABA,0x5C951A0E,0xBABA5C5C,0xAABA5C5C,0xBA11BABA,0x5C5CBA11,0x5C5C5C5C,0x7587BA5C,
	0x5C135C79,0x5C5C5C5C,0x7587BE21,0x5C5C5CBA,0xAA5C5C5C,0xAAAABAAA,0xF3AABABA,0x5C5C5C5C,
	0x5C5C5C5C,0x5C5C5C5C,0x115CBA5C,0x11111111,0x11BA1111,0x81D1AA11,0x3E1B1AD1,0x92179292,
	0xC7C7D500,0x74747474,0x06067B74,0x74E3C7C7,0x00247B74,0x92929292,0xA6C92892,0xA6A6A6A6,

	0xA6A6A6A6,0xA6A6A6A6,0xA6A6A6A6,0xA6A6A6A6,0xCE60C9A6,0xA5A5264E,0x4EBF2651,0x819F944E,
	0x5640B022,0x13F8400C,0xBABA5C5C,0x5CF35C5C,0x5C5C5C5C,0x5C5C5C5C,0xBABF5C5C,0xBA5C5CBA,
	0x5CBA5C5C,0x5C5C5C5C,0x5C5C5CBA,0x5CBA5C5C,0x5C5C5C5C,0x7995625C,0xCBCBCBCB,0x2B3FCBCB,
	0x5C5C5C6E,0x5C5C5C5C,0x5CBA5C5C,0x5C5C5C5C,0x5CF35C5C,0x5C5C5CF3,0xC26E5C5C,0x6E6E6E52,
	0x876ECB6E,0x5CF3014D,0x5C5C5C5C,0x5C5CBAF3,0x5C5C5C5C,0x5CBA5C5C,0x5C5C5C5C,0x6E5CBA5C,
	0xCBCB791A,0x6ECBCBCB,0xF3AC4EBE,0x5C5C5C5C,0x5C5C5C5C,0xBA5CBABA,0x5C5C5C5C,0x5C5C5C5C,
	0x135C5C5C,0x5CBA5C5C,0xBA5CBA13,0x4F5C5C5C,0x5C4F4F5C,0xBABABA5C,0x3E1BAC81,0x92929292,
	0xC7C7D500,0x74747474,0x74747474,0x74E3C7C7,0x00247B74,0x92929292,0xA6C928F1,0xA6A6A6A6,

	0xA6A6A6A6,0xA6A6A6A6,0xA6A6A6A6,0xA6A6A6A6,0x5292A6A6,0xA5A5A54E,0x4E4E5F51,0x819F944E,
	0xFE22D922,0x4F4F6D62,0x5C5C5C5C,0xBA5C5C5C,0x5CBA5CBA,0x5CF35CF3,0xBABA5C5C,0x5C5CBABA,
	0xF35C5C5C,0xBABA5C5C,0x5C5CF35C,0x5C5C5C5C,0x5C5C5C5C,0xA70E5CBA,0x21212121,0xCB5F2121,
	0x5CBABAD1,0x5C5C5C5C,0x5C5C5C5C,0x5CBA5C5C,0xF35C5CBA,0x5C5C5C5C,0x0EBA5C5C,0x21757521,
	0x4D752195,0x5CBA116E,0x5C5C5CBA,0x5CBA5C5C,0xBA5C5C5C,0x5C5C5C5C,0x5C5C5C5C,0x4D5C5C5C,
	0x2121B40E,0x75219595,0xBABA01C2,0x5CF35C5C,0x5C5CBA5C,0xBA5C5CBA,0x5C5C5C5C,0x5C5C5C5C,
	0x5C5C5CBA,0x5CBA5C5C,0x5C5C5CBA,0x5C5C5C5C,0x7CAC4F5C,0xBABABA0C,0xE91BBABA,0x9292F192,
	0x74C7D500,0x74747474,0xC7747474,0x74D59374,0x00247B74,0x92929292,0xA6C92892,0xA6A6A6A6,

	0xA6A6A6A6,0xA6A6A6A6,0xA6A6A6A6,0xA6A6A6A6,0xB017A6A6,0xA5A5A5F7,0x4E4E5CA5,0x81784E4E,
	0xB422FE80,0x4F5CC50C,0xF34F4F4F,0x5CBA5C5C,0x5C5CBA5C,0x5C5C5CBA,0xBABABA5C,0x5C5C5C5C,
	0x5C5C5C5C,0x5C5CBA5C,0xF35C5C5C,0x5CBA5CF3,0x5C5C5CF3,0x0ED85C5C,0x0E34CB0E,0xAC0ECB34,
	0x5CBABA5C,0x5C5C5C5C,0x5C5C5C5C,0x5C5C5C5C,0x5CBA5C5C,0x5C5C5CF3,0xD85C5CBA,0x0ECB6E6E,
	0x6ECB0E34,0xBA5CBA11,0x5C5C5C5C,0x5CBA5C5C,0x5C5C5C5C,0x5C5C5C5C,0x5C5C5C5C,0x5C5C5C5C,
	0xCBCB0EAC,0xCB0E0E0E,0x5C5C816E,0x5C5C5C5C,0x5C5CF35C,0xBA5C5C5C,0x5C5C5C5C,0x5C5C5C5C,
	0xBABA5C5C,0x5CBA5C5C,0x5C5C5C5C,0x5C5C5C5C,0x0FD85C5C,0xBABABABA,0x283DF3BA,0x929292D7,
	0x74C7D500,0xAFF67474,0xAFAFAFAF,0x74C971AF,0x00247B74,0x92929292,0xA6C92892,0xC9A6C9A6,

	0xA6A6A6A6,0xA6A6A6A6,0xA6A6A6A6,0xA6A6A6A6,0x987F32A6,0x4EBF26A5,0x4E4EC65B,0x25BF885F,
	0x11228756,0x5C5C6E62,0xF35CF34F,0xBA5C5CF3,0xBF134FBA,0xBFBFBF4E,0x94BF78BF,0x944E4E94,
	0x5C5C5C5C,0x5C5C5C5C,0x5C5CBABA,0x5C5C5C5C,0x5C5C5C5C,0xBA5C5C5C,0xF3F3F3AA,0x5CAA5CF3,
	0x5C5C5CF3,0x5C5C5C5C,0xBA5C5C5C,0x5C5C5C5C,0x5C5C5CF3,0x5C5C5C5C,0xBABA5C5C,0xF3F3F3AA,
	0x5C5C5CBA,0xBABA5C5C,0xBA5C5C5C,0xBABA5C5C,0x5C5CBA5C,0x5C5C5C5C,0x5C5C5C5C,0xBABA5C5C,
	0x5C5CF35C,0xF3AAAAF3,0x5C5CBABA,0xBA5C5C5C,0x5C5C5C5C,0x5C5CBABA,0x5C5C5C5C,0x5C5C5C5C,
	0xBA5C5C5C,0x5C5CBA5C,0x5CF3BAF3,0xBA5C5C5C,0xD8BABA5C,0x13BABABA,0xE93DF55C,0x92929258,
	0x74C7503D,0x611D7474,0xB2B2B2B2,0x7461E3D0,0x00247B74,0x92929292,0xA6C92892,0xA6A6A6A6,

	0xA6A6A6A6,0xA6A6A6A6,0xA6A6A6A6,0xA6A6A6A6,0xFC97AFA6,0x4EBFA5A5,0x4E4EBF11,0x3F5B2640,
	0x0CE04056,0x5CBABE87,0x88BF4F5C,0x8787BEBE,0xC694BF5D,0x5C5CBAC6,0x5C5C5C5C,0x5C5C5C5C,
	0x8181C65C,0xBABA8181,0x2626BE5C,0x5C5CBF4F,0x5C5CBA5C,0x5C5C5C5C,0xF3F35C5C,0x5C5C5C5C,
	0x5C5C5C5C,0x5C5CF35C,0x5C5C5C5C,0x13F3F35C,0x5C5C5CF3,0x5C5C5CBA,0xF3BA5CBA,0x5C5C5C5C,
	0x5CBABABA,0x5C5C5C5C,0x5CBABABA,0x5C5CF35C,0xBA5C5C5C,0x5C5C5C5C,0xBABA5CBA,0x5C5C5C5C,
	0x5C5C5C5C,0x5C5C5C5C,0x5C5C5C5C,0x5C5C5C5C,0x5C5C5C5C,0xBF9E817C,0x5C5C5C11,0x5C5C5C5C,
	0xBA5C5C5C,0x5C5C5C5C,0x5C5C5C5C,0x5C5C5CBA,0xA5BFBF4E,0xA5A5BFA5,0xE93D8888,0x92929299,
	0x7474503D,0x2A2A7474,0x2A2A2A2A,0x74122A9D,0x00247B74,0x92929292,0xA6C92892,0xA6A6A6A6,

	0xA6A6A6A6,0xA6A6A6A6,0xA6A6A6A6,0xA6A6A6A6,0xF797AFA6,0xBFA551F7,0x944EA5D8,0xF0F3C63F,
	0x0CE02015,0x2626F58A,0x4F218788,0x5C5C5C5C,0x5C5C5C5C,0x5CBABA5C,0x5C5C5C5C,0x5C5C5C5C,
	0xF3F34F5C,0x5C5CF3BA,0x5C5C5C5C,0xBA5C5C5C,0x5C5C5C5C,0x5C5C5C5C,0x5C5CBA5C,0x5C5C5C5C,
	0x5C5C5C5C,0xBA5C5C5C,0xBA5C5C5C,0x4F5C5CF3,0x5C5C5C4F,0x5C5C5C5C,0x5C5C5C5C,0xBA5C5C5C,
	0x5CBABABA,0x5CB45C5C,0xBA5CBABA,0xF3F3134F,0x5C5C5C5C,0x5C5C5C5C,0x5C5C5C5C,0x5C5C5CBA,
	0x5C5C5C5C,0x5C5C5C5C,0x5C5C5C5C,0x5C5CBA5C,0x9FBF5C5C,0xAABA9F9F,0xF381BF81,0x5C5C5C5C,
	0x5C5CBA5C,0x5C5C5C5C,0x5C5CBF5C,0xA5BFBA5C,0xBABABA26,0x5CBABABA,0x283DB45C,0x92929299,
	0x7474503D,0xA612C7C7,0xC9C9A6A6,0x74061212,0x00247B74,0x92929292,0xA6C92892,0xA6A6A6A6,

	0xA6A6A6A6,0xA6A6A6A6,0xA6A6E3A6,0xA63232A6,0xA53AAFA6,0x11A5A5F7,0xA594269F,0x565BC652,
	0x0CE9B6C5,0xBABABA8A,0xF3F35C5C,0xBA5C5CF3,0x5C5C5C5C,0x5CBA5C5C,0x5CBABABA,0x5C5C5C5C,
	0xBA5C5C5C,0x5C5CBA5C,0x5C5CF3BA,0x5CBA5C5C,0x5C5C5C5C,0xBA5C5C5C,0xBA5CBA5C,0x5C5C5C5C,
	0x5C5CBA5C,0x5CF35C5C,0x5C5CBA5C,0x6ECBB45C,0x34F855BE,0x2601CB4B,0x05A8B405,0x21016E6D,
	0x5C052175,0x6D796E5C,0x34BE6E75,0xA7F8B455,0x5C6E6ECB,0x5C5C5C5C,0x5C5C5C5C,0x5C5C5C5C,
	0xBA5CBA5C,0x5CBA5C5C,0x21215C5C,0x5C5C5C5C,0x5C5CBA5C,0x5C5C5C5C,0x5C5CF35C,0x5C5C5C5C,
	0x5C5C5C5C,0x5CBA5C5C,0xF35C5C5C,0x5C5C4FF3,0xBA5C5CBA,0x21215C5C,0xE93D9521,0x92929292,
	0x74A6503D,0x74C7C7C7,0x74747474,0x74747474,0x00241D74,0x92929292,0xA6C92892,0xA6A6A6A6,

	0xA6A6A6A6,0xA6A6A6A6,0xC9A0A0A6,0xA012C961,0xA59815A6,0xBAA5A5A5,0x7C944E26,0x15B49FCB,
	0xC6E997B0,0x5CBABAF7,0x5C5CBA5C,0x5C5C5C5C,0x5C5C5C5C,0x5CBA5C5C,0x5C5C5C5C,0xBA5C5C5C,
	0xBABA5CBA,0x5C5C5CBA,0x5C5C5C5C,0x5C5C5C5C,0x5C5C5C5C,0xF35C5C5C,0x5C5C5C5C,0xBABA5C5C,
	0xF35CBA5C,0x5C5C5C5C,0x5C5C5C5C,0x0E8A955C,0x6D05555C,0xBA0E344B,0x052E1C05,0xBA340E6D,
	0x5C950505,0x5C0E5C5C,0x054F2121,0x754B346D,0x135C0E8A,0x5C5C5C5C,0x5C5C5C5C,0x5C5C5C5C,
	0x5C5C5C5C,0x5C5C5CBA,0x215C5C5C,0x5CBABA5C,0x5C5C5C5C,0x5C5C5C5C,0x5C5CBA5C,0x5C5C5CBA,
	0x5C5C5C5C,0x5C5C5C5C,0x5CF35C5C,0x5C4F4FA1,0x265C5C5C,0x95252526,0xA71B5C21,0xB8929292,
	0x7406D500,0x7474C7A0,0x74747474,0x7BC7C7C7,0x00240674,0x92929292,0xA6C92892,0xA6A6A6A6,

	0xA6A6A6A6,0xA6A6A6A6,0xE3A0A0E3,0xE3E3A0A0,0xA59897E3,0x5CF5A5A5,0xA54E4E88,0x971A1322,
	0xCBE95690,0x5C4F5CBE,0x4F4F4FA1,0x5C5C5C5C,0x5C5C5C5C,0x5C5C5C5C,0x5CBA5C5C,0x5C5C5B5C,
	0x5CBABABA,0x5C5C5C5C,0xF35C5CF3,0x5C5C5C5C,0x5C5C5C5C,0x5C5C5C5C,0xBA5CBA5C,0xBA5C5C5C,
	0x5C5C5C5C,0xBA5C5C5C,0xF3F35C5C,0x211C21F3,0x6D4F0513,0x5C5CF795,0x055CB405,0xBABABA6D,
	0x5C4F4BA7,0x5C1ABFBA,0x05B49521,0x21F71134,0xBA5C5C3A,0xA15C5C5C,0x5C5CBA5C,0x5C5C5C5C,
	0x5C5C5C5C,0x5C5C5C5C,0x5C5C5CBA,0x5C135C5C,0xF35C5C5C,0x5C5C5CF3,0x5C5C5C5C,0x5CBA5CBA,
	0xF37CBA5C,0xBA13F3BA,0x5C5C5C5C,0xF34F4F5C,0x215C5C5C,0x5C215C21,0x3E1BBA5C,0x92929292,
	0x3232D500,0x121271C9,0x12711212,0x7A7A8212,0x00B57A67,0x92929292,0xA6C92892,0xA6A6A6A6,

	0xA6A6A6A6,0xA6A6A6A6,0xA632A6A6,0xA6A63232,0xA5FCB6C9,0x4EB4F7F7,0x514E4E88,0x974613CB,
	0x40A7A43A,0x5C4FB44E,0x13131313,0x5C5C1313,0x5CBAF3F3,0xF35CF3BA,0x5CF3F35C,0xBA2587AC,
	0x5CBA5C5C,0xF3F35C5C,0x13F3F3F3,0x1313134F,0xBAF3F3F3,0x5CF3F3F3,0xF3F3F35C,0x5C1313F3,
	0x1313F313,0xF3131313,0x5CF3F35C,0x6D6D21F3,0x345C0505,0x056D6D21,0x34BAF305,0x5C6D3434,
	0xBA13955F,0x6D8ACBBA,0x62340521,0x5FB4BA34,0xBA3434F0,0xA1F3F313,0xF3F313F3,0x5C5CF35C,
	0x5C5C5CF3,0x5C5C5CBA,0x5C5C5C5C,0x4FF3F35C,0xF3F3F313,0x4FF3F313,0xBA135C5C,0xBABABA13,
	0xAC79BFF3,0xF34FF3F3,0xF3F35C13,0x134F5C4F,0x5CF3F313,0xBA5C5C5C,0x3EBDBABA,0x1792927F,
	0xBCBC2400,0xBCBCBCBC,0xBCBCBCBC,0x00AD005E,0x00AD57AD,0x92929292,0xA6322892,0xA6A6A6A6,

	0xA0A661A6,0xA6A632E3,0xA0A0E3A0,0xA0A0A0A0,0xF7F75273,0x87214EF7,0x3F4E4E4E,0x90525BD1,
	0x20E98022,0x4B3A90FE,0x4DC2C2C2,0x4D4DC2C2,0x4DC2C24D,0x6221F54D,0xAC4DC24D,0xAC6E4D6E,
	0x4D624D4D,0xC2C24D4D,0x4D4DC2C2,0xC24D4D4D,0x4DC2C2C2,0x62624D4D,0xC24D4D4D,0x4DC24D4D,
	0x4DC2C2C2,0xC2C24D4D,0xC24DC2C2,0xC2C24DC2,0x4D624D2B,0x4DC262AC,0x62626262,0x1A1A1A62,
	0x4D62621A,0x1A1A4D4D,0x624D4D62,0x2B1A1A1A,0x62626262,0x4DC24D4D,0x4D4D4D4D,0x4D4DC2C2,
	0x4D4D4D4D,0x4D4D4D4D,0x4D626262,0x4D4D4D4D,0x4D4D4D4D,0xC2C24D4D,0x1AC2C2C2,0x4D4D4D4D,
	0x6EB46E62,0x4DC24D4D,0xC2C24D4D,0xC2C24DC2,0xC2C2C2C2,0x4DC2C24D,0xA71B624D,0xF1F19292,
	0x71AF7300,0x73737373,0x73737373,0x00ADD761,0x000000AD,0x92929292,0x12612892,0xA661A661,

	0xA0A6A6A6,0xC9A66132,0xA0A0A0A0,0xA0A0A0A0,0xA54E8799,0x885CF7A5,0x794E4E4E,0x7022C675,
	0x201AC522,0x79404020,0x79797987,0x26267922,0x88888888,0x88A5A5A5,0xBE26265D,0xBE7526F5,
	0x88BEBE5D,0x5D875D5D,0x88BE875D,0xBEBEBE1C,0x1C1C1CBE,0x88BE1C1C,0xBEBEBE1C,0x1CBEBEBE,
	0x5D881C5D,0x1C1C1C88,0x1C1C1C1C,0x1C1C1C1C,0x8888881C,0x88888888,0x88881C88,0x1C1C1C1C,
	0x88888888,0x885D1C88,0x1C888888,0x881C1C87,0x1C88885D,0x881C1C1C,0xBE1C1C1C,0x5D1C5D1C,
	0x87BE5D1C,0x5DBE1CBE,0x1CBE5D1C,0x5D1C1CBE,0x1C1C1C1C,0x1CBE8888,0x5D885DBE,0x88888888,
	0xC688F8BE,0x8888F787,0x1C1C5D1C,0x1C1C8888,0x79527979,0x793F5252,0xA71B5279,0x1792F192,
	0x2A2A6100,0x2A2A2A9D,0x2A2A2A2A,0x00AD002A,0x0086C8C8,0x92929292,0x32612892,0xC9A6C932,

	0xE3A632E3,0xE3A6E332,0xA0A0A0A0,0xA0A0A0A0,0x4EF73A99,0x4E214EF7,0x464E4E4E,0x70E0955C,
	0x9A2646E0,0x26BF4E25,0xF3130126,0xF3F3F35C,0xF3F3F3F3,0xF3F3F3F3,0x21AAF3F3,0x81BEA779,
	0x34F3F3BA,0x6E6ECBCB,0xCBCBCB6E,0x13F3F35C,0x5CF3F3F3,0xCB5C5C5C,0x0E0E8ACB,0x5C0ECBCB,
	0xF3F3F3F3,0xF3F3F3F3,0xF3F3F3F3,0xAAF3F3F3,0xF3F3F3AA,0xAAAAF3F3,0x5C5CF3AA,0xF35CF3F3,
	0xF3F3AAAA,0xF3AAF3F3,0xF3F3F3AA,0xF35CF3F3,0xF3F3F3F3,0xF3F3F3F3,0xF3F3F3F3,0xF35CF3F3,
	0xCBCB3475,0xCBCBCBCB,0xF3F35C0E,0xF3F313F3,0x5CF3F3F3,0xCBCBCBCB,0xCBCBCBCB,0xAAF3F301,
	0x3F4679F3,0xF3F3F375,0xF3F3F3F3,0xF3F3F3F3,0xBA5C5C5C,0xBF265C5C,0xE91B4EBF,0x9292F160,
	0x2A2A2A00,0x2A2A2A2A,0x2A2A2A2A,0x73AD442A,0x00532FAD,0x92929292,0x32C92892,0xE332A6A0,

	0xA6A6A6A6,0xA0A6A6A6,0xA0A0A0A0,0xA0A0A0A0,0xA5A58741,0x4E7551BF,0x794E4E4E,0x3AB666B4,
	0x4EA59A20,0x5C5C9494,0x13F34F5C,0x5CF35C13,0x5CF3F35C,0x5C5C5C5C,0xBABA5C5C,0xF3BAC64D,
	0x011A5C13,0x21212121,0x212175E8,0x5C5C5CCB,0x5C5C5C5C,0xB4BEBABA,0x21212121,0x79212121,
	0x5C5C5CE8,0x5C5C5C5C,0xBA5C5C5C,0x5C5C5C5C,0x5C135CBA,0xBA5C5C5C,0x5C5C5CBA,0xBA5C5C5C,
	0x5C5CBABA,0xBABABA5C,0x5C5C5C5C,0x5CBABABA,0x5C5C4F4F,0x5C5CBABA,0x5CBA5C5C,0xE85CBA5C,
	0x215CB46E,0x5C5C2121,0xBABA3421,0x5CF3F3F3,0x6E5C5C5C,0x21212121,0xE8212121,0x5C5C2626,
	0x216E75F3,0x5C5C5C5C,0xBA5CF35C,0xF35C5C5C,0x5CBA5CBA,0xBABA5C5C,0x283D5CBA,0x92929258,
	0xA3A39D31,0xA3EEEEA3,0xA3A3EEEE,0x000000D5,0x00000000,0x92929292,0x32326692,0x32323232,

	0xA0A0A0A0,0xE332E3A0,0xA0A0A0E3,0x17A0E3A0,0xA5A5A5C5,0x949F014E,0x4D4E4E94,0xB097CDA5,
	0xACBEBA20,0x5C5C5C4F,0xF3F34F5C,0x5C5C5C13,0x5C5C5C5C,0x5C5C5CBA,0x5C5C5C5C,0x4F4F5C5C,
	0x6246B44F,0x6E6E6E79,0x3F6E6E6E,0x5C134695,0x5C5CBABA,0x791AC05C,0xCBCBCBCB,0x4D79CBCB,
	0x5C5C5C79,0x5C5C5C5C,0x5CBA5C5C,0x6D6DBABA,0xF35F6EFC,0x5F6D055C,0xA76E5C05,0x05056D55,
	0x5CBA6E6D,0x05050521,0x75050595,0x050511CB,0x5C756D6D,0x5C5C5C5C,0x5C5C5C5C,0x79BA135C,
	0xCBCB3F4D,0x6ECBCBCB,0x5C2B2179,0x5C5C5CF3,0xB4CB5C5C,0x6E796E79,0x796E6E79,0x5CB488A7,
	0x5C5C5C5C,0xF3F3F35C,0xBA5C5C13,0x5C5C5CBA,0x5CBA5C5C,0x5CBA5C5C,0x283D5C5C,0x92929258,
	0x73619D00,0x73737373,0x73717371,0x73717173,0x00617373,0x92929292,0xA0E3A392,0xE3A0A0A0,

	0xA0A0C9A0,0xE3C9A0A0,0xA0A0A0A0,0xE2A0A0A0,0xA5A5A5F7,0x947894A5,0x88949425,0x20B690D1,
	0x5C6E11F0,0xBA5C5C11,0x5C5C5CF3,0x5C5CBA5C,0x5C5C5C5C,0x5CBA5CBA,0x5C5C5C5C,0xF35CBA5C,
	0x7946BE4F,0x111111BA,0xB41111BA,0x5CF74BCB,0xBABABABA,0x5C0E6EA5,0xBABA11BA,0x6EB411BA,
	0x5C5C4EC2,0x5C5C5C5C,0x5C5CBABA,0x956D5CBA,0xF375CB05,0x05665221,0x750E950E,0x05BA219A,
	0xBA750E95,0x95EF5CBA,0xA701BA05,0x6D550EFC,0x5CBA21A7,0x5CF35C5C,0x5C5C5C5C,0x2BBE5C5C,
	0xBABA786E,0x11111111,0x5D5DBE21,0xBABABA5C,0xCB2B6E5C,0x1111BAC6,0xBA111111,0x5CFC463F,
	0x5C5C5C5C,0x5C5CF35C,0x5C5CBABA,0x5C5C5C5C,0x5C5C5C5C,0xC65BC65C,0xE93DC6C6,0x92929258,
	0x69D0B2E2,0xD0D06969,0x69696969,0x69696969,0xE2412A2A,0x92929292,0xA0E3A392,0x12C9A0A0,

	0xA0A0A032,0xA061E3A0,0xA0A0A0A0,0xE2E3A0A0,0x264E25F5,0x25BF7526,0x26D89494,0xE022B07C,
	0x2140F840,0x5CBA5C5C,0x5C5C5C5C,0x5C5CBAF3,0x5C5C5C5C,0x5C5C5C5C,0x5C5CBA5C,0x5C5C5C5C,
	0x5C01C2BE,0xBA5C5CBA,0x5C5C5C5C,0x75A588C6,0x5CBA5CBA,0x5CC0626E,0xBA5C5C5C,0xF55CBA5C,
	0x5C21F70E,0x5C5C5C5C,0x5C5C5C5C,0x216D5C5C,0x135F795C,0x05958721,0x5CB4055C,0x05BA7546,
	0xBA753475,0x13B4055C,0xA7BE5C05,0x346D955D,0x5C5CE81A,0x5C5C5C5C,0xBA5C5C5C,0x79F7F8BA,
	0x5CBABA4E,0xBA5C5C5C,0x1C0CC05C,0xBA5C5C5C,0xC6B49521,0xBA5C5C5C,0x5C5C5CBA,0x8821BE5C,
	0xF35C5CBA,0x5CBABAF3,0x265CF35C,0x26262626,0x26262626,0x5C215C5D,0xE93D5C5C,0x92929258,
	0x92929260,0x92929292,0x92929292,0x92929292,0x92609292,0x92929292,0xA0E3EE92,0x32E3A0A0,

	0xA0A0A0A0,0xA0A032A0,0xE3A0A0A0,0x9771A012,0x885B4EC6,0x4E4E75A5,0x78759494,0xE0FEE0D1,
	0x5CF7A5F0,0xBA5C5C5C,0x5C5CF35C,0x5C5C5C5C,0x5C5C5C5C,0x5C5C5C5C,0x5C5C5C5C,0x5F5CF35C,
	0x5CC0B479,0x5C5C5CF3,0x5C5C5C5C,0x46C688BA,0x795C5C5C,0x5C21BE75,0xBABA5C5C,0x5C5C5C5C,
	0x21F72534,0x5C5C5C5C,0x5C5C5C5C,0x13055C5C,0x0505BEF3,0x055CBE95,0x4FB40513,0x05050555,
	0x5C216EBA,0x0E056D95,0x95550546,0x3434BABE,0xF3210505,0x5C5C5C5C,0x5C5C5C5C,0xCB464B5C,
	0xBA5C5C5C,0x5C5C5CBA,0x1A6E5C5C,0x5C135CCB,0x5CBE952B,0x5C5C5C5C,0x5C5C5C5C,0x795C955C,
	0x7C5B5C5C,0x26267C7C,0x5C5C2626,0x5C5C5C5C,0xBABA5C5C,0x4F5C5CBA,0xE91B5C5C,0x92929292,
	0x179217F1,0x17F1F192,0x92921792,0x92929292,0x92921760,0x92929292,0xA061EE92,0xA0E3E3E3,

	0xA0A0A0A0,0xA0E3A6A0,0x12E3E3E3,0x47AFE3E3,0xC6C6C6C6,0x4E4EB4BF,0x1175944E,0xA4FEE07C,
	0x4E9AA555,0x5C5CE821,0x5C5C5C5C,0x5CBA5CBA,0x2626C6E8,0x5C5C0126,0x5C5C5C5C,0x6E5C5C5C,
	0x5C5CF721,0xBA5C5C5C,0x5C5CBA5C,0xBE464BBA,0x75F75C21,0x5CBA0146,0x5CBA5CBA,0x5CBA5C5C,
	0xA75D9521,0x5C5C5CBA,0x5C5C5C5C,0xF35C5C5C,0x5C5C5CF3,0x5C5C5C5C,0xBAF3B413,0x5C5C5C5C,
	0x5CBABABA,0xBABA5CF3,0x5C4F4FBA,0xBABABA5C,0x5C5C5C5C,0x5C5C5CBA,0xBA5C5C5C,0xB4F75DA7,
	0x5C5C5C5C,0x5C5C5CBA,0xBE26BA5C,0xA75CFC5F,0xBAB44ECB,0x5C5C5C5C,0x5C5C5C5C,0x4D885C5C,
	0xBEBE5C6E,0x5C5C01BE,0x5C5C5C5C,0x5C5C5C5C,0x4F4F4F5C,0x5C5CF35C,0xE91B5C5C,0x92929292,
	0x60179292,0x60929292,0x92929292,0x17179292,0x17921717,0x92921792,0xA032A392,0xA0A0A0A0,

	0xA0A0A0A0,0xE3A032E3,0xA0E3A0A0,0x90AFA0A0,0x9FC6C6C6,0x4E4E4E4E,0xD1D8944E,0x8052E04B,
	0x51703F5C,0x5CBFA5F7,0x5C5CF35C,0xB4B4B45C,0x5C5CBA4B,0x5C5C5C5C,0x5C5C5C5C,0xD1465C5C,
	0x5C5C4F79,0x5C5C5CBA,0xBA5C5C5C,0x75BE755C,0x6E88A734,0x5CBABA79,0x5C5C5C5C,0x5CF35C5C,
	0x5295F75C,0x5C5C5C5C,0xBA5C5C5C,0x5C5C5C5C,0x5CBA5C5C,0x015C5C5C,0xBAAA885C,0x5C5CBABA,
	0xBABA5C5C,0xBA885C5C,0xBA5CBA01,0x5C5C5C5C,0x5C5C5C5C,0x5C5C5C5C,0xBABA5CBA,0x5C884B3F,
	0x5C5C5CBA,0x5C5C5C5C,0xF75CBABA,0xCB2179BE,0xBABAF74D,0x5C5C5C5C,0x5C5C5C5C,0x5D21BABA,
	0x5CBAF57C,0x5CF3F35C,0xF35CF3BA,0xBA5C5C5C,0x5C4F4F5C,0x4FF35C5C,0xE91B5C4F,0x17929258,
	0x7A7A7A60,0x7A7A7A7A,0xCC7ACCCC,0xCC7ACC7A,0x177ACCCC,0x9292F1F1,0xE3322892,0xE3E3A0A0,

	0xA0A0A0A0,0xE3E371E3,0xE3E371E3,0x4BAFA0E3,0xC6C6C6C6,0x4E4E944E,0xD1754E4E,0x8022E070,
	0x21703FB4,0x5C5C5C5C,0x5CF35C5C,0x5CF3F3F3,0x5CBABABA,0x5C5C5C13,0x5C5C5C5C,0x4D465C5C,
	0x5CBABA79,0x5C5C5C5C,0x5C5C5C5C,0x5F8711BA,0xCB26A734,0x5CF3BABE,0x5C5C5C5C,0xBABA5CBA,
	0x3FC0F75C,0xBA5C5C5C,0x5C5C5C5C,0x5C5C5C5C,0xBA5C5C5C,0xCB5C5CBA,0xBABABE21,0xF3BA5CBA,
	0xBA5C5C5C,0x5C6E5CBA,0x5CBABA0E,0x5C5C5C5C,0x5C5CBABA,0x5C5C5C5C,0x5C5C5C5C,0x5C884B3F,
	0x5C5C5CBA,0x5C5C5C5C,0xF75CBA5C,0xCB21BEBE,0xBABA467C,0x5C5C5C5C,0x5C5C5C5C,0xBEBABA5C,
	0xBABAF5D1,0x5CF3F35C,0x5C5C5C5C,0x5CBA135C,0x5C5C5C5C,0x5CF3F35C,0xE91B5C5C,0x92929292,
	0xEEEE9DCC,0xEEEEEEEE,0xEEEEEEEE,0xEEEEEEEE,0x31B2EEEE,0x92929292,0xA0C96658,0xE3A0E3A0,

	0xA0A0A0A0,0xA0E31232,0xA0A0E332,0xC6A473E3,0x87C6C6C6,0x4E944E4E,0x81D8DF4E,0x20E020B0,
	0x5C4BB0E5,0xBABABABA,0xB45C4FBA,0x81114F4F,0x5C5C5CBA,0xBA5C5C5C,0x5C5C5C5C,0x6E5CAABA,
	0x5CBAF8AC,0x5CBA5C5C,0x5C5C5CBA,0xBEF721BA,0x75464F5C,0x5C5C2179,0x5CBA5CBA,0xBA5C5C5C,
	0xB4A546E8,0xBA5C5C5C,0x5C5C5C5C,0x5C5C5C5C,0xBA5C5C5C,0x215C5C5C,0x5CE8F826,0x5CBA5C5C,
	0x5C5C5CBA,0xCB1AE8BA,0x5C5CBA21,0x5C5C5C5C,0x5C5C5C5C,0x5C5C5C5C,0xBA5C5C5C,0x5CF8A521,
	0x5C5C5C5C,0xF3BA5C5C,0x7921BA5C,0x215C4B1A,0xBAB4BE6E,0xBA5C5C5C,0x5C5C5CBA,0x4DF7BABA,
	0x5C5CE86E,0x5C5C5C5C,0x5C5C5C4F,0x5CBA5CBA,0x5CBA4F4F,0x4FF34FF3,0xE91B5C13,0x92929292,
	0x157E903D,0x7E7E7E7E,0x7E7E7E7E,0x7EF47E7E,0x002E7E7E,0x92929292,0x32E3A358,0xA0A0A0A0,

	0xE3A0A0A0,0xE3E3E332,0xE3E3E3E3,0xF84773E3,0x4E87C6C6,0x4E944E4E,0xD1D1BF94,0xF780D956,
	0xBA5C3A35,0xBA5CBA5C,0xB53CC5C0,0x5B5BB420,0xBA5CBF13,0x5C5C5C5C,0x5C5C5C13,0x46BA5C5C,
	0x5CE82695,0x5C5C5C5C,0xF35C5C5C,0x4BC6BE21,0x6E755C5C,0x5C5C6EB4,0x5C5C5C5C,0x5C5C5C5C,
	0xE82621BE,0x5C5C5CBA,0x5C5CBA5C,0x5C5C5C5C,0x5C5CBABA,0xBABA5CBA,0x5CF821BE,0xBA5C5C5C,
	0x5C5C5C13,0x8821254F,0x5C5C5C5C,0x5C5C5CBA,0x5C5C5C5C,0x5CBABABA,0xF35CBA5C,0x792188BA,
	0xBA5C5C5C,0x5C5CBA5C,0x5C795C5C,0x5C5CE8CB,0x21BE5C6E,0x5C5C5C5C,0xBABA5CBA,0xBF5D215C,
	0x2678BABE,0x26262626,0xA5262626,0x5CBA5C0F,0x135BDF5C,0x4DD1135B,0xE91B7C4D,0x92929292,
	0xB097903D,0xD9D92215,0xD9D922D9,0x80D922D9,0x002E15B0,0x92929292,0x32E3A358,0xE3E3E3A0,

	0xA671A6A6,0xA0A0E3A6,0xE3E3A0A0,0xF5B0AFE3,0x944E4EC6,0x9494944E,0x78D1BF4E,0xDB803A56,
	0xBABAFC1A,0x2E5CBA5C,0x869DCFC5,0x5C5C5F69,0x5C5C5CBA,0x5C5CBA5C,0x5C5C5C5C,0x215C5CBA,
	0x5CF725CB,0xBABA5C5C,0x4F5C5C5C,0x7546F798,0x01BA5CF3,0x5C4B88B4,0x5C5C5C5C,0x215C5C5C,
	0xBA4B95CB,0x5C5CBA5C,0x5C5C5C5C,0xBA5C5CBA,0x5CBABA5C,0xBABA5C5C,0xA779795C,0x5C5CBABA,
	0x5CBA5C5C,0x5BF71CF8,0x5C5CBABA,0xBABA5C5C,0xBA5C5C5C,0x5C5C5C5C,0xBA5C5CBA,0x794BC6BA,
	0xBA5C5C21,0x4F4F5C5C,0x21BE4B5C,0xBABABA01,0x522521AC,0xBA5C5C5C,0x5CBA5CBA,0x0195515C,
	0x5C5CBA75,0xBA5CBA5C,0xF35C5C5C,0x5CBA5CF3,0x5B5C5C5C,0xA5265B5B,0xE91BBF26,0x92929292,
	0x9797523D,0xD922D922,0xD9D922D9,0x222222D9,0x002EF197,0x92929292,0x32E3A392,0xA6A6C9A6,

	0x3261A032,0xA0A0A061,0xE3A0A0A0,0xDFFC7EE3,0x4E519894,0x944E4E4E,0x6E815C94,0xAC97FE56,
	0xBABAF798,0x27F35CBA,0x8624CF50,0x5CFC3C56,0x5C5C5C5C,0x5C5C5C5C,0xBABA5C5C,0x5C5C5CBA,
	0x216E465F,0xBABA5CBA,0x885C5CBA,0xF3464688,0x5C5C5C5C,0x5C79C279,0x5CBABA4F,0x87BABA5C,
	0xBA13F721,0x5C5CBABA,0x5C5C5C5C,0x5C5C5C5C,0x5C5CBA5C,0x5CBABA5C,0x6EA7A75C,0x5C5CF3BA,
	0xBABABA5C,0x5CA7A76E,0x5CBABA5C,0xBA5C5C5C,0xBABABA5C,0x5C5C5CBA,0x5CBABABA,0x5C885C5C,
	0x5C5C5C0E,0x5C5C5CBA,0x79C2794F,0xBABABABA,0x4B62F713,0xBA5C5C6E,0xBA5CBABA,0x4DBEC65C,
	0x5CF3F35C,0x5C5C5C5C,0xBA5C5C5C,0xBF0FBFBF,0x262626A5,0x260F0F26,0xA71BBF0F,0x92929292,
	0xD969523D,0x22D9D922,0xD922D9D9,0xD9D9D9D9,0x002E15D9,0x92929292,0x12E3EE58,0x32A0E3A6,

	0xA6A0A0A0,0xA0A0E3A0,0xE3E3A0A0,0xDFF77EE3,0x4E98984E,0x944EB44E,0xCB81D194,0x7C56B056,
	0x5CBAC68A,0x275C5C5C,0x3C10D550,0x5C9DD310,0x5C5C5C5C,0xBABA5CBA,0x135C5CBA,0x5C5C5CBA,
	0x79C06E5C,0xBABA5C5C,0x79BEBABA,0xF35C881A,0x5C5C5C5C,0xCB253F4D,0x5C5C5C5C,0x1AF74F5C,
	0x5CF3BA79,0x5C5CBA5C,0xBA5C5C5C,0x5C5CBA13,0xBA5C5C5C,0x5CBABABA,0xC2795C13,0x5C5CB43F,
	0xCB5C5C5C,0x5C5CCB21,0x5C5CBABA,0x5CBA5C5C,0x5CBA5C5C,0xBA5C5C5C,0x5C5C5C5C,0x795C135C,
	0x5C5CBED6,0x5C5C5C5C,0x7579BE6E,0x5CBABABA,0x21BE5C5C,0xBA5CBE79,0x5C5CBA5C,0x5CF8F879,
	0x5C5CF35C,0x5C5C5C5C,0x5CBABA5C,0xBA5CBA5C,0x5CBA5C5C,0xBA5C5C5C,0xE91B5CBA,0x92929292,
	0x2269903D,0x22D9D9D9,0xE0D9D922,0x222222D9,0x002E9722,0x9292F192,0xA0E3EE92,0xE3E3E332,

	0x32A0A0A0,0xA0A0A0A0,0xA0A0A0A0,0x4EF356B2,0x4EBFFC46,0x4E4E9494,0xF0D1D14E,0xD179B056,
	0xBABAB440,0x275C5C5C,0xD55EB7B7,0x5C476BB7,0x5C5C5C5C,0x5CBA5C5C,0xBA5C5C5C,0x5C5C5CBA,
	0x621C625C,0x79793F79,0x75797979,0xF35CBA79,0x5C5CF35C,0x792BA7F3,0x79797979,0x25BE7979,
	0x5C13BAB4,0x5C5C5C5C,0x5CBA5C5C,0xBABA5C5C,0x5C5C5CBA,0x5C5CBA5C,0xA7BE5C5C,0x7979CB9A,
	0xBE3F7979,0x5C5CA5C0,0xF35C5C5C,0x5C5C5C5C,0x5C5C5C5C,0x5C5C5C5C,0x5C5C5C5C,0x255C5C5C,
	0xCBCBBE62,0x796E793F,0xF3AC1ABE,0x5CF35CF3,0x795C5C5C,0x79798762,0x79797979,0xF3751C1A,
	0x5C135CF3,0xBA5C5C5C,0x5C5CBA5C,0x5C5C5C5C,0xBABA5C5C,0xBA5C5C5C,0x3E1BBABA,0x92929292,
	0xD9CE903D,0x22D9D9D9,0xD9D9D9D9,0xD92222D9,0x002E97D9,0x92929292,0xA0E3A358,0xE3E3E332,

	0x7161A0A0,0xA0A0A0A0,0xE3E3A0A0,0x9F5B20B2,0xB44E1C98,0x944E944E,0x205C1178,0x7552B63A,
	0x5C5C4F40,0xC55C5C5C,0x6B5E5AD3,0xBA476B50,0xA366B4BA,0x5C95EEEE,0x5C135C5C,0x5CF35C5C,
	0xF7B45C5C,0xF5F5F5F8,0x01B4F8F8,0x5C5C5C11,0x5C5C5CF3,0xF5265C5C,0x4646F8F8,0x95252525,
	0x5C5CBA5C,0x5CF35CF3,0x5CF35C5C,0xBA5C5C5C,0x5C5CBABA,0xBA5C5CBA,0xA55C5C5C,0xB44BF8F8,
	0x4646F8F8,0x5C5C13C6,0x5C5C5C5C,0xF35C5C5C,0xF35C5CF3,0x5C5C5C5C,0x5CF3135C,0xBA5CBA5C,
	0x46F54695,0xF5F54646,0x5C5C01F8,0x5CF35C5C,0x5C5C5C5C,0xCDF84BBE,0xF5F8F546,0x5CF35B4B,
	0x5CBAF35C,0x5CBA5C5C,0x5C5C5CBA,0x5C5CBA5C,0xBABABA5C,0x5C5C5CBA,0x3E1B5CBA,0x92929292,
	0xD969903D,0xD9D9D9D9,0xD9D9D9D9,0xD9D9D9D9,0x002E97D9,0x92929292,0xA0E32858,0xE3A06132,

	0xA0C9A0E3,0xA0A0A0A0,0xE3A0A0A0,0xC65BF741,0x265C51C5,0x944E944E,0x56CB1111,0xF51C803A,
	0xBAA55120,0x75BABAF3,0xB75E27EE,0x1121C548,0x101050C2,0xE5B51010,0x81818181,0x81818181,
	0xAC7C817C,0x62ACACAC,0x7C0CAC62,0x6C7C7CD1,0x93939350,0x93939393,0x935A9393,0x93935A5A,
	0x93939393,0x4F7C7C11,0x818181F3,0x6E818181,0x5B4B3F3F,0x9393E9D8,0x93939393,0x5A5A5A5A,
	0x5A5A5A5A,0x50505050,0x81D19350,0x818181D1,0x81818181,0x81818181,0x81D18181,0x93939393,
	0x5A5A9393,0x5A5A5A5A,0x5093935A,0x50509350,0x7C7C816C,0xE5ACAC0C,0xACAC6262,0x81D1817C,
	0x81818181,0x81818181,0x81818181,0x81818181,0xBF5B5B4D,0x26A50FC6,0x3E1B2626,0x92929292,
	0xD969903D,0xD9B6FE22,0x22D9D922,0xD99020B0,0x002E97D9,0x92929292,0xA0E32892,0xE3E3C9E3,

	0xA0C9E3A0,0xA0A0A0E3,0xE3A0A0A0,0xC65BBF99,0x4EB4BF56,0xBA4E944E,0x97F0AA11,0x258897FE,
	0x40402020,0x3F3FCB3F,0x48279740,0x79CB40C5,0xCF101048,0x48101055,0xCBCB8A8A,0x8ACBCBCB,
	0xCBCBCBCB,0x8A8A8A8A,0x3FEF8A8A,0x7E9DD979,0x58585858,0x58585858,0x7E7E7E7E,0x58587E58,
	0x7E585858,0x79CB3F5A,0x8ACBCB79,0x52796ECB,0xBE3F2222,0x277ED3F0,0x7E7EF427,0x7EF47E7E,
	0x7E157EF4,0xF4F4F4F4,0x55D3B27E,0xCBCBCB8A,0xCBCBCBCB,0xCBCBCBCB,0xD33F79CB,0x27272727,
	0x7E7E7E58,0x7E7E7E7E,0x5858587E,0x7E585858,0xCB3FD97E,0x8A8A8ACB,0xCB8A8A8A,0xCBCBCBCB,
	0xCBCBCBCB,0xCBCBCB8A,0x8ABE6ECB,0xF08A8A8A,0x4040408A,0x403F3F3F,0x3E3D4040,0x92929292,
	0x2269903D,0x567540D9,0xD9D9D9D9,0xD9462180,0x002E9722,0x92929292,0xE3E32858,0xE3E3C9E3,

	0xA0C9A0A0,0xA0A0A0A0,0xE3A0A0A0,0xF0787558,0x4EC64E88,0x014E4E4E,0x97551111,0x8A78E0FE,
	0x3F3FF020,0x7C7C784E,0x514E757C,0x7CD1D1D1,0x10105E48,0x275010CF,0x818181E5,0x81818181,
	0x818181D1,0xD1818181,0xD1D1D181,0xEAD05AD1,0x8D8D8DEA,0x8D8D8D8D,0x8D8D8D8D,0xEA8D8D8D,
	0x8D8D8D8D,0x7CD150F4,0xD14F5C81,0x81818181,0x35D18181,0x4DACC5EA,0x4D4D4D4D,0x4D4DC24D,
	0x4D4D4D4D,0x4D4D4DC2,0xEA554D62,0xD18181D1,0x818181D1,0xD1818181,0x565A0C7C,0x2F2F2FEA,
	0x8D8D8D8D,0x8D8D8D8D,0x8D8D8D8D,0x8D8D8D8D,0x813ED5D3,0x817CD181,0x81818181,0x81818181,
	0x81818181,0x81818181,0x5C5C7C81,0x5C5C5C5C,0x81115C5C,0x7C818181,0xE91B7C7C,0x92929292,
	0xD969903D,0xE8BA40D9,0x56B0B020,0xB01C5C5C,0x002E97D9,0x92929292,0xE3E32858,0xE361A6E3,

	0xA0C961E3,0xA0A0A0A0,0xAFA0A0A0,0x202511F4,0xBE4E4E26,0x5B4E4E4E,0x90F0D111,0x40C6E020,
	0x5CD15CB4,0x5C5CBA5C,0x5CBABA5C,0xBA5CBA5C,0x1024D3E2,0x5850505E,0x5C5C5C5C,0x5C5C5C5C,
	0x5C4F4F5C,0x5C4F4F4F,0x5C5CF35C,0x98E19D50,0x3A3A3A3A,0x3A3A3A3A,0x3A3A3A3A,0x983A3A3A,
	0x703A3A3A,0xBA3E7E9D,0xBA5C5C5C,0x5C5C5CBA,0xD5B4BA5C,0x989870D9,0x98989898,0x98989898,
	0x98989898,0x98989898,0x70E13A98,0x5CBA7550,0x5C5C5C5C,0x5C5C5C5C,0xEEA4285C,0x3A3A3A70,
	0x3A3A3A3A,0x3A3A3A3A,0x3A3A3A3A,0x98983A3A,0x2E2FD9FC,0x5C5C5C5C,0x5C5C5C5C,0x5C5C5C5C,
	0x5C5C5C5C,0xBABA5C5C,0x5CF35C5C,0x5C5CBA5C,0x5C5C5C5C,0x5C5C5C5C,0xE93D5CBA,0x92929292,
	0xD969903D,0x5CB440E0,0x5CD9525C,0xD9FE5B5C,0x002E9722,0x92929292,0xE3E32858,0xE361C9E3,

	0xA06161A0,0xA0A0A0A0,0xFBA0A0A0,0x461C753A,0x884E4E4E,0x114E4E94,0x70201A11,0x405C3FB6,
	0xF35CBABA,0x5C5C5C5C,0xBA5C5C5C,0x5CBABABA,0x5ED35A89,0x41505AB7,0x4F5C5CB4,0x9F9FB45C,
	0x5C5C9FC6,0xBA5C5C4F,0x93F35C5C,0x883A5627,0x98889888,0x88888888,0x88888888,0x88888888,
	0x51888898,0x5C50B7FE,0xBABA5CBA,0x5C5C5C5C,0xB250BA5C,0x88883A9A,0x88888888,0x88888888,
	0x88888888,0x88888888,0x88528888,0x5CBA50D0,0x5C5C5C5C,0x5C5C5CF3,0x1C70D55C,0x88888888,
	0x88888888,0x88888888,0x98988888,0x88888888,0x2F569098,0xBA5C5C3E,0x5C5C5C5C,0x5C5C5C5C,
	0x5C5CF35C,0x5C5C5C5C,0x5C5C5C5C,0x5C5C5CBA,0x5C5C5C5C,0x5C5C5C5C,0xE91B5C5C,0x92929292,
	0xD969903D,0x4F3AA4D9,0xF321215C,0xD9B63A5C,0x002E97D9,0x92929292,0xE3E32858,0xE361A0E3,

	0xA061A6E3,0xA0A0A0A0,0xE2A0A0A0,0xF58821C6,0xF74E4E4E,0x119494D8,0x3A56A711,0x3F117980,
	0x5C5C5CBA,0x5C5CF35C,0xBABA4F5C,0x4F5CBABA,0x5E24F4B7,0x66B54850,0x5C785C5C,0xBA75BFBF,
	0x5C5CBABA,0xBA5CF35C,0x935C5CBA,0x8888A797,0x88888888,0x88888888,0x88888888,0x88888888,
	0x26888898,0xB4EAC126,0xBABA5C5C,0xBA5C5C5C,0x56505C5C,0x8826264D,0x88888888,0x88888888,
	0x88988888,0x88888888,0x4D518888,0x5C5C5015,0x5C5C5CBA,0xBABA5C5C,0x5D3EEA5C,0x88989888,
	0x88988888,0x88888888,0x88888888,0x88888888,0x975F8888,0xBABA5C93,0x5C5C5CBA,0x5C5C135C,
	0x5CF3F35C,0xBA5C5C5C,0x5C5C5CF3,0xBABABA5C,0x5CBABA5C,0x5C5C5C5C,0x3E1B5C5C,0x92929292,
	0xD969903D,0xC6F7E0D9,0xCBB4B4F7,0xD95298F8,0x002E97D9,0x92929292,0xE3E32858,0xE3A6A0E3,

	0xA0A0C9A0,0xA0A0A0A0,0x4171A0A0,0x5CC6B475,0x4E4EBF4E,0x119F7CBF,0x3A56A711,0x3A252120,
	0xBABA5C5C,0x215CBABA,0x5CA14FF3,0x5C5C5C5C,0x5E41F013,0xBA1C275E,0x75754FC6,0x215CD14D,
	0xBABAE821,0xF3F3F35C,0x93BA5C5C,0x88887556,0x88889888,0x88888888,0x88888888,0x88988888,
	0x51888888,0x5CEAC15D,0x5C5C5C5C,0xBA5CBA5C,0x56505C5C,0x8888264D,0x88888888,0x88888888,
	0x88888888,0x88888888,0x4D888888,0x5C5C5015,0x5C5C5C5C,0xBA5C5C5C,0x5DC2EA5C,0x88888888,
	0x88888888,0x88888888,0x88888888,0x88888888,0x565F8888,0x5C5C5C93,0xBA5CF35C,0xF3F3F3F3,
	0xF3F3F3F3,0xF3F3F3F3,0xF3F313F3,0xBABA75BA,0x5CBA5CBA,0x5C5C5C5C,0x3E1B5C5C,0x92929292,
	0xD9693A3D,0x554B3FD9,0xB45B5B79,0xD9F7B4C5,0x002E97D9,0x92929292,0xE3E32858,0xE3C9E3E3,

	0xA0A0C9A0,0xE3A0A0A0,0xD958A0A0,0x4E255C75,0x4E9F5C4E,0x115B9E4E,0xFEB09A11,0x75F71140,
	0x9F9F9F5C,0xBF9F9F5B,0x5C13134D,0xE8212121,0xB5BE75BA,0xBA5C25BD,0xF51AB45C,0x26262626,
	0xBAC6A526,0x135C5C21,0x935CBAF3,0x88887520,0x88888888,0x88888888,0x88888888,0x88888888,
	0x88888888,0xB4C3C15D,0x5C5C5C5C,0xBA5C5C5C,0x15505CBA,0x8888884D,0x88888888,0x88888888,
	0x88888888,0x88888888,0x75888888,0x5C5C5056,0x5C5C5C5C,0x5C5C5CBA,0xBEC2EA5C,0x88888888,
	0x88888888,0x88888888,0x98888888,0x88888888,0x56218888,0x5C5CBA93,0x21215C5C,0x7C7C7C7C,
	0x7C7C7C7C,0x7C7C7C7C,0xBA4D4D7C,0x13BA785C,0xF3F3F3F3,0xF3F3F3F3,0x3E1B13F3,0x92929292,
	0xD969903D,0xB44022D9,0xB45B5B5B,0xD99A98B4,0x002E97D9,0x92F19292,0xE3E32858,0xE3C9E3E3,

	0xA0A0A0A6,0xA0A0A0A0,0x3E99A0E3,0xF7704E75,0x94C6254E,0x11814E94,0xE090E0D1,0xE8877520,
	0x13F35C5C,0xF31313F3,0x5C4FA14F,0x5C5CB44F,0xBABA5C13,0x4F5C5C13,0x751A2688,0xC6C64FBA,
	0xBA1111F3,0x265CB45C,0x5ABFBF26,0x888875B6,0x88889888,0x88888888,0x88888888,0x88888888,
	0x26888888,0x5CEAC15D,0x5C5C5CBA,0x5C5C5C5C,0x1593BABA,0x888888D8,0x88988888,0x88888888,
	0x88988888,0x88888888,0x35888888,0x5C5C5015,0xBA5C5C5C,0x5C5C5CBA,0xBEC2EA5C,0x88888888,
	0x88888888,0x88889851,0x88988888,0x88988888,0x97219888,0x5C5C5C93,0x5CE85C5C,0x21212121,
	0x21212121,0x21215C21,0x5D885C21,0xBFBF5CBE,0xBFBFBFBF,0x13F3BFBF,0x3E1B13F3,0x92929292,
	0xD969903D,0x5BF840D9,0x5B5B5B5B,0xB0B0F8B4,0x002E97D9,0x92929292,0xE3E32892,0xA6A0E3E3,

	0xA0A0E3A6,0xA0A0E3A0,0x4D41E3E3,0x4EBF52B4,0x4E9FB425,0x13D1C64E,0xE0FEA4D1,0x5C3A1A20,
	0xBA5C5CBA,0x5CBA5CBA,0x5C5C5C5C,0x1313F3F3,0xA1131313,0xCB015CBA,0x26D84D5F,0x525252F7,
	0xC65B4679,0x4F5C5CF3,0x6C5C4F4F,0x88887556,0x88888888,0x88888888,0x88888888,0x88989888,
	0x88888888,0xB4EAC15D,0xBABA5C5C,0x5C5C5C5C,0x1593BABA,0x8888884D,0x88888888,0x88888888,
	0x88889888,0x88888888,0x75888888,0x5CBA5056,0x5C5CBA5C,0xBFC626C6,0x5D2BEAF7,0x88888888,
	0x88888888,0x88888888,0x88888888,0x88888888,0x56758888,0x5C5CF393,0x5C5CBA5C,0x5CBA5C5C,
	0x5CBEBFF3,0x5CBABA5C,0x4F5CBABA,0x4FB45C5C,0x5C4F4F5C,0x4F135C5C,0xA71B5C4F,0x92929292,
	0xD969903D,0xB470B022,0xB4B4B4B4,0x229747B4,0x00EE9722,0x92929292,0xE3E32892,0xA6E3E3E3,

	0xA0A0A0A6,0xE3A0A0A0,0x4D97E3E3,0x9494874B,0x4EF75225,0x1113BF94,0x56FE97D8,0x21403E1C,
	0x5C5C5C5C,0xBABA5CBA,0x5C5C5CBA,0x5C5C5C5C,0xF3F313F3,0x751A755C,0xE8E887BE,0x52525288,
	0xC6754652,0x262626E8,0x935CA15C,0x88887597,0x88889888,0x88888888,0x88888888,0x88888898,
	0x51888888,0xB4EAC15D,0xBAE82626,0xBA5C5C5C,0x1550BA5C,0x889888D8,0x88888888,0x88888888,
	0x88889888,0x88888888,0x75888888,0x5CBA50B2,0x5CBA5CBA,0xBA7CBA5C,0xBE2BEA5C,0x88889888,
	0x88888888,0x88888888,0x88888888,0x88988888,0x565F8888,0xBABA5C93,0x5C5CBA5C,0x5C5C5C5C,
	0xBE81115C,0xBABA5C75,0xBE5CBABA,0x4FF35C7C,0x134F4F5C,0x4F135C13,0x3E1B5CF3,0x92929292,
	0xE0CE903D,0x1556D922,0x97979715,0xE0E09797,0x002E9722,0x92929292,0xE3E32892,0x32E3E3A0,

	0xA0E3A0A0,0xE3E3E3A0,0x5CD9F6E3,0x4E4E5126,0x94518794,0x11F3BF4E,0x5652974B,0x7940A711,
	0x5C5C4F9A,0x5C5C5C5C,0xBA5CBA5C,0x135C5C5C,0xB45C5C13,0xBA11E8C6,0xBA5CBA5C,0xBE267821,
	0x5B5BC6BE,0x21BA11BA,0x93F34F5C,0x88887597,0x88888888,0x88888888,0x88888888,0x88888888,
	0x26888898,0xB4EA3E5D,0x26BABA5C,0xBADFBE26,0x15505CBA,0x8888884D,0x88888888,0x88888888,
	0x88889888,0x88888888,0x75888888,0x5C5C50B2,0x5CBA5C5C,0xBABABA5C,0x01C2EA5C,0x88988888,
	0x88888888,0x88888887,0x88888888,0x88888888,0x565F8888,0xBABA5C93,0x5C5C5C5C,0x5C5C5C5C,
	0xD85C5CBA,0xB4BA4EBF,0xD1BEE881,0x5C5C1313,0x5C5C5C13,0x4FF3F3F3,0x3E1B5C4F,0x92929292,
	0x40CE903D,0xD9D9D922,0x22D9D9D9,0x22D9D9D9,0x002EB2A4,0x92929292,0xE3E32858,0xE3A0A0A0,

	0xE3A0A0A0,0xE3A0A0A0,0xF83EB8E3,0x94944E94,0x4E5198C6,0x0CBABF94,0x565656D9,0x5CBE9581,
	0x5C5C9F40,0x5C5C5C5C,0xBABA5CBA,0x5C5C5CBA,0xB4F35C5C,0xDF944EF5,0x5CC64F94,0x5C5C5C4F,
	0xBF785C4F,0xE84E265D,0x935C5CE8,0x88887597,0x88888888,0x88888888,0x88888888,0x88988888,
	0x51888888,0xB4EA3E5D,0x5C5CBABA,0xBA5C5C13,0x1550F3BA,0x8888884D,0x98888888,0x88888888,
	0x88888888,0x88888888,0x1A888888,0x5C5C5097,0x5C5CBA5C,0xBA5C5C5C,0xBE2BEA5C,0x88988898,
	0x88888888,0x88888888,0x88888888,0x88888888,0x56758888,0x5C5C5C93,0x5C5CBA5C,0x5CBA5C5C,
	0x5C5CBA5C,0x7501115C,0xD1D1BE21,0x134F5C13,0x5C5CF35C,0x4F5CF3F3,0xA71B5C4F,0x929292F1,
	0xE015903D,0xD9D9D922,0xD92222D9,0x56D9D9D9,0x00FBAFAF,0x92929292,0xA0E32892,0xE361A0A0,

	0x32323232,0xA6321232,0xBF752732,0x9494944E,0x4EF78894,0x7CBABF94,0x56565656,0xBAC6F781,
	0x5C5CB440,0x5C5C5C5C,0x5C5C5C5C,0x5C5C5C5C,0xF35C5CBA,0xBABA5CBA,0xBEC65CBA,0x26262626,
	0x5C5CBF26,0xA1E85C5C,0x5ABAA1BA,0x88887556,0x88888888,0x88888888,0x88888888,0x88888888,
	0x88888888,0x5CEA3E5D,0x5CBA5CBA,0x5C5C5C5C,0x15505CBA,0x8888884D,0x88888888,0x88888888,
	0x88888888,0x88888888,0x35888888,0xBABA5015,0x5CBABA5C,0x5C135C5C,0x5D2BEA5C,0x88889888,
	0x88888888,0x88888888,0x98888888,0x88888888,0x56758888,0xBA5C5C93,0x5CBABA5C,0x5C5C5CBA,
	0x5C5C5C5C,0x626275BA,0x13BA2688,0x5C4F5C5C,0x5C5C5C5C,0x5C5C5C5C,0xA71B5C4F,0x92929292,
	0x1597D93D,0xD9222222,0xD9D9D9D9,0x00D9D9D9,0x00AD73AD,0x92929292,0x32C92858,0x3232A632,

	0xE36161A6,0xA6E3A0A6,0xDF75C5E3,0x94949494,0xC6981C94,0xD181DF94,0x22565656,0x4EB4F77C,
	0x401C4F3F,0x40403F40,0x3F404040,0xCA955222,0x5C4E3FFE,0x4F5CBA5C,0x5C4F5C4F,0x5C5C5C5C,
	0x4F4F4F5C,0x4F4F5C4F,0x5A5C5C5C,0x88887556,0x88888888,0x88888887,0x88888888,0x88888888,
	0x51889888,0x5BEAC15D,0x5C5C5CF3,0x5C5C5C5C,0x15935C5C,0x888888D8,0x88888888,0x88888888,
	0x88888888,0x88888888,0x35888898,0xBABA5056,0x81BA5C13,0xD1D18181,0xBE2BEAE5,0x88889888,
	0x88988888,0x88888888,0x88989888,0x88889898,0x56758888,0x5CF35C93,0x5CBABA5C,0x5C5C5CBA,
	0xBA5C5C5C,0x8701264D,0x135C8887,0xAC8888BA,0x81D1D1D1,0x8181D1D1,0xA71B7C81,0x92929292,
	0xA447D93D,0xD9D9B07E,0xB0D9B0D9,0x97E0D9B0,0x00AD5300,0x92929292,0x32612892,0xA6A0A6A0,

	0xC9C9A6A6,0x617132E3,0xBF5B55C9,0x94949494,0x94989825,0x4681DF94,0x4B97FE56,0x88514075,
	0xB9CA46D8,0xB9B9B9B9,0xB9B9B9B9,0xF7B9B9B9,0x5C3A4B3A,0x4F4FBA5C,0x4FA1134F,0x4F4F5C5C,
	0x5C4F4F4F,0x5C4F5C4F,0x5AF35C5C,0x88887556,0x88888888,0x98888888,0x88888888,0x88888888,
	0x26888888,0xB4EAC15D,0x5C5C5C5C,0x5C5C5C5C,0x15505C5C,0x8888884D,0x88888888,0x88888888,
	0x88888888,0x88888888,0xD1888888,0xBAA15056,0xAABABA81,0xA59EBABA,0x5D2BEAB4,0x88888888,
	0x88888888,0x88888888,0x88888888,0x88888888,0x565F8888,0x5CBAF393,0xBABABA5C,0x26C69FBF,
	0xF5B4A526,0x26A55C26,0x5CB4F85C,0xBF5C5C4F,0x944E4E4E,0x94949494,0xA71B78C6,0x92929292,
	0xB6209000,0xB6B6B6B6,0xB6B62020,0x3DB6B6B6,0x005700D7,0x92929217,0xA0322892,0xA6A6A671,

	0x12A6A6A6,0x61A63212,0x94BF8AAF,0x94949494,0x944E8825,0x5281C6C6,0xA7B6FE97,0xF7C6D95F,
	0xB9B9C121,0xCACACAB9,0x37CACACA,0x5237CACA,0x5C46B462,0x4FA14F5C,0x5C4F5C5C,0xA14F5C4F,
	0x5C4FA113,0x13134F5C,0x5AF3F35C,0x88887556,0x88888888,0x88888888,0x88888888,0x88889888,
	0x88888888,0xB4EAC15D,0x5CBA5C13,0x5C5C5C5C,0x15935C5C,0x8888884D,0x88888888,0x88888888,
	0x88888888,0x88888888,0xD1888888,0x5C135056,0x5CBA5C5C,0xBABA5C5C,0x5DC2EA5C,0x88888888,
	0x88888888,0x88888888,0x88888888,0x88888888,0x56218888,0xBA5C5C93,0x5C5C5CBA,0x5C5CF35C,
	0xA55CBABA,0x5CB44F4D,0x88B4135C,0x5CBABA26,0xF34F1313,0xBA4F4F5C,0xE91B5C5C,0x92921792,
	0xFCFC9000,0x98FCFCFC,0x98888888,0x3DFCA888,0x00A9AD53,0x92929292,0x12AF6658,0xA6A6A612,

	0xA6A6A6A6,0xA6A6A6A6,0x94BF6E41,0x94949494,0x25949825,0x2081C694,0x6297FEB6,0xF05B5275,
	0xA5BE3FB4,0x5D8826A5,0x265D5D5D,0xF75D5D26,0xBA4E6679,0xF3134F13,0x5C5C5CBA,0x5C13134F,
	0x5C5C5C4F,0xF3F35C4F,0x5AF3F3F3,0x88881A56,0x88888888,0x88888888,0x88888888,0x88888888,
	0x51888888,0x5C2FC15D,0xF35C5C5C,0xBA5C5C5C,0x15505CBA,0x8888884D,0x88888888,0x88888888,
	0x88888898,0x88888888,0x75888888,0xBABA5015,0xF35C5C5C,0xBABA5CF3,0xBEC2EA5C,0x88888888,
	0x88888888,0x88888888,0x88889888,0x88888888,0x565C8888,0x5CBA1393,0xF3135CBA,0xBA5C135C,
	0x7CA575BA,0xF35B26B4,0xACF35CF3,0xBABABA79,0x131313BA,0x5CBA5CBA,0xE93D5CBA,0x92929258,
	0xB6B61500,0xB6B6B6B6,0xB6B6B6B6,0xB6B6B6B6,0x003D3D3D,0x92929292,0xA6AF6658,0xA6C9A6A6,

	0xA6A6A6A6,0xA6A6A6A6,0x94945C27,0x94949494,0x4E4E9825,0x1581F3BF,0xD162D9B0,0xF0C68722,
	0x3FB4B45C,0x11D111D1,0x11111111,0x11111111,0xBAA59A75,0x5CBA4FBA,0xBF0FA55C,0xBFA5A5BF,
	0xBFBFA5A5,0xF35CF3F3,0x934F5C5C,0x88887597,0x88888898,0x98888898,0x98989898,0x88888888,
	0x88888888,0x5C2FC15D,0x13134F5C,0x5C5CF313,0x15505CBA,0x8888884D,0x88888888,0x88888888,
	0x88888888,0x88888888,0x75888888,0xBABA5015,0x135C13F3,0x5CBA5C5C,0x5DC2EA5C,0x88888888,
	0x88888888,0x88888888,0x88888888,0x88888888,0x975F8888,0x5C5CF393,0x1313F313,0x4F4F1313,
	0x4F135B4F,0x4F135C5B,0x5C5C5C4F,0xBAF8B4D8,0xF3F3F3F3,0x5CF31313,0xE93DAC7C,0x929292F1,
	0x000000B8,0x00000000,0x00000000,0x00000000,0x92000000,0x92929292,0xA6C96692,0xA6A6A6A6,

	0xA6A6A6A6,0xC9A6A6A6,0x949475F4,0xC694C694,0x4E259846,0xC55BF3BF,0x7C62FEFE,0x3A4E8720,
	0xCBF7B4B4,0xCACACACA,0x37CACACA,0x37373737,0x5C5C52D6,0xA5BFBABA,0x626262A5,0x62626262,
	0x62AC6262,0xF34F7C81,0x5A88885D,0x88887556,0x88888888,0x3FFC8888,0x40403F3F,0x88888898,
	0x26888888,0x5BEAC15D,0xF3F31313,0xF3F313F3,0x5650F3F3,0x8888884D,0x88888888,0x88888888,
	0xFC888888,0xFCFC98FC,0x758888F7,0xBABA5015,0xF3F35CBA,0x5B13F3F3,0x26C2EA5B,0x88888888,
	0x88888888,0x88888888,0x88888888,0x88888898,0xB65F8888,0xF3F35B93,0x13131313,0x13F31313,
	0x13131313,0x1313135B,0xF3131313,0x1A25BAF3,0xE58111AA,0x267C7C7C,0xE93DF546,0x92B89292,
	0x60929292,0x17606017,0x17171717,0x92921792,0x92929292,0x929292B8,0xA6C92892,0xA6C9A6A6,

	0xA6A6A6A6,0x99A6A6A6,0x944E753F,0xC6C6C694,0x4E949852,0x15A55CBF,0x7C46FE52,0xE0E0E080,
	0xD6B0D9E0,0xCACAD637,0x37CACACA,0xCA373737,0x3F3F223F,0x52525222,0xE0E0E03F,0xE0E0E0E0,
	0xE022E0E0,0x79878879,0x2F222252,0x5252C256,0x3F22793F,0x3FE02252,0xE03F3F3F,0x3F3F3FE0,
	0x523F3F79,0x1C2FC1CB,0x1C1CBEBE,0x1C1C5D1C,0x9750881C,0x3F3F3F4D,0x3F3F3F3F,0x3F3F3F3F,
	0x403F3F3F,0xE0E0E0E0,0x4D3F3FE0,0x7979D597,0x5D888887,0xBEBEBE1C,0x6E4D2F1C,0x3F3F3F3F,
	0x3F3F3F3F,0x3F3F3F3F,0x3F3F3F3F,0x223F223F,0x56755222,0x1CBE1C50,0x1C5D1C1C,0x88BE5D1C,
	0xFCF78888,0x1C1C8888,0x1C1C1C1C,0xD988881C,0x521C1C1C,0xE0E02252,0xE9004040,0x92929292,
	0x92929292,0x17179217,0x17171717,0x92609292,0x92926017,0x92929217,0xA6C92892,0xA6A6A6A6,

	0xA6A6A6A6,0x99A6A6A6,0x259475F8,0xC6949494,0xBF944E3F,0x1505F375,0x814697FE,0x75D1C640,
	0x37B71C75,0xF8B437C6,0xB95B5BF8,0xCB37370C,0xD1354D88,0x4D4D4D4D,0xD14D4D4D,0x81D14D4D,
	0x7C7C7C7C,0xD14D4D7C,0x93353535,0xF7F74D97,0x989898F7,0x98989898,0x98888898,0x98989898,
	0x51989888,0x35EAC188,0xD14DD1D1,0x4DD14D4D,0x56937C4D,0x9898984D,0x98988888,0x98889898,
	0x98888888,0x98989898,0x4DF79898,0xD1D15056,0x4DD14DD1,0xD14D4DD1,0x5D62EAC2,0x98989898,
	0x98989898,0x98989898,0x98889888,0x98888888,0x56355188,0xD1D14D93,0xD1D1D1D1,0x4DD1D17C,
	0x797C7C79,0x4DD1D1CB,0x4DD1D14D,0x4D4D4D4D,0x4D4D4DD1,0x4D4D4D4D,0xA71B4D35,0x92929292,
	0x17171717,0x17171717,0x17171717,0x9260F117,0x92921717,0x929292F1,0xA6C92858,0xA6A6A6A6,

	0xA6A6A6A6,0x4132A6A6,0x9494C6F8,0x2594944E,0xC64E8779,0x15F01311,0xBE629787,0xBA111152,
	0x372B5221,0xCA373737,0xCACACACA,0xCBD637CA,0xF35C5C5C,0xF3F34F5C,0xF35CF3F3,0xF35C5C5C,
	0x5CBABABA,0xF34FF3F3,0x934F5C5C,0x262675B6,0x88889888,0x88888888,0x88888888,0x88988888,
	0x51889888,0x5CEAC15D,0x5C5C4F5C,0x5C5C5CF3,0x1550BABA,0x882688C2,0x88888888,0x88888888,
	0x88889888,0x88268826,0x75888888,0x5CBA5056,0x5C5C5C5C,0x5C5C5C5C,0x5D2BEA5C,0x88888851,
	0x88888888,0x88888888,0x88888888,0x88888888,0x56758888,0xF35CF393,0x5CBA13F3,0x6E5C5CBA,
	0xBE4FF3D1,0x5C13F3D8,0x5C5C5CF3,0x1313F313,0x5C5C5C5C,0x5C5C5C5C,0xA71B5C5C,0x92B89292,
	0x17176017,0x1717F117,0x60171717,0x92921760,0x92171792,0x9292F192,0xA6C92858,0xA6A6A6A6,

	0xA6A6A6A6,0x56C9A6A6,0x9494C6D1,0x2594884E,0x9494943F,0x56F01181,0xF07520FE,0x11D81179,
	0xCA37CDF7,0xCACA3737,0x37B9B9CA,0xE888CACA,0x5C5C5C5C,0x4F4FF34F,0x5C4F5C4F,0x5CF34F5C,
	0x5C5C5C13,0x5C5CF3F3,0x5ABA135C,0x88884DB6,0x88888888,0x88888888,0x88888888,0x88888888,
	0x98888888,0xB4EAC15D,0xBA5CBA5C,0xBA5C5CBA,0x15505CBA,0x8888884D,0x88888888,0x88889888,
	0x98888888,0x51888888,0x75888888,0xBABA5015,0xBA5C5CBA,0xBABA5C5C,0x5DC2EA5C,0x88888888,
	0x98888888,0x88888898,0x88988888,0x88888888,0x565F8888,0xBAF35C93,0x4F5C5CBA,0x4DA54F5C,
	0x4D6E4F4F,0x5C5CF35C,0x5C5CBABA,0x5CBA13F3,0x135C135C,0x5C134F5C,0x28BDBA5C,0xB5B5B54D,
	0xB5B5B5B5,0xB5B5B5B5,0xB5B5B5B5,0xB5B5B5B5,0xB5B5B5B5,0xB5B5B5B5,0xA6C9D5A7,0xA6A6A6A6,

	0xA6A6A6A6,0x56FBA6A6,0xBFC6C6D1,0xBEC64E87,0x4D944E40,0x87F07C9F,0xF04D2020,0x79C65FC6,
	0xB9CACA46,0xCACA3737,0xCAB9CACA,0xBA9587B9,0x5C5C4FA1,0xF3134F5C,0x5C5C134F,0xF35C134F,
	0x5CF3F35C,0x5C5C5C5C,0x5ABABA5C,0x88884DB6,0x88988888,0x88888888,0x88888898,0x88888888,
	0x88888888,0x5CEAC15D,0x5CBA5C5C,0x5C135CBA,0x1550F3F3,0x8826264D,0x88888888,0x88888888,
	0x88989888,0x88888888,0x75268888,0x5C4F5015,0xBABABA5C,0x5CBA5C5C,0x5DC2EA5C,0x88888888,
	0x88888888,0x88888888,0x88889888,0x88888888,0x565F8888,0xBABA5C93,0x4FA15C13,0x5C5C255C,
	0xF35B755C,0x5C5C5C5C,0x5C5C5C5C,0x5C5CBA5C,0x5CF35CF3,0xBABA5C5C,0x2EBABABA,0x1B1B1B1B,
	0x1B1B1B3D,0xBDBDBDBD,0x1B1B1BBD,0x1B1B3D1B,0x1B1B1B1B,0x1B1B1B1B,0xA6A67A3D,0xA6C9A6A6,

	0xA6A6A6A6,0x46FBA6A6,0x9494949F,0x6D4E4E3F,0x814E4EF7,0x3A970C5B,0xF03540B6,0x404E5C35,
	0x0C3737CA,0xC65F3737,0xCA373737,0xBA2170D6,0x26DF13BA,0x26262626,0x26262626,0xF35C7826,
	0x5C5C4FBA,0xBA13F35C,0x5ABABABA,0x888875B6,0x98888888,0x88888888,0x88888888,0x88888888,
	0x88888888,0xB4EAC15D,0xBA5C5C5C,0xBA5C5CBA,0x15505C5C,0x8888884D,0x88268888,0x88888888,
	0x88889888,0x88888888,0x4D519888,0x5C135015,0xBA5C5C5C,0xBA5C5C5C,0x5D2BEA5C,0x88888888,
	0x88888898,0x88888888,0x88888888,0x88888888,0x975C8888,0xBA5C5C93,0x13BABABA,0x5CBA115C,
	0x5C5CF35C,0x5C5CBA5C,0xBA5C5C5C,0x5C5CBABA,0xF35C5C5C,0xBABA5CF3,0x5C5C5C5C,0xE9E9E9E9,
	0xC16C90E9,0xB0203E56,0x2E6C7E70,0x9A9A9AC1,0x9A2E2EE0,0x282E2E2E,0xA6A6FB70,0xA6A6A6A6,

	0xA6A6A6A6,0xF8E2A6A6,0x9494945B,0x2025C687,0xD84E4E4E,0x98970C5B,0x205B79E0,0xCA3FF8D1,
	0xCACACA37,0x373737CA,0x37373737,0x5CBA5C40,0xBABABA5C,0xBABA5CBA,0xBABA5CBA,0x2626885C,
	0x26262688,0xBA5C2626,0x5ABABABA,0x8888C2B2,0x88888888,0x88889898,0x88989888,0x88888888,
	0x88888888,0x5C2F3EBE,0x5C5C5CBA,0x5CBABA5C,0x15505C5C,0x888888C2,0x88888888,0x88988888,
	0x88888888,0x88888888,0x62888888,0x134F50B2,0xBA5C5C13,0x5C5C5C5C,0xBEB7EA5C,0x88888898,
	0x88888888,0x88888888,0x88888888,0x88888888,0xF45F8888,0x5CBA5C93,0x5CBABABA,0x5C5CBABA,
	0x5C5C5C5C,0x5C5C5C5C,0x5C5CBABA,0xBA5C5CBA,0xBA5C5CF3,0xBA5CF3BA,0x4FBA5CBA,0x5C5C5C5C,
	0xD1C226BA,0x568A13F0,0x78621590,0x4E4E4ED1,0x8894C63F,0x214E4EC6,0xA6A699B4,0xC9C9A6A6,

	0xA6A6A6A6,0x4FD4C9A6,0x9494C64E,0x22F7C63F,0x754E4E4E,0x3A153E5B,0x3F5BC6B6,0x37B41C75,
	0xAC5C75D6,0x373737CA,0x0C37375C,0x21959540,0xBA5C5C5C,0xBABABABA,0xBABABABA,0xF35C13BA,
	0x5C5C5C5C,0xBABA5C5C,0x5CBABABA,0x903A7E93,0x90909090,0x90909090,0x90909090,0x90909090,
	0x90909090,0x13B4D0D5,0xBA5C5C5C,0x5C5CBA5C,0x50F35C5C,0x265D2EC5,0x262626A5,0x26A52626,
	0x26262626,0x26262626,0xC5FC5D26,0x13A14F50,0x5CBABA13,0xBA5C5C5C,0xB72AB45C,0x2626265D,
	0x26262626,0x26262626,0x26262626,0x26262626,0x509DF726,0x5C5CBA5C,0xF35CBA5C,0x5C5CF35C,
	0x5C5C5CF3,0x5C5C5C5C,0x5C5C5C5C,0xBA5C5C5C,0xBAB42195,0x5CF3BABA,0x5CF3134F,0x755C5C5C,
	0xD85C9F95,0x56BF5B40,0x5B6215FE,0x944E25D8,0x3FC6BF79,0x4E4E4E4E,0xA6C9905B,0xA6A6A6A6,

	0xA6A6A6A6,0x21E0C9A6,0xF794C694,0xFCF7C622,0xB44E4E4E,0x3AFE707C,0xCB2511B6,0xD64D8821,
	0xB90C0C5B,0x37CA37CA,0x0C373737,0x401C3FD9,0x5CF34F25,0x13F821BA,0x5C5C5CBA,0x13135CF3,
	0x135C4F13,0x13A15C5C,0xBA5C5CBA,0x072AD55C,0x07070707,0x07070707,0x07070707,0x07070707,
	0x6B6B0707,0xA15C3E9D,0x5CBA1313,0x5C5C5C5C,0x5C5CBA5C,0x9595C55A,0x4B666695,0x4B4B4B4B,
	0x4B4B4B4B,0x4B4B4BF8,0x2F696695,0x13A15C5C,0x5C5C13A1,0x5C5C5C5C,0x9D3E5C5C,0x4B4B4B66,
	0x4B4B4B4B,0x4B666666,0x4B4B4B4B,0x4B66664B,0x5CD52E95,0x5CBA5C5C,0x5C5C5C5C,0x5C5C5C5C,
	0x5C5C5C5C,0x135C5CBA,0x5CB4A5BA,0xB4BA5C5C,0x4E87873F,0x4FBABABA,0x5CF3134F,0x9A21B45C,
	0x9FBF1301,0x56754679,0x4D70D4FE,0x944E4E9F,0x3FC651F5,0xBF254E4E,0xA6C94711,0xA6A6A6A6,

	0xA6A6A6A6,0x5C70C9A6,0x52949494,0x25F7C646,0x4F4E4E94,0xD49015E5,0x5F3F1180,0x0C8888BA,
	0x7C7C7C0C,0x4D0C0C0C,0x78CA5F11,0x3F13A720,0x5C4F5C8A,0x1349CBCB,0xCB3F7979,0xBA5C5C5C,
	0xBABABABA,0x4F4FA1BA,0x5C5C5C5C,0xD3B75CBA,0xEAD3D3D3,0xD3EAEAEA,0xEAEAEAEA,0xD3D3EAEA,
	0xD3D3D3D3,0x135C13B4,0x5CBA5C5C,0x5C5CBA5C,0x5C5CBA5C,0xD3D3A35C,0xEA8D2FEA,0xEAEAEAEA,
	0xEAEAEAD3,0xEAEA8D8D,0x5CA3D3D3,0x5C134F13,0x5C5C5C5C,0xBA5C5C5C,0xB45C5C5C,0xEAEAEAD3,
	0xD3EAD3D3,0xD3D3D3EA,0xEAEAEAD3,0xD3EAEAEA,0x5C5C3ED3,0x5C5C5C5C,0xBABA5C5C,0x5CBA5C5C,
	0x5C5C5C5C,0x6E3F3F87,0x343421B4,0x79BABA5C,0x795C1179,0x5C5C5CBA,0x5C5CC65C,0xA7525287,
	0xB4F8F713,0x56D1F04B,0x7CE04720,0x944E4E4F,0x46C6F746,0xBF259487,0xA6C970BF,0xA6A6A6A6,

	0xA6A6A6A6,0xDF2127C9,0x8AC6C694,0x25F7C6C6,0x114E94C6,0x15B015E5,0x1A8A1120,0x21F787BA,
	0xACAC6295,0x4D0CACAC,0x5F0C7575,0x3F95F070,0x40C613D1,0x799F1A34,0x8AACD179,0x260F5CCB,
	0x26262626,0x4F5C5C26,0x5C5C5C5C,0x5CBABA5C,0x5C5C5C5C,0x5C5C5C5C,0x5C5C5C5C,0x5C5C5C5C,
	0x5C5C5C5C,0x5C4FA15C,0x5C5C5CF3,0x5C5C5C5C,0xBA5C5C5C,0x5C5CBABA,0x5C5C5C5C,0x5C5C5C5C,
	0x5C5C5C5C,0x5C5C5C5C,0xF35C5C5C,0x5C13A1F3,0x5C5C5C5C,0xBA5C5C5C,0x5C5C5C5C,0x5C5C5C5C,
	0x5C5C5C5C,0x5C5C5C5C,0x5C5C5C5C,0x5C5C5C5C,0xBABABA5C,0x5C5C5C5C,0x5C5C5C5C,0x5C5C5C5C,
	0x795C5C5C,0x8A751A0E,0xCB5F5B79,0x7CBA5C3F,0xC652A7CB,0xF7A55C5C,0x79889AF7,0x134D950E,
	0xB4A71C25,0xF0D1F0F8,0x0CB64720,0x4E4E4EF3,0x4E25FC25,0xC6C6C68A,0xC927A7C6,0xA6C9A6A6,

	0xA6A6A6A6,0xBF1A27C9,0x3FC64E94,0x25524EC6,0x11C6C6C6,0xC5B07E62,0x7540D1B4,0x3FF74ED1,
	0xD9D93F40,0x1C3A5252,0x1A3FAC75,0xA779A775,0x8A3FB45B,0x3FC6C6AC,0x62D91A75,0xBABABA0E,
	0x5C5CBA5C,0x5C5D26BA,0x5C5C265C,0x5C5CBA5C,0x5C5C5CBA,0x5C5C5CBA,0xF3F35C5C,0x5CF35C5C,
	0xA15C5C5C,0xF313BA13,0x5C5C5C5C,0x5C5CBA5C,0xBABABA5C,0x5C5CBABA,0x5C5CF34F,0xBABABA5C,
	0x5C5CBABA,0x5C5C5C5C,0xBABAF3BA,0x131313BA,0x5CBABA5C,0xBA5C5C5C,0xBABABABA,0x5C13BABA,
	0x5C5C5C5C,0x5CF35C5C,0x13F35C5C,0x5CBA5C13,0xBABABA5C,0x4E7C75F3,0xBA5CBF4E,0x5C5C5CBA,
	0x6EBA5CBA,0x75213F2B,0x7CC6C63F,0x5B214B3F,0xF8F88762,0x3F95A7F8,0xC6CB2122,0x4FF3BF75,
	0x21795F3F,0xB44D20F8,0xD6973A20,0x4EC6B413,0xC6F7D94E,0xC6C62640,0xC9275FDF,0xA6A6A6A6,

	0xA6A6A6A6,0x4E78BDA6,0x1C3F9494,0x9487F7C6,0xD15CC6C6,0x15221590,0x7552A75F,0xF84BFED1,
	0x524E25C6,0xF779F751,0xF7954BF8,0x5CB44E1C,0xB4793AC6,0x405CC6C6,0x264ED879,0xBABABABA,
	0x5CBABABA,0xF3BA135C,0x5C5C5CF3,0xBABA5C5C,0x5C5CBABA,0x4FF3F35C,0xF313F313,0x135CF3F3,
	0xBABAF3F3,0x5C5CBA5C,0x5CF3F313,0x6ECB215C,0xAABA01E8,0x5C0E6EE8,0xBF6EF30E,0x6EB4BE79,
	0x5C5C5C79,0x5CCBCBCB,0x2621BEBE,0x79B45BBA,0x5CBA6E6E,0x5CF35C5C,0xBA5CBA5C,0x5C5C5C5C,
	0xF35C5C5C,0x5CF3F3F3,0x13F313F3,0xBAF313F3,0xB44FF35C,0x13C6C65B,0x5CF35C13,0xBABABABA,
	0xBABA5CBA,0x8875F7BE,0x9FC65C3F,0xB41CBE75,0x5287F75B,0x4E983A1C,0x4F5C261C,0x5C131387,
	0x1AD9FC1C,0x5C4DE0F5,0xFC563A20,0x4E4EB481,0xC6F75225,0xC6C6BE87,0xAFB5B4C6,0xC9C9A6A6,

	0xA6A6A6A6,0x4E7852E2,0x468A944E,0x941C4EC6,0x819FC694,0x152015B0,0x889AE95F,0x4D7C4DF3,
	0x1AC6C6C6,0x1A254040,0x40CB7C4D,0x3F797952,0xC675463F,0x1A2194C6,0x3FCB4040,0x3FCB3F3F,
	0xEF8ACBCB,0x8A3F408A,0xCB3F3F3F,0x3F3F3F3F,0x40CB3F3F,0x3FCB8A8A,0x8A8A8A3F,0xCBCBCB8A,
	0x3FCBCB8A,0xCBCBCB3F,0x2140CB8A,0x75CB21F3,0x135C0534,0xA7C02105,0x880E5C05,0x6D5C5CE8,
	0xBA5C05E8,0x1A3475BA,0x6D055C8A,0x6EF84B05,0xBABABA11,0x3F8A8A21,0xCB8ACBCB,0xCB3F3FCB,
	0xCB8A8ACB,0xCBCB4040,0x8ACBCBCB,0x3FCBCB3F,0x40403F3F,0xCB3F3F8A,0x3F3F3F3F,0x3FCBCB3F,
	0x3F3F3F3F,0x3F793F3F,0x9F9F5C75,0x3F254F9F,0x40404040,0x35758A40,0x79791AD1,0x5B5B13AC,
	0x5C75755F,0xBAC29ACB,0xFE564020,0x4E4E5C81,0xC6F73A4E,0xC6943FF5,0x4152DF94,0xA6A6A6A6,

	0xA6A6A6A6,0x9478BE89,0x468A4E94,0x9451F7C6,0x81BAC694,0xF8205615,0x8A2E4B75,0x9FC6C6C6,
	0x9F9F9F9F,0xC61A754D,0x75D89FC6,0x7575D8D1,0xC6C6B475,0xC6C6C6C6,0x75757575,0x75757575,
	0x75757575,0x75757575,0x75757575,0x7575E875,0x75757575,0x75757575,0x75757575,0x75751175,
	0x75757575,0x11757575,0x21409575,0x6D6D75BA,0x134F051A,0x756D5505,0xA575055F,0x555B056D,
	0xBA5C9555,0x1A7505BA,0x05055C34,0xF0F5F095,0x5CBABA34,0x215F3F21,0x7575BA5C,0x75757511,
	0x75BA7511,0x75757575,0x75757511,0x75757575,0x7575755C,0x75757575,0x75D8D875,0x75757575,
	0x75757575,0x35757575,0x9F9FC69F,0x759F9F9F,0x5F755F75,0x9FC6755F,0x4D4D5B9F,0xB45B9F5B,
	0xF55B5B5B,0x114B953F,0xC556E021,0x4E945CD1,0xC6F79894,0x94C63FF5,0x481CDF94,0xA6A6A6A6,

	0xA6A6A6A6,0x94C65C89,0x9446DB94,0x949488C6,0x7C13C64E,0xF5E0D956,0xA79A2275,0xF8464646,
	0xF8F8F84B,0x464646F5,0x46464646,0xF5F5F5F5,0xF5F54BF5,0xF5F5F5F5,0x4BF8F8F5,0xF8F8F8F8,
	0x4BF8F8F5,0x4B4BF84B,0x4B4B4B4B,0x1A1A954B,0x1A1A1A1A,0x1A1A1A1A,0x1A1A1A1A,0x1A1A1A1A,
	0x1A1A1A1A,0x1A1A1A1A,0x5CB4BE1A,0xBA0E1ABA,0x959555BA,0x1A5F2105,0xF7BA05BA,0x052195A7,
	0xBAF3055C,0x1A752B6D,0x0505956D,0x79CDF85C,0xBABA751A,0xA7CB215C,0x1A1A1A1A,0x1A1A1A1A,
	0x1A1A1A1A,0x1A1A1A1A,0x1A1A1A1A,0x1A1A1A1A,0x1A1A1A1A,0x1A1A1A1A,0xF575751A,0x4B4BF8F8,
	0x4B4B4B4B,0x4B4B4B4B,0xF5F8F54B,0xF84BF5F5,0xF5F5F5F5,0xF84BF846,0x4BF5F8F5,0x4B4B4BF8,
	0xF5954B4B,0xD8702B4D,0x15C520B4,0xBF945C7C,0xC6879494,0x94DBDBC6,0x48BABF94,0xA6A6A6A6,

	0xA6A6A6A6,0x94945CBD,0xC64E4E94,0x9494884E,0xA55CC694,0xB4E0FE15,0x2E2E2E7C,0x664B2E2E,
	0x66959595,0x664B4B95,0x66664B66,0x66666666,0x66664B4B,0x4B4B4B4B,0x4B4B4B4B,0x66954B4B,
	0x4B4B4B66,0x4B664B66,0x66959595,0x9595664B,0x95959595,0x95959595,0x95959595,0x95959595,
	0xA795E9E9,0x95959595,0xBABA2195,0x11D17511,0xA71AC211,0xD8BA5C1A,0x4D114DD8,0x1A75C262,
	0xD8111A11,0x114D4D4D,0x7511A75F,0x4DD8D8BA,0xBABA1AC2,0x9575BABA,0x95959595,0x95959595,
	0x95959595,0x95959595,0x95959595,0x95959595,0x95959566,0x95959595,0x4B219595,0x66664B95,
	0x95959566,0x95959595,0x66959595,0x9566954B,0x95956695,0x95959595,0x95959595,0x4B4B9566,
	0x9595664B,0xD89595C0,0x15D920F8,0x94945C87,0x94879494,0xBF4E4E94,0xB5759494,0xA6A6A6A6,

	0x08A6C9A6,0x9494D1F0,0x4E9494C6,0x94942594,0xC5F3C694,0x2015157F,0x5555C5F0,0x55555555,
	0x55555555,0x55555555,0x55555555,0x55555555,0x55555555,0x555555F0,0x55555555,0x55555555,
	0x55555555,0x55555555,0x55555555,0x55555555,0x55555555,0x55555555,0x55555555,0x55555555,
	0x55555555,0xF0C55555,0xF0F0F0F0,0xF0F0F0F0,0x5555F0F0,0xF0F05555,0xC55555F0,0xF0F0F0F0,
	0x55F0F0F0,0xC55555C5,0xF0F0F0F0,0xC5F0F0F0,0xC5555555,0x55F055F0,0x55555555,0x55555555,
	0x55555505,0x55555555,0x55555555,0x55555555,0x55555555,0x55555555,0x55555555,0x55055555,
	0x55555555,0x55555555,0x55555555,0x55555555,0x55555555,0x55555555,0x55055555,0x55555555,
	0xF0F05555,0xC5F0F0F0,0x7F157E56,0x949FBA55,0x94C69494,0xBF4E94C6,0xD9D19494,0xA6A6A608,

	0xE2C9A6A6,0x9494755D,0x94944E94,0x4E9488C6,0x153FF54E,0xF8F8F866,0x4646F5F8,0x4B70E02E,
	0x4646F8F8,0x46464646,0x46464646,0x46CDCD46,0xF8F8F8F8,0xF5F546F5,0x46464646,0xCDF54646,
	0x4646CDF5,0x46464646,0xF5464646,0xF8F5F5F5,0xF8F84BF8,0x4BF8F8F8,0xF8F84B4B,0xF8F8F84B,
	0xF8CDF8F8,0x4B4BF8F8,0x4B4B4BF8,0xF8F8F8F8,0xF8F8F8F8,0xCDCDCDF8,0xF8CD4646,0xF8F8F8F8,
	0x46F84BF8,0xCD464646,0xF84BF8F8,0xCDCDF84B,0x4BF8F8CD,0xF59A9595,0x464646F8,0x46464646,
	0x46464646,0xF5464646,0xF8F5F8F5,0xF8CDCD46,0xF8F8F8F8,0xCDF5F8F8,0x464646CD,0x464646CD,
	0x46464646,0x46464646,0x46464646,0x9A46469A,0x4B4BF846,0xF8F8F8F8,0x46CDF8F8,0xF5F546CD,
	0xF8F8F8F5,0x4646F8F8,0xF8F8CDCD,0x94B42EB5,0x4E879494,0xBF4E9494,0x79D19494,0xA6A6A6E2,

	0x99A6C9A6,0x94944F21,0x94944E94,0x94949494,0xF890404E,0x5290D94B,0x5252FE90,0xD9A4D952,
	0xD9D9D9D9,0xD9D9D9D9,0xD9D9D9D9,0xD9D9D9D9,0xD9D9D9D9,0xD9D9D9D9,0xD9D9D9D9,0xD9D9D9D9,
	0xD9D9D9D9,0xD9D9D9D9,0xD9D9D9D9,0xD9D9D9D9,0xD9D9D9D9,0xD9D9D9D9,0xD9D9D9D9,0xD9D9D9D9,
	0xD9D9D9D9,0xD9D9D9E1,0xD9D9D9D9,0xD9D9D9D9,0xD9D9D9D9,0xD9D9D9D9,0xD9E140D9,0xD9D9D9D9,
	0xD9D9D9D9,0xD9D940A4,0x5252D9D9,0xD9D9D9D9,0xD9D9D9D9,0xD9525252,0xD9D9D9D9,0xD9D9D9E1,
	0xD9D9D9D9,0xD9D9D9D9,0xD92222D9,0xD9E1E1D9,0xD9D9D9D9,0xD9D9D9D9,0xD9D9D9D9,0xD9D9D9D9,
	0x3FD9D9D9,0xD9D9D9D9,0xD9D9D9D9,0xD9D9D9D9,0xD9D9D9D9,0xD9D9D9D9,0xD9D9D9D9,0xD9D9D9D9,
	0xD952D9D9,0xA4D9D9D9,0x95D9D9D9,0xC65279B4,0x94944EC6,0x94949494,0x75DF9494,0xC9C9A6E2,

	0x7EC9A6A6,0x94944ED1,0x9494944E,0xC6949494,0x70B43A46,0xCC3D0058,0xCC488989,0xCCCCCC7A,
	0xCC3DCCCC,0xCCCCCCCC,0xCCCC3DCC,0xCC3DCCCC,0xCCCCCCCC,0xCCCCCCCC,0xCCCCCCCC,0xCCCCCCCC,
	0xCCCCCCCC,0xCCCCCCCC,0x3DCCCCCC,0xCCCC3DCC,0x3DCCCC3D,0xCC3DCCCC,0xCCCCCCCC,0xCCCCCCCC,
	0xCC3DCCCC,0xCCCCCC3D,0xCCCCCCCC,0x3D003DCC,0xCCCCCCCC,0x3D3DCCCC,0xCCCCCCCC,0xCCCCCCCC,
	0xCCCCCC3D,0xCCCCCCCC,0xCC3DCCCC,0xCCCC3DCC,0xCCCCCCCC,0xCC3DCCCC,0xCCCCCCCC,0xCCCCCCCC,
	0xCCCC3DCC,0xCCCCCCCC,0x3D3DCCCC,0xCCCCCC3D,0x3DCCCCCC,0xCCCCCCCC,0xCCCCCC3D,0xCCCCCCCC,
	0xCCCCCCCC,0xCCCCCCCC,0xCCCCCCCC,0xCCCCCCCC,0xCCCCCCCC,0xCC3DCCCC,0xCC3DCCCC,0xCCCCCCCC,
	0xCCCCCCCC,0x3D3DCCCC,0x58CCCC00,0x46F7D866,0x94949494,0x25944E94,0xD1BF9494,0xC9A6A627,

	0x3A60A6A6,0x949494D8,0x94944E94,0x94259494,0x484E529A,0xB6B6157E,0xB6B6B6B6,0xB6B6B6B6,
	0xB6B6B6B6,0xB6B6B6B6,0xB6B6B6B6,0xB6B6B6B6,0xB6B6B6B6,0xB6B6B6B6,0xB6B6B6B6,0xB6B6B6B6,
	0xB6B6B6CE,0xB6B6B6B6,0xB6B6B6B6,0xB6B6B6B6,0xB6CEB6B6,0xB6B6B6B6,0xB6B6B6B6,0xB6B6B6B6,
	0xCEB6B6B6,0xE0CEB6E0,0xB6B6B6B6,0x97B6B6B6,0xB6B6B697,0xB6CEB6B6,0xB6B6B6B6,0xB6B697B6,
	0xB6B6B6B6,0xB6B6B6B6,0x97B6B6B6,0xB6B6B697,0xE0B6B6CE,0xB6B6B6B6,0xB6B6B6B6,0xB6B6B6B6,
	0xB6B6B6B6,0xB6B6B6B6,0xB6B6B6B6,0xCEB6B6B6,0xB6B6B6B6,0xB6B6B6B6,0xB6B6B6B6,0xB6E0E0B6,
	0xB6B6CEE0,0xB6B6B6B6,0xB6B6B6B6,0xB6B6B697,0xB6B6B6B6,0xCEB6CECE,0xB6B6B6B6,0xB6B6B6B6,
	0xB6B6B6B6,0x979797B6,0x7F7EE0B6,0x463A4EE2,0x94949494,0x25259494,0x7C94C687,0xC9A66056,

	0x5260C9C9,0x94949475,0x94949494,0x94949494,0x483F909A,0xB620E07E,0x3D3D3D3D,0x3D3D3D3D,
	0x3D3D3D3D,0x3D3D3D3D,0x3D3D003D,0x0000003D,0x003D3D3D,0x3D3D3D3D,0xE0404020,0xE0E0E0E0,
	0xE040E0E0,0x3D00003D,0x3D3D3D3D,0x3D3D3D3D,0x003D3D3D,0x3D3D3D3D,0x003D3D3D,0x3D3D3D3D,
	0x3D3D3D3D,0xE040E040,0xE0E0B6B6,0xB62020E0,0x00000000,0x3D3D3D3D,0x3D3D3D3D,0x3D00003D,
	0x3D003D3D,0x3D3D3D3D,0x0000003D,0x3D3D0000,0x4040E0E0,0xE020E020,0xE0E0E040,0x3D3D3D3D,
	0x3D3D3D3D,0x3D3D3D3D,0x3D3D3D3D,0x3D3D3D3D,0x00003D3D,0x0000003D,0x3D000000,0xE0E0E0E0,
	0xE0E0E0E0,0xB6E0E0E0,0x3D3D003D,0x3D3D3D3D,0x3D3D3D3D,0x00003D3D,0x3D3D3D3D,0x3D3D3D3D,
	0x0000003D,0x00000000,0x15E0E0B6,0x461C52E2,0xC6949494,0x94254E94,0xD1949487,0xC9A66052,

	0xF560C9C9,0x4E4E9475,0x94949494,0x4E949494,0x7E565246,0x1BB6E0E0,0x4D4D4D2B,0x4D4D4D4D,
	0xC2C2C2C2,0x4D4DC2C2,0x4DC2C2C2,0x4DD135C2,0x4DC2C24D,0x6CE54D4D,0xB6E0201B,0x40E0E0E0,
	0xBDE0E0E0,0x4DC24DE5,0xC2C235C2,0x35C2C2C2,0x4D4D4D4D,0xC2C2C24D,0xC2C24D4D,0x4DC2C235,
	0xACE57C4D,0xB640E0BD,0xB6E0B6B6,0x1BE0E040,0xC2C2C2C2,0x4D4D4DC2,0x4D4DD14D,0xC2C2354D,
	0x4D4DC2C2,0x4D4D4D4D,0xC2C2C24D,0x624D4DC2,0x40E0E01B,0xE0B6E0E0,0x1BB640E0,0x4D4D7CAC,
	0xC24D4D4D,0x35C21AC2,0x4DC2C24D,0x4D354DC2,0xC24DC24D,0x4DC2C235,0x7C7C4DC2,0x4040E0BD,
	0xE0E07240,0x1BB620B6,0x4D4DE5C2,0xC24DC24D,0xC24D4DC2,0x4DC2C2C2,0x4DC2C2C2,0xC24D4D4D,
	0xC2C2C2C2,0x624DC2C2,0xE0E0E0BD,0x4B90567F,0x25C69494,0x944E9494,0x4D9494F7,0xA6C96088,

	0x7515AFC9,0x949494DF,0x94949494,0x4E259494,0x15C55270,0xC21BE0E0,0xC6C61C3F,0x7878C6C6,
	0x78787878,0x78787825,0xC6787878,0x78787878,0x7878C678,0x1CA5C678,0xE0B63DC2,0xE04040E0,
	0x62F4E0E0,0x789F466E,0x2525BF25,0x78257825,0x7878C678,0x78787878,0x78787878,0x7825BF25,
	0x46F77878,0xE0403D6C,0xE0E0E020,0x2BF4E040,0xBF25F7CB,0xC67825BF,0x7878C678,0x25257878,
	0x78787878,0x78C67878,0x25BFBF78,0xCB259FC6,0x4040F462,0xE0B680E0,0x621BE0E0,0x789F4EBE,
	0x25782578,0x257878BF,0x78787878,0x78787878,0x25787878,0x78252525,0x8AF77878,0x40B6B562,
	0xE0E0E040,0x751BE0E0,0x78C6881C,0x78BFDF78,0x78C6C678,0xC6787878,0xC678C6C6,0x7878C678,
	0xBF252578,0x6E887825,0xE0E0BD7C,0x9D525615,0x4E94254E,0x94C68825,0x94940F94,0xC9C915D8,

	0x756932C9,0x949494BF,0x94949494,0x4E949494,0xB6159858,0xC21BE0E0,0x1C1C88A5,0x1C1C3A1C,
	0x983A983A,0x983A3A3A,0x3A3A3A3A,0x3A1C1C3A,0xFC1C981C,0xA51CFCFC,0xE0E03D4D,0x404040E0,
	0xC227E040,0x3A3A1CBF,0x1C1C901C,0x3A3A1C3A,0x3A9898FC,0x1C3A3AFC,0x1C1C1C3A,0x981C1C1C,
	0x4EFC3A98,0x40E03D6C,0xE0E0E040,0x2B27E040,0x901CFCBF,0x1C875252,0x9888881C,0x983A981C,
	0x98FC1C98,0x3A98FCFC,0xFCFC3A3A,0xBFF79AFC,0x4020272B,0xE0B6E0E0,0x623DE0E0,0x1C3AFCBF,
	0x1C1C1C1C,0x3A1C3A1C,0x983A981C,0x98FCFCFC,0x1C1C3A3A,0xFC3A1C1C,0xC61CFCFC,0x40E0B562,
	0xE0404072,0xC23DE0E0,0x1C1CF74E,0x3A98981C,0x3A98983A,0x98FCFCFC,0xFCFCFCFC,0x3A3A3AFC,
	0x3A1C3A1C,0xDFF8FCFC,0xB6201BE5,0x27F71597,0x94944E25,0x9488F7C6,0x94DF7994,0xA632B6D1,

	0xBF7032C9,0x94949494,0x944E9494,0x25949494,0xB615F727,0xC21BE040,0xCC976278,0x00000000,
	0x00000000,0x00000000,0xCC310000,0x31000031,0x31CC7A31,0xBFA7153D,0xE0E03D4D,0x404020E0,
	0xC227E040,0xCC48AC78,0x00003131,0x31000000,0x31313131,0x31003131,0x00000031,0x31003100,
	0xBF66977A,0xE0403DC1,0xB6E0E0E0,0x2B27E040,0xCCF44BBF,0x00000000,0x31310000,0x00003131,
	0x00003100,0x00000000,0x31CC3100,0xBFA8973D,0xE040F43E,0xE0E0B6E0,0xC13DE0E0,0xCC9795BF,
	0x00003131,0x31000000,0x31313131,0x00310031,0x00000000,0x31CC0000,0x9E6215CC,0x4040B5C1,
	0xE0E04040,0x353DE0E0,0x0097A7BF,0x31313131,0x00310000,0x3100CC31,0x00003131,0x00000031,
	0x31000000,0xBF62CECC,0x20201B4D,0x27F77EB6,0x94944E4E,0x26F5C6DF,0x94947526,0xA632D9D8,

	0xDF46F1C9,0x94259494,0xC626944E,0x259494C6,0xB67EF7F4,0xC21BE0E0,0x083DC278,0xED303084,
	0x59168BED,0x4343E6E6,0x43434343,0xED8B9BE6,0x84848430,0x78A70000,0xE0E03D4D,0x4040E0E0,
	0x2B27E040,0x828962DF,0x76308484,0xE6DC8B09,0x434343E6,0x4343E643,0x8B8B5943,0x1F848430,
	0xBF4B5808,0xE0E03D62,0xE0E0E0E0,0x62F4E0E0,0x824846BF,0x30303084,0xE6DE8B09,0x43E6E6E6,
	0x43434343,0x768BDE43,0x84843076,0xBF1C277A,0xE040F4C2,0x40E0E0E0,0xC13D40E0,0x08414BBF,
	0x76303084,0x43598BED,0x43434343,0x43E64343,0xED8B9B43,0x1F8430ED,0x9EC28908,0xE040B5C1,
	0xB6E040E0,0x351B40E0,0x0000A7BF,0x76303030,0xE69B09ED,0x4343E6E6,0x43434343,0x8B8B5943,
	0x84307676,0xA5C28908,0x20201BC2,0xF4257EB6,0x94944E4E,0x94C65D94,0x4E4ED194,0xA6272EBF,

	0xBFF87EC9,0xC6944B4E,0xC626C64E,0x25C6C6C6,0xE07E3AF4,0xC21BE0E0,0x1F00C2C6,0xFDECF930,
	0x910D0DFD,0xE4E4E4E4,0xE4919191,0xFD8E3BE4,0x306565FD,0x25A73D84,0xE0E03D4D,0x4072E0E0,
	0xC127E040,0x848962BF,0x7D9B6576,0x450D8EFD,0xE4E4E4E4,0x91E4E4E4,0x2C0D0D91,0x84F99BFD,
	0xBF667E84,0xE0E03DC1,0xE0E020E0,0x62F4E0E0,0x844846BF,0xFDDEF930,0x91450DFD,0x91919191,
	0xE491E491,0x8E0D4591,0x84F9ECFD,0xBF1C4830,0xE040F4C2,0xE0E0E0E0,0xC13DE040,0x84274BBF,
	0x7D9BDE76,0x91458EFD,0xE4E4E4E4,0xE4E4E4E4,0x2C0D0D91,0x84F9DEFD,0x9EC23D84,0xE0E0B562,
	0xE0E0E0E0,0x751B20E0,0x303DA7BF,0x7D65F930,0xE40D8EFD,0xE491E491,0xF6E4E4E4,0x8E0D4591,
	0x30F965FD,0xBFC2CC84,0x20201BC2,0xF4FC41B6,0x94259425,0x94C687C6,0x4E46F794,0xC91521BF,

	0xC65B56C9,0x9494F779,0xC64E9494,0x3FC6C6C6,0xE0F1A4F4,0xC21BE040,0x1F00C2C6,0xFD7D0BF9,
	0xE4450D8E,0xE4E4E4E4,0xE4E4E4E4,0x8E0D0D91,0x4C7D7DFD,0xBFA73D1F,0xE0E03DD1,0x4040E0E0,
	0x6227E0E0,0x848962BF,0xFD7D9BEC,0xE4450D8E,0xE4E4E4E4,0xE4E4E4F6,0x8E0D45E4,0xF9DE7DFD,
	0xBF667E84,0xE0E03DC1,0xE0E0E0E0,0xC1F4E0E0,0x841B9ABF,0xFD7D65EC,0xE4450D8E,0xE4E4E4E4,
	0xE4E4E4E4,0x8E0D91E4,0xDEDE7D8E,0xBF1C4830,0xE0E0F4C2,0xE0E0E0E0,0xC13D40E0,0x842766BF,
	0xFD7D0BF9,0xE4450D8E,0xE4E4E4E4,0xF6E4E4E4,0x8E0D45E4,0xB3657DFD,0x9E1A3D30,0xE040B562,
	0xE0E040E0,0x351BE0E0,0x843DA7BF,0x8E7D19F9,0xE4458E8E,0xE4E4E4E4,0xE4E4E4F6,0x8E4545E4,
	0xF9DE7DFD,0xA5A73D84,0xB6201BC2,0xF4A47FB6,0x94C69494,0x4E25F794,0x9446DB94,0xA69721C6,

	0xCB13E1AF,0x94944E4D,0x94C6254E,0xF852F5C6,0x7297A4F4,0xC21BE040,0x1F00C278,0xFDFD7DEC,
	0xE445450D,0xE4E4E4E4,0xE4E4E4E4,0x0D4545E4,0xEC7DFD8E,0xBFA7001F,0xE0E03D4D,0xE0E0E0E0,
	0x6227E040,0x30892BBF,0x8EFD7D65,0xE4450D0D,0xE4E4E4E4,0xE4E4E4E4,0x8E4545E4,0xECFD8E8E,
	0xBF957E30,0xE0403DC1,0xE0E0E0E0,0x62F4E0E0,0x301BCDBF,0x8EFD7DE6,0xE4E4458E,0xE4E4E4E4,
	0xE4E4E4E4,0x0D4591E4,0xDE7DFD8E,0xBFA82730,0xE040F4C2,0xE0B6E0E0,0xC13D40E0,0x84274BBF,
	0x8EFD7DDE,0x91450D0D,0xE4E4E4E4,0xE4E4E4E4,0x0D4545E4,0x9B7DFD8E,0x9EC21B30,0xE040B562,
	0xE0E0E0E0,0x751BE0E0,0x843DA7BF,0x8EFD7D9B,0xE4450D0D,0xE4E4E4E4,0xE4E4E4E4,0x0D45E4E4,
	0xEC7DFD8E,0xA5A73D1F,0xB6B61BE5,0xF4A497B6,0x9494C694,0x4E464694,0xF58A254E,0x089D1194,

	0x75268841,0x4E944EDF,0x94944694,0x25F5C6BF,0xE097A4F4,0xC21BE040,0x8400C2C6,0x8E8EFDFD,
	0xE4E4450D,0xE4E4E4E4,0xE4E4E4E4,0x0D459191,0x7DFD8E8E,0x25A7001F,0xE0E03D4D,0x4072E0E0,
	0x6227E0E0,0x763D6225,0x8E8EFDFD,0xE491450D,0xE4E4E4E4,0xE4E4E4E4,0x0D45E4E4,0xFDFD8E0D,
	0xBF957E30,0xE0403DC1,0xE0E0E0E0,0xC1F440E0,0x301B46BF,0x8E8EFDFD,0xE4E4E40D,0xE4E4E4E4,
	0xE4E4E4E4,0x4545E4E4,0xFDFD8E0D,0xBFFC2730,0xE0E0F42B,0xE0E0E0E0,0xC13D40E0,0x302766BF,
	0x8E8EFD8E,0xE4E44545,0xE4E4E4E4,0xE4E4E4E4,0x0D4591E4,0xFDFD8E8E,0xBF4D1B30,0xE040B5C1,
	0xE0E0E0E0,0x751BE0E0,0x843DA7BF,0x8E8EFD7D,0x91E44545,0xE4E4E4E4,0xE4E4E4E4,0x0D459191,
	0xFDFD8E8E,0xBFA73D84,0xB6E01BC2,0xF4A497B6,0x94949487,0x4EF7F594,0x468A4E4E,0xE29A784E,

	0x945C2541,0x4E4EBF94,0xC694884E,0x705BBE21,0x4056A455,0xC21BE040,0x7600C278,0x0D0D8E2C,
	0xE4E4E445,0xE4E4E4E4,0xE4E4E4E4,0x4591E4E4,0xFD8E8E0D,0x25A70076,0xE0E03D4D,0x40E040E0,
	0xC127E0E0,0x09896225,0x0D0D8EFD,0xE4E4E445,0xE4E4E4E4,0xE4E4F6F6,0x45E4E4E4,0x8E8E0D0D,
	0xBF957E09,0xE0403DC1,0xE040E0E0,0xC1F4E0E0,0x761BF8BF,0x0D0D8E8E,0xE4E4E445,0xF6E4E4E4,
	0xE4E4E4E4,0x45E4E4E4,0xFD8E0D45,0xBF882709,0xE040F4C2,0xE0E0E0E0,0xC13DE0E0,0xED2766BF,
	0x450D8E8E,0xE4E4E445,0xE4E4E4E4,0xE491E4E4,0x4591E4E4,0x8E8E0D0D,0x9E2B1B8B,0x40E0B5C1,
	0xE0E0E0E0,0x751BE0E0,0x303DA7BF,0x0D8E8EFD,0xE4E44545,0xE4E4E4E4,0xE4E4E4E4,0x4591E4E4,
	0xFD8E8E45,0xBFA73D09,0xB6E01BE5,0xE0A497E0,0x94C6943A,0x4E879494,0xF51C4E4E,0xE2C6C64E,

	0x94B44E41,0x94949494,0xC6C68725,0x274E9FC6,0xB656A4F8,0xC21B40E0,0x093DC278,0x450D0D0D,
	0xE4E4E445,0x8F54E4E4,0xE4915454,0x9191E4E4,0x8E0D0D45,0xBFA73D8B,0xB6203DD1,0x7240E0E0,
	0x2B27E040,0x8B896278,0x450D0D8E,0xE4E4E491,0x545445E4,0xE4E4548F,0xE4E4E4E4,0x8E0D4545,
	0xBF957E8B,0xE0403DC1,0xB6E0E0E0,0xC1F480E0,0x8B1B46BF,0x45450D8E,0xE4E4E491,0x5454F6E4,
	0xE4F6388F,0x91E4E4E4,0x8E0D4545,0xBF88274C,0xE0E0F4C2,0xE0E0E0E0,0xC13DE0E0,0x4C2795BF,
	0x45450D8E,0xE4E4E491,0x54549191,0xE491AB8F,0x91E4E4E4,0x8E0D0D45,0x9E2B484C,0x40E0B562,
	0xE0E0E0E0,0x753DE0B6,0x8B3D1ABF,0x450D0D8E,0xE4919145,0x8F8FE4E4,0xE4E4548F,0x91E4E4E4,
	0x8E0D0D91,0xA51A3D8B,0x40B61BE5,0xB4A497B6,0x94944EB5,0x4E269494,0xCB4E4E4E,0xE2789F4E,

	0x94DFB4B6,0x4EBF4E4E,0x94C6883F,0x274E4E78,0x4015A4B4,0xC21B40E0,0xF23DC2C6,0x45450D0D,
	0xE4E4E4E4,0x45450DE4,0x91910D45,0xE4E4E4E4,0x8E454545,0x25A73DDC,0xE0E03D4D,0xE0E040E0,
	0x6227E040,0xDC896225,0x91E4450D,0x91E4E4E4,0x3B3B3B91,0xE4E4453B,0xE4E4E4E4,0x0D454591,
	0xBF957EDC,0xE0403DC1,0xE0E0E0E0,0x62F4E0E0,0xDC1BCDBF,0x4545450D,0x91E4E4E4,0x3B0D0DE4,
	0xE4E4913B,0xE4E491E4,0x0D0D45E4,0xBF88274C,0xE0E0F42B,0xE0E0E0E0,0xC13DE0E0,0x4C2795BF,
	0x9145450D,0xE4E4E4E4,0x0D0D45E4,0x91E4450D,0xE4E4E491,0x8E0D4545,0x9E621B4C,0x40E0B5C1,
	0xE0404040,0x753DE0E0,0x8B3D1ABF,0x9145450D,0xE4E4E4E4,0x3B453BE4,0xE4E43B45,0xE491E4E4,
	0x8E0D4591,0xBFC23DDC,0xE0B61BE5,0xB4A497B6,0x9494C6B5,0x4ECB9425,0x3F4E4E4E,0x564F94C6,

	0x9494C655,0x4EDF4E4E,0xC6888822,0x274E4E94,0x401597F8,0xC21B4040,0xF23DC278,0xE4E49145,
	0xE4E4E4E4,0x3B3B8FE4,0x648F3B45,0xE4E491E4,0x0D45E4E4,0xBF2B3DDC,0xE0E03D4D,0x4040E0E0,
	0x2B27E040,0xEC8962BF,0xE4E49145,0x91E4E4E4,0x3B3BABE4,0xE4543B3B,0xE4E4E4E4,0x454591F6,
	0xBF957EDC,0xE0403DC1,0xE0E0E0E0,0x62F4E0E0,0xEC1BCDBF,0xE491450D,0xE4E491E4,0x3B3B54E4,
	0xE4AB453B,0xE491E4E4,0x4545E491,0xBF1C27DC,0xE0E0F42B,0xE0E0E0E0,0xC13DE0E0,0xB32795BF,
	0xE4E44545,0xE4E4E4E4,0x3B3B8F91,0xE4383B3B,0xE4E4E491,0x0D4591E4,0x9E2B1BEC,0x40E0B5C1,
	0xE0404040,0x753DB6E0,0xF23DC2BF,0xE4E4453B,0xE491E4E4,0x3B3B8F64,0xF68F3B3B,0xE4E491E4,
	0x0D45E4E4,0xBFA7CCDC,0xB6B61BE5,0xB46997B6,0xC64EC6B5,0x253F9494,0x3F4E9494,0xC59F944E,

	0xC6945B88,0xC6949494,0x94F8F5CB,0xB5BF4E94,0x40157F4B,0xC21BE0E0,0xA200C278,0xE4E4E445,
	0xE4E4E4E4,0x453B8FE4,0x64544545,0xE4E4E4E4,0x45919191,0x25A70059,0xE0E03D4D,0x4020E0E0,
	0xC127E040,0x43CC62BF,0xE4E4E491,0xE4E491E4,0x3B3BABE4,0xF6543B3B,0xE4E491E4,0x91E4E4E4,
	0xBF952759,0xE0403D62,0xB6E0E0B6,0x2B27E0E0,0xE61BCDBF,0xE4919191,0xE4E4E4E4,0x3B3B5491,
	0xE4AB3B3B,0xE4E4E4E4,0x91E491E4,0xBF882743,0xE0E0F462,0xE0E0E0E0,0xC13DE0E0,0xE627C0BF,
	0xE4E4E491,0xE4E4E4E4,0x3B3B8FE4,0x64AB3B3B,0xE491E4E4,0x4591E4E4,0x9E2B1BE6,0x4040B5C1,
	0x40404040,0x753DE0E0,0x59001ABF,0xE4E49191,0xE4E4E4E4,0x3B3B8F64,0xF68F3B3B,0xE4E4E4E4,
	0x91E4E4E4,0xBF1ACC9B,0xB6B61B62,0x4B1597B6,0x4E4E5BB5,0x3A3F4E4E,0x3F94944E,0x265B94C6,

	0x94945BBF,0x4E94944E,0x94944EA7,0x275B7894,0x4097F14B,0xC21BB6E0,0xA23DC2C6,0xF6E4E491,
	0xE4E4E4E4,0x3B3B8FE4,0x6454453B,0xE4E4E4E4,0x91E4E4E4,0x25A70059,0xE0E03DD1,0xE0E0E0E0,
	0x6227E0E0,0x438962BF,0xE4E4E4E4,0x91E4E4E4,0x3B3BAB64,0xE4543B3B,0xE4E4E4E4,0x91E4E4E4,
	0x78952759,0xE0E03DC1,0xE0E0E0E0,0xC1F4B6E0,0xE61BCDBF,0xE491E4E4,0xE4E4E4E4,0x3B3B54E4,
	0xE4AB913B,0xE4E4E4E4,0xE4E4E4E4,0xBF882743,0xE0E027C1,0xE0E0E0E0,0xC13DE0E0,0xE627A7BF,
	0xE4E4E491,0xE4E4E4E4,0x3B3B8F91,0x64AB3B3B,0xE4E4E4E4,0x9191E4E4,0x9E2B1BE6,0xE0E0B562,
	0xB6404040,0x753DB6B6,0x593D1ABF,0xE4E4E491,0xE4E4E491,0x3B458F64,0x1D8F3B3B,0xE4E4E4E4,
	0x91E4E4E4,0xBF1ACC59,0xE0E01BE5,0xF87E97B6,0x4E255B27,0x3ABE9426,0x3F949494,0xC6C64E94,

	0x94949411,0x3FE89494,0x94949446,0xF4B4C694,0x40B6F12E,0xC21BE0E0,0xA200C278,0xE4E49191,
	0xE4E4E4E4,0x3B3B1DE4,0xE4543B3B,0xE4E4E4E4,0x91E4E4E4,0x25A70059,0xE0E03DD1,0xB6E0E0E0,
	0x2B27E040,0x2DCC6225,0x91E4E491,0xE4E4E4E4,0x450D45E4,0xE4543B45,0xE4E4E4E4,0xE4E4E4E4,
	0xDF952759,0xE0E03DC1,0xE0E0E0E0,0x6227E0E0,0x431B46BF,0xE4E4E4E4,0xE4E4E4E4,0x3B2C3BF6,
	0xF6AB453B,0x91E4F6E4,0x91E4E4E4,0xBF1C2743,0xE0E0F4C1,0xE0E0E0E0,0xC13DE0E0,0xE627A7BF,
	0xE4E4E4E4,0xE4E4E491,0x454545E4,0x1D384545,0xE4E4E4E4,0x91E4E4E4,0x9E621BE6,0xE040B52B,
	0xE0404040,0x751BB6E0,0x593DC2BF,0xE4E4E491,0xE4E4E4E4,0x0D3B45E4,0xF6543B0D,0xE4E4E4E4,
	0x9191E4E4,0xBF1ACC59,0xE0B61BE5,0x4B589720,0x4EBFC627,0x404E884E,0x8894944E,0xBA949494,

	0x944E4ED8,0x1A3F9494,0x94C6C64E,0x151C9494,0xE0B6153A,0xC21BE0B6,0xA200C278,0xE491E491,
	0xE4E4E4E4,0x8F54E491,0xE4648F8F,0xE4E4E4E4,0x91E4E4E4,0x25A70059,0xE0E03D4D,0xB6E0E0E0,
	0x2B27E0E0,0x2DCC624E,0x91E49191,0xE4E4E4E4,0x54ABF691,0xE4645454,0xE4E4E4E4,0xE4E4E4E4,
	0xDF952759,0xE0E03DC1,0xE0E0E0E0,0x62F4E0E0,0x431BCDBF,0xE4E4E491,0xE4E4E4E4,0x5438E4E4,
	0xE40D198F,0xE4E4E4E4,0xE4E4E4E4,0xBF1C4143,0xE0E0F42B,0xE0E0E0E0,0xC13DE0E0,0x4327A7BF,
	0xE4E4E491,0xE49191E4,0x5454E491,0xE43B5454,0xE4E4E4E4,0x919191E4,0x9E2B1BE6,0xE0E0B5C1,
	0xE0E0E0E0,0x753DE0E0,0x593D1ABF,0xE4E4E445,0xE4E4E4E4,0x8F8F9191,0x91918F8F,0xE4E4E491,
	0x91E4E4E4,0x0F1ACC59,0xE0401BE5,0x707E40E0,0x944EFC69,0x3F948725,0x4E94941C,0x114E9479,

	0x94942575,0x885F4B94,0x9494944E,0x3A529494,0xB6E01590,0x351BE0E0,0xA23DC2C6,0xF6E4E4E4,
	0xE4E491E4,0x91919191,0xE4919191,0xE4E4E4E4,0x9191E4E4,0x25A70059,0xE0E03DD1,0xE0E0E0E0,
	0x2B27E0E0,0x2D8962BF,0x91919191,0xE4E491E4,0xF6F6F6E4,0xE4F6F6F6,0x919191E4,0x91E4E4E4,
	0xDF952759,0xE0B63DC1,0xE0E0E0E0,0xC1F4E0E0,0xE61BCDBF,0xE4E4E4E4,0xE4E4E491,0xE491E4E4,
	0x919191E4,0xE4E4E4E4,0x91E4E4E4,0xBF1C2743,0xE0E0F4C1,0xE0E0E0E0,0xC13DE0E0,0xE627E9BF,
	0xE491E491,0x91E491E4,0xF6F6E4E4,0xE4F6F6F6,0xE49191E4,0x45E4E4E4,0x9E621BE6,0xE040B562,
	0xE0E0E0E0,0x753DE0B6,0x593D2BBF,0xE4E4E491,0xE4E4E4E4,0xE4919191,0x91919191,0xE4E491E4,
	0x91E4E4E4,0xA51ACC59,0xE0401BE5,0x707E20E0,0x94C69090,0x87949494,0xC6949487,0xD8944E87,

	0xF74E4E94,0x40C62579,0xC694944E,0x951CC6C6,0xE0E0153A,0xC21BE0E0,0xA23DC278,0xE4E4E4E4,
	0x91913BE4,0xE4F69191,0x4591E4F6,0xE49145E4,0xE4E4E4E4,0xBFA70059,0xE0E03D4D,0xE0E0E0E0,
	0x2B27E0E0,0x2DCC6225,0x91E4E491,0xE44545E4,0xF6F6F691,0x91E4F6F6,0xE4914591,0xE4E4E4E4,
	0xDF952759,0xE0B63D62,0xE0E0E0E0,0x62F4E0E0,0x431B46BF,0xE4F6E4E4,0xE4E491E4,0x3B919191,
	0x45459191,0xE4E491E4,0x91E4E4E4,0xBF1C2743,0xE0E0F4C1,0xE0E0E0E0,0xC13DE0E0,0x4348E9BF,
	0xE4E4E491,0x919145E4,0x91F6F691,0x9191F6F6,0x91454591,0x9191E4E4,0x9E2B1BE6,0xE040B562,
	0xE0E0E0E0,0x753DE0B6,0xA2002BBF,0xE4E4E4E4,0x919145E4,0x91E4E445,0x4545E4F6,0xE4919191,
	0x91E4E4E4,0xBFC2CC59,0xE0201BE5,0x70F4E0E0,0x4EC6FCC0,0x25944E4E,0x94C69440,0x94C6C652,

	0x3ACB9494,0x4094C61A,0xC6C69494,0x951C9F94,0xE0E0153A,0xC21BE0E0,0xA23DC2C6,0xE4E4E491,
	0x910D0DE4,0x1DABE48F,0x91E44554,0xE4919191,0x91E4E4E4,0xBFA70059,0xE0E03D4D,0xE0E0E0E0,
	0x2B27E0E0,0x2DCC62BF,0xE4E4E491,0x1D45ABE4,0x1D38F654,0xF61D9154,0xE49191E4,0xE4E491E4,
	0xBF952759,0xE0E03D62,0xE0B6E0E0,0xC127B6E0,0x431BCDBF,0xE4E4E4E4,0x1D54ABF6,0x4538918F,
	0xE464548F,0xF61D2C1D,0xE4E4E4E4,0xBF1C4843,0xE0E0F4C1,0xE0E0E0E0,0xC13DE0E0,0xE648950F,
	0x91E4E491,0xE4545464,0x1D54F68F,0xF61D3854,0x9191641D,0x9191E491,0x9E2B1BE6,0xE040B562,
	0xE0E0E0E0,0x751BE0E0,0xA23DC2BF,0xE4E4E491,0x91AB3BE4,0x1D54E454,0xE4643854,0x91919191,
	0xE4E4E4E4,0x0F1ACC59,0xE0E01BE5,0x707E40E0,0x94C6FCC0,0xC694944E,0x4E4E9440,0x94C6264E,

	0x879A884E,0x52C69411,0xDF949494,0x21D994C6,0xE0E0153A,0xC21BE0E0,0xA23DC278,0xE491E491,
	0x918F8FF6,0x54AB918F,0x91F63B54,0xE491AB91,0x91E4E4E4,0xBFA70059,0xE0E01B4D,0xE0E0E0E0,
	0x2B27E0E0,0x2DCC62BF,0xE4E4E491,0xF6548FE4,0x54ABF654,0xF6913B8F,0x91E454F6,0xE4E4E491,
	0xBF952759,0xE0E03D62,0xE0E0E0E0,0xC127E0E0,0x431B4BBF,0xF6E4E4E4,0xF61D8FE4,0x8F38918F,
	0xF664548F,0xE4E4AB1D,0xE4E4E4E4,0xBF1C4843,0xE0E0F4C1,0xE0E0E0E0,0xC13DE0E0,0x4348A7BF,
	0x91E4E4E4,0xF6388FE4,0x548FF654,0xF61DAB8F,0x9191381D,0x91E491E4,0xBFC21BE6,0xE0E0B562,
	0xE0E0E0E0,0x753DE0E0,0x5900C2BF,0xE4E4E491,0x45388FE4,0x5454E454,0x91E43854,0xE43B1991,
	0x91E4E4E4,0xA5A7CCA2,0xE0E01BE5,0x90F440E0,0x94C6E1A7,0xF587C694,0x944E4E40,0x94C6264E,

	0x40C66E46,0x525294BA,0xC6C69494,0x95D9C6C6,0xE0E015FE,0xC21BE0E0,0xA23D6278,0xE491E4E4,
	0x91E40DE4,0xF6548F8F,0x8F54F654,0xF68F8FE4,0x91E4E4E4,0xBFA70059,0xE0E03D4D,0xE0E0E0E0,
	0x6227E0E0,0x2DCC62BF,0xE4F6E491,0xE4F6ABE4,0xE454548F,0x8F8F918F,0xF68F8FF6,0xE4E491E4,
	0xBF952759,0xE0E03DC1,0xE0E0E0B6,0xC127E0E0,0x431B2EBF,0xE4E4E4E4,0xE4E438E4,0x91388F8F,
	0x8F8F458F,0xE48F8FF6,0x91E4E4E4,0xBF1C482D,0xE020F4C1,0xE0E0E0E0,0xC13DB6E0,0xE648A7BF,
	0x91E4E491,0xF6E454E4,0xF6545454,0x5454E48F,0xE48F8F1D,0x91E491E4,0x9EC21BE6,0xE0E04862,
	0xE0E0E0E0,0x751BE0E0,0x593D2BBF,0xE4E4E491,0x91E43BE4,0xF68F8F8F,0x8F54F654,0xE48F8FE4,
	0x91E4E4E4,0x26C2CCA2,0xB6E01BE5,0xFEF4E0E0,0x94DFD9A7,0x25BE9494,0x4E4E8852,0x9425B494,

	0x889494BE,0x873F94C6,0x94C6C694,0x219795DF,0xE0E015D9,0xC21BE0E0,0xA23DC2DF,0xE4E4E491,
	0x3B45F6E4,0x910DE4F6,0x64E43B3B,0xE4E4E491,0x91E4E491,0x25A70059,0xB6E03D4D,0xB6E0E0E0,
	0xC127E0E0,0x2DCC62BF,0xE4E4F691,0x0D91F6F6,0xE4E4E4E4,0x45E44545,0xE4F6E445,0xE4E4E4E4,
	0xBF9527A2,0xE0E03DC1,0xE0E0E0E0,0xC127E0E0,0x431BCDBF,0xE4E4E491,0x0D45E491,0xF691E491,
	0x3B919191,0xE4E49145,0x91E4E4E4,0xBF1C4843,0xE0E027C1,0xE0B6E0E0,0xC13DE0E0,0x4327A7BF,
	0xE4E4E4E4,0x0D45E4E4,0xF69191E4,0x45E44545,0xE4E4F691,0x9191E4E4,0x0FC289E6,0x20E0B562,
	0xE0E0E0E0,0x751BE0E0,0x593D2BBF,0xE4E4E491,0x9191F6E4,0x910D45F6,0x91F6453B,0x91E4E491,
	0x91E4E491,0x26A73D59,0xB6E01B62,0xFEF4E0B6,0x94C615A7,0xC6BE9494,0x4E4E8788,0xC64EF74E,

	0x9494BF94,0xDB409494,0xC6949494,0xF7F1664F,0xE0E015A4,0x351BB6E0,0xA23D2BDF,0xE491E491,
	0x913B3BF6,0x91388F1D,0x5464458F,0xE4F63845,0x91E4E4E4,0xBFA70059,0xE0E03DD1,0xE0E0E0E0,
	0xC127E0E0,0x2DCC62BF,0xE4E4E491,0x0DABE4E4,0xF62CAB91,0x541D918F,0xE4E43845,0xE4E4E4E4,
	0xBF952759,0xE0E03DC1,0xE0E0E0E0,0x2B27E0E0,0x431B2EBF,0xE4E4E4E4,0x45459191,0x1D2C54E4,
	0x8F45AB54,0xE4915438,0xE4E49191,0xBF1C4843,0xE0E0272B,0xE0E0E0E0,0xC13DE0E0,0xE627A7BF,
	0xE4E4E491,0x452CF6E4,0x1D545491,0x54913B54,0xE4F63B3B,0x45E4E4E4,0x9EC21BE6,0xB6E0B562,
	0xE0E0E0E0,0x351BE0B6,0x593D2BBF,0xE4E4E491,0x9138E4E4,0x912C8FF6,0x54E43B8F,0xE4E40D3B,
	0x45E4E4E4,0x26C2CC59,0x20401BE5,0x90F4E072,0xC6CDF198,0xC64E9494,0x4E4E3F25,0x4E4E874E,

	0x94949494,0x94409494,0xC6944E94,0x88CE66C6,0xE0E015B0,0xC21BE0E0,0x59002B78,0xE491E491,
	0xE40D0DE4,0x918F8FF6,0x54918F8F,0x91F654F6,0x91E49191,0xBFA73D59,0xE0E03D35,0xE0E0E0E0,
	0xC127E080,0x2DCC62BF,0xF6F6E445,0xE4AB64E4,0x648F8F91,0x54918F8F,0xE4F654F6,0xE4E4E4E4,
	0xDF95F459,0xE0E03DC1,0xE0E0E0E0,0x2B27B6E0,0x431B4BBF,0x91E4E4E4,0xE491E4E4,0x1D8F54F6,
	0x8FF65454,0xE4915491,0x91E4E4E4,0xBF1C4843,0xE0E0272B,0xE0E0E0B6,0xC13DE0E0,0xE627A7BF,
	0xE4E4E491,0xF6911DE4,0x918F8F91,0x8FE48F8F,0xE4E43BE4,0x91E4E4E4,0x9E621BE6,0xE0E04862,
	0xE0E0E0E0,0x753D20E0,0x593D2BBF,0x91E4E491,0xF62C91E4,0x918F541D,0x54918F8F,0xE4F6E4F6,
	0x45E4E4E4,0xA52BCC59,0xB6201BE5,0x3A7EB6E0,0x5CCD97DB,0x2594C694,0x4E4E224E,0x4E4E874E,

	0x94949494,0x4E3FB4DF,0x9494BE4E,0x2670CD11,0xE0E097E2,0xC21BE072,0x593DC2DF,0xE4E49191,
	0x5454E4E4,0xF6458FE4,0x8F1D1D8F,0xE4E4F654,0x91E4E4E4,0xBFA73D59,0xE0E03D4D,0xE0E0E0E0,
	0x6227E0E0,0x43CC62BF,0xE4E4E491,0x8FABF6E4,0x1D9138E4,0x8F1D1D8F,0xE4E4E48F,0x91E4E4E4,
	0xBF95F459,0xE0E03DC1,0xE0E0E0E0,0xC1F4E0B6,0x431B4BBF,0xE4E4E4E4,0x8F8F9191,0x1D1DABE4,
	0x543B3854,0x9191E48F,0x91E4E491,0xBF1C4843,0xE0E027C1,0xE0E0E0E0,0xC13D40E0,0xE627A7BF,
	0xE491E4E4,0x548FE4E4,0x6454AB91,0x8F383B8F,0xE4E4E48F,0x45E4E4E4,0x9E621BE6,0xE0E0B52B,
	0xE0E0E0E0,0x751B72E0,0x593D2BBF,0x91E4E491,0x8F54E491,0xE4E48FF6,0x8FE41D54,0xE4F6E454,
	0x91E491E4,0xBFC2CC59,0x40401BE5,0x417EE0E0,0xF3CDB026,0x884E4E94,0x4E4E98C6,0x4E4E4E4E,

	0x944E9494,0x949A21DF,0xC6944E94,0xA570EE11,0xE0E015E2,0x351B40E0,0xA200C2BF,0xE4E4E491,
	0xE4E4E4E4,0xF6E4E4E4,0xE4E4E4E4,0xE4E4E4E4,0x91E4E4E4,0xBFC00059,0xE0E03D35,0xE0E0E0E0,
	0x6227E040,0x43CC62BF,0xE4E4E491,0xF6E4E4E4,0xE49191E4,0xE4F6E4E4,0xE4E4E4E4,0xE4E4E4E4,
	0xBF95F459,0xE0E03DC1,0xE0B6E0E0,0xC1F4E0E0,0x431B4BBF,0xE4E4E491,0xE491E4E4,0xE4F6E4E4,
	0xE4E4E4F6,0x9191E491,0x91E4E4E4,0xBF1C48E6,0xE0E027C1,0xE0E0E0E0,0xC13D40E0,0xE627A7BF,
	0xE4E4E4E4,0xE4E4E4E4,0xE491E4E4,0xE4E4E491,0xE4E4E4E4,0x91E4E4E4,0x9E2B1BE6,0xE0E0B562,
	0xE0E0E0B6,0x753D20E0,0xA23D2BBF,0xE4919145,0xE4E49191,0xE4E4E4E4,0xE4E4E4E4,0x91E4E4E4,
	0x4591E4E4,0xBF2BCCA2,0xE0401B62,0x4115E020,0xAA7090A5,0x98C64EC6,0x4E4E1CF5,0xBF254E4E,

	0x944E9494,0x4E9A1ABF,0x9494C694,0xA570B675,0xE0E097E2,0xC21B40E0,0x9B002BC6,0xE4E4E445,
	0xE4E4E4E4,0xE4E4E4E4,0xE4E4E4E4,0xE491E4E4,0x459191E4,0xBFA7009B,0xE0E03D4D,0xE0E040E0,
	0x6227E040,0xE68962BF,0xE4E49145,0x9191E4E4,0xE4E491E4,0xE4E4E4E4,0xE4E4F6E4,0x4545E4E4,
	0x94957E9B,0xE0403DC1,0xE0E0E0E0,0x2BF4E0E0,0xE6484BBF,0xE4E44545,0xE4E4E4E4,0xE4E4E4E4,
	0xE4E4E4E4,0xE4E4E4E4,0x45919191,0xBF1C48E6,0xE04027C1,0xB6E0E0B6,0xC13DE0E0,0x9B27A7BF,
	0xE4E44545,0xE4E4E4E4,0xE491E4E4,0x91E491E4,0xE4E4E491,0x0D91E4E4,0x9E621BE6,0xE0E0B562,
	0xE0E0E0E0,0x751B40B6,0x9B3D2BBF,0xE4E44545,0xE4E4E491,0xE4E4E4E4,0x91E4E491,0xE4E4E491,
	0x45919191,0xBF2B89EC,0xE0401BC2,0x4156E0B6,0x75A490F7,0x224E4E94,0xBF21464E,0x4E884E4E,

	0x94949494,0xC6DBF7C6,0xC6948894,0xA5709711,0xE0E0B689,0xC21BE0E0,0xF200C2C6,0x91914545,
	0xE491E4E4,0xE4E491E4,0xE4E491E4,0xE4E4E4E4,0x45454591,0xBFA700F2,0xE0E03D4D,0xE0E0E0E0,
	0xC127E040,0xECCC62BF,0x9191450D,0xE4E4E4E4,0xE4E4E4E4,0xE4E4E4F6,0xE491E4E4,0x0D459191,
	0xDF957EDC,0xE0E03DC1,0xB6E0B6E0,0xC1F4E0E0,0xDC1B4BBF,0xE445450D,0xE4E4E4E4,0xE4E4E4E4,
	0xE491E4F6,0xE4E4E4E4,0x0D4545E4,0xBF1CB5DC,0xE0E027C1,0xE0B6E0E0,0xC13DE0E0,0x4C27A7A5,
	0x45454545,0xE491E491,0xE4E4E4E4,0x91E4E4E4,0xE4E4E4E4,0x0D454591,0x9E621BEC,0xE0E0B5C1,
	0xE0E0E0E0,0x751B40E0,0xDC3DC2BF,0x91454545,0xE491E4E4,0xE4E4E4E4,0x91E4E4E4,0x91E4E4E4,
	0x0D454591,0xBFC2CCF2,0xE0401B62,0x89B6E0E0,0x75A49DF7,0x4E949494,0xBF1ADB94,0x25874E94,

	0xBF78DF4E,0xC6DB6D21,0x94C688C6,0x26701575,0x40E0E089,0xC21B4040,0xF23DC2C6,0x4545450D,
	0xE4E4E491,0xE4E4E4E4,0x919191E4,0xE491E4E4,0x0D454545,0x25A700F2,0xE0E03D35,0xE0E0E0E0,
	0x2B27E0E0,0xECCC62BF,0x45450D0D,0x9191E445,0xE4E4E4E4,0xE4E4F6E4,0xE4919191,0x0D0D4545,
	0xBFE97E4C,0xB6E03DC1,0xE0E0E0B6,0xC1F4E0E0,0xDC1B2EBF,0x45450D8E,0x9191E4E4,0xE4E4E4E4,
	0x91E4E4E4,0xE49191E4,0x0D0D4545,0xBF8827DC,0xE0E027C1,0xE0B6E0E0,0xC13DE0E0,0x4C27A7BF,
	0x45450D0D,0xE4E49191,0xE4E4E4E4,0xE491E4E4,0x91E4E4E4,0x8E0D4545,0x9E621B4C,0xE0E0B5C1,
	0xE0E0E0E0,0x753DE0E0,0xDC002BBF,0x450D0D0D,0xE4E4E4E4,0xE4E4E4E4,0xE4E4E4E4,0x919191E4,
	0x0D0D4545,0x4EC2CCDC,0xE0401B62,0xE2E0E0E0,0x757F9DFC,0x944E4E94,0x4E26254E,0x4E989494,

	0xBF949494,0xC6946D1A,0x75C6C651,0x3F9D995C,0xE0E0E0CC,0xC21B40E0,0xF23DC2C6,0x0D8E8E2C,
	0xE4914545,0xE491E4E4,0xE4E4E4E4,0x4591E4E4,0xFD0D0D45,0xBFA73D76,0xE0E03D35,0xE0E0E0E0,
	0xC127E0E0,0x09CCC1BF,0x0D0D8E2C,0xE4E4E445,0xE4E4E4E4,0xE4E4E4E4,0x459191E4,0x8E8E0D45,
	0xBF957EED,0xE0E03DC1,0xE0E0E0E0,0xC1F4E0B6,0x091B2EBF,0x450D8EFD,0xE491E445,0xE4E4E4E4,
	0xE491E4E4,0x459191E4,0x8E8E0D0D,0xBF882709,0xE0E027C1,0xE0E0E0E0,0xC13DE0E0,0xDC27A7BF,
	0x450D8E8E,0xE4E49145,0xE4E4E4E4,0xE4E4E4E4,0x4591E4E4,0x2C8E0D0D,0x262B1B09,0xE0E0B5C1,
	0xE0E0E0E0,0x751BB6E0,0x763D2BBF,0x0D8E8E8E,0xE491E445,0xE4E4E4E4,0x91E4E491,0x459191E4,
	0x8E8E0D0D,0x4EC23D09,0xE0721BC2,0x89B6E0E0,0x75999D3F,0x4E944EB4,0x1A8A941C,0x4E4E4E94,

	0xC69494C6,0x9FC688F7,0xD8C6C63F,0x3F479979,0xE0E0E089,0xC21B40E0,0x7600C2DF,0x8E2CFDFD,
	0xE4914545,0x9191E4E4,0xE4E4E4E4,0x4545E4E4,0xFD8E8E0D,0xBFA73D76,0xE0E03D35,0xE0E0E0E0,
	0x6227E0E0,0x76892BBF,0x0D8EFDFD,0xE4E4450D,0xE4E4E4E4,0xE491E4E4,0x0D4591E4,0x7DFDFD8E,
	0xBF9527ED,0xE0E03DC1,0xE0E0E0E0,0x6227E0E0,0x301B2EBF,0x0D8EFDFD,0xE4E44545,0xE4E4E4E4,
	0xE4E4E4E4,0x0D9191E4,0xFDFD8E8E,0xBFA82730,0xE0E027C1,0xE0E0E0B6,0xC13DE0E0,0x7627E9A5,
	0x0D8EFDFD,0xE4E4450D,0xE4E4E4E4,0xE4E4E4E4,0x0D4591E4,0x7DFDFD8E,0x26C21B09,0xE0E0B5C1,
	0xE0E0E0E0,0x751BE0E0,0x843D2BBF,0x0D8EFDFD,0x91E44545,0xE4E491E4,0xE491E491,0x0D4591E4,
	0xFDFD8E0D,0x4EC23D76,0xE0401BE5,0x41E0E0E0,0x79589D3F,0x4E944E75,0x623FC687,0x514EC694,

	0xC6C69494,0x5BC68898,0x754EC622,0x40FE5820,0xE0E0E089,0xC21B40E0,0x8400A794,0x8EFDFD19,
	0xE4E4450D,0xE4E4E4E4,0xE4E4E4E4,0x0D45E4E4,0x9BFD8E8E,0xBFE93D30,0xE0E03D35,0xE0E0E0E0,
	0xC127E0E0,0x76CC624E,0x8EFDFD19,0x91E4450D,0xE4E4E4E4,0xE4E4E4E4,0x0D45E491,0x9B7DFD8E,
	0xBF662784,0xE0B63DC1,0xE0E0E0E0,0x62F4E0E0,0x841B2EBF,0x8E8EFD43,0x91E4450D,0xE4E4E491,
	0xE4E4E4E4,0x0D45E4E4,0x0B7DFD2C,0xBF882784,0xE0E027C1,0xE0E0E0E0,0xC13DE0E0,0x302795BF,
	0x8EFD7D9B,0xE4E4450D,0xE4E4E491,0xE4E4E4E4,0x0D4591E4,0x197DFD8E,0x262B1B30,0xE0E0B5C1,
	0xE0E040E0,0x751BE0E0,0x1F3D2BBF,0x8EFDFDE6,0xE4E4450D,0xE4E491E4,0xE4E4E4E4,0x8E4545E4,
	0x7DFDFD8E,0xBFA73D84,0xE0401BE5,0x41E0E0E0,0xC5E2A440,0x4E9494D1,0xF5879487,0x4E949494,

	0x88C69494,0x51C6C66D,0xD84E4E4E,0x894E5580,0xE0E0E099,0xC21B40E0,0x8400A794,0xFD7D9B65,
	0xE4450D8E,0xE4E4E4E4,0xE4E4E4E4,0x8E0D45E4,0xDE9B7D8E,0xBF950084,0xE0E03DD1,0xE0E0E0E0,
	0x62F4E0E0,0x304862BF,0xFDFD9B65,0xE445458E,0xE4E4E4E4,0xE4E491E4,0x8E0D45E4,0xDE0B7DFD,
	0xBF662784,0xE0E03DC1,0xE0E0E0E0,0x62F4B6E0,0x303D2EBF,0x8EFD9B0B,0xE4450D8E,0xE4E4E4E4,
	0x91E4E4E4,0x8E0D45E4,0xF99BFD8E,0xBF1CB530,0xE0E027C1,0xE0E0E0B6,0xC13DE0E0,0x845895BF,
	0xFD7D0B0B,0xE491450D,0xE4E4E4E4,0xE4E4E4E4,0x8E0D4591,0x65E67DFD,0xA52B1B30,0xE0E0B5C1,
	0xE0E0E0E0,0x751BE0E0,0x84CC1ABF,0x8E7DE665,0x45450D8E,0xE491E4E4,0xE4E49191,0x8E0D45E4,
	0x0BE67DFD,0x4EA73D84,0x40E01BE5,0x41E0E0E0,0x56F4F741,0x4E4E4ED8,0x9A51C687,0x94949494,

	0xBF947894,0x40C6C6C5,0x4D784E4E,0x89BFC5E0,0xE0E0E07E,0xC21B20E0,0x1F00A74E,0x7D0BF98B,
	0xE4450D8E,0xE4E4E4E4,0xE4E4E491,0xFD0D45E4,0x76B3DE7D,0x25953D84,0xE0E03D4D,0xE0E0E0E0,
	0xC2F4E0E0,0x844862BF,0xFD7D658B,0xE4450D8E,0xE4E4E4E4,0xE4E4E491,0x8E0D45E4,0x30650B7D,
	0xBF665884,0xE0E03DC1,0xE0E0E0E0,0x62F4E0E0,0x303D2EBF,0xFD0BEC09,0xE4450DFD,0xE4E4E4E4,
	0xE4E4E4E4,0xFD0D45E4,0x76EC0BFD,0xBF1C4184,0xE0E027C1,0xE0E0E080,0xC13DE0B6,0x847EE9BF,
	0xFD0BB309,0xE4450D8E,0xE4E4E4E4,0xE4E4E4E4,0x8E0D45E4,0x84EC7D7D,0x26628930,0xE0E0B562,
	0xE0E0B6E0,0x351BE0E0,0x84CCA7BF,0xFD0B6576,0x91450D8E,0xE491E4E4,0xE4E4E4E4,0xFD8E45E4,
	0x8BEC9B7D,0xBFC23D1F,0x40E01BC2,0x58E0E0E0,0x20F4F841,0x4E4EBF75,0xC54EBF40,0x9494945C,

	0x1194C694,0x409494C5,0x26BA4E4E,0x894EC5E0,0x40E0E097,0xC21BE0B6,0x023DC24E,0xF2767684,
	0x2D2D5916,0x19191919,0x19191919,0xF2162D19,0x1F7609F2,0x25953D8F,0xE0E01B4D,0xE0E0E0E0,
	0xC127E0E0,0x8F41AC94,0xF276761F,0x195916F2,0x2D2D2D2D,0x19191919,0x16591919,0x1F0909F2,
	0xBF957E9C,0xE0E03DC1,0xE0E020E0,0x62F4E0E0,0x9C3D9ABF,0xF2093084,0x2D1916F2,0x192D2D2D,
	0x19191919,0xDC9B1919,0x847609F2,0xBF1C4896,0xE0E02762,0xE0E0E0B6,0xC13DB6E0,0x447EE9BF,
	0xF2F2761F,0x2D2D59DC,0x2D2D2D2D,0x2D2D2D2D,0xF2162D19,0x1F7676F2,0x9E628902,0xE0E0B562,
	0xE0E0E0E0,0x751BE0E0,0x8F3DA7BF,0xF2097630,0x2D4316F2,0x192D2D2D,0x19191919,0x16162D2D,
	0x307609F2,0xA51A8944,0xE0201BC2,0x1540E0E0,0xE0C5F848,0x4E4EB4C6,0x6D4E4E40,0x94949411,

	0x7994C6C6,0x4079253F,0x7975254E,0x89C6C5E0,0xE0E0E056,0xC21B20E0,0xCC893EC6,0x00003131,
	0x31000000,0x31313131,0x31003131,0x00000031,0x7A310000,0x4E663DCC,0xE0E03D35,0xE0E0E0E0,
	0xC2F4E0E0,0xCC4162C6,0x00000000,0x00000000,0x31313131,0x31313131,0x00000031,0x31000000,
	0xC62EF431,0xE0E03DC1,0xE0E0B6B6,0x62F4E0E0,0x003D90A5,0x00003100,0x31310000,0x31313131,
	0x31313131,0x00000000,0x00000000,0x4E1C3D00,0xE0722762,0xE0E0E0E0,0xC13DE0E0,0x7A2766BF,
	0x00000000,0x31000000,0x31310000,0x31313131,0x00000000,0x31000000,0xBFC21BCC,0xE0E0B562,
	0xE0E0E0E0,0x353DB6E0,0x00489ABF,0x00000000,0x31000000,0x31313131,0x00313131,0x00000031,
	0x31000000,0x4E3E7FCC,0xE0801BC2,0x2040E0E0,0xE0C5B489,0x4E4E5C3F,0x3F4EBE40,0x94C69488,

	0x205B78C6,0xDB3F4E79,0x7975944E,0x89C68727,0xB6E0E0B6,0xC21BE0E0,0x4D4DCBF7,0x1A1A1A4D,
	0x4D4DC2C2,0x1A754D1A,0x1A1A1A1A,0x75757575,0xD8751A75,0xF7794D4D,0xE0E01B4D,0xE0B6B6E0,
	0x62F4E0E0,0x754D8A87,0x1A1A1A1A,0x1A4D1AC2,0x1A1A1A1A,0x1A1A1A1A,0x5F5F1A1A,0x1A1A1A5F,
	0x46954D1A,0xB6403D6C,0xE0E0B6E0,0x6227E0E0,0x4D1A1C9A,0x751A4D4D,0x4D4D4D4D,0x4D4DC24D,
	0x1AC24D4D,0x1A4DC24D,0x4D4D1A4D,0x98881A1A,0xE0E02762,0xB6B6E0E0,0x6C3DE0E0,0xC24DF795,
	0x1A751A5F,0x7575C21A,0xC2C24DC2,0x4D4DC21A,0x1A1AC24D,0x1A1A1A75,0xFC344D4D,0xE0E0B562,
	0xE0E0E0B6,0x351BE0E0,0x5F756E46,0x1A757575,0x1A751A1A,0x1AC2C21A,0xC21A1A4D,0x1A1A4D4D,
	0x7C4DC2C2,0x9A6EAC4D,0x40201BC2,0x80E0E0E0,0x41A5B489,0x4E4E5C3F,0x3F4E3FF7,0x94DF5B8A,

	0xC59FC6C6,0x4E40BF4E,0x7975944E,0x89258827,0xB6E0E020,0x6C1BB6B6,0xBFBFBF6E,0xA5BFBFA5,
	0x0F0FA5BF,0xBF9EBF26,0xBF269E0F,0x0FA5A5A5,0x0F9EBF0F,0x6EBFBFBF,0xE0E01B6C,0xE0E0E0E0,
	0x6CF4E0E0,0x26A5BF0E,0xBFBF0FA5,0x0FBFBFBF,0xBFA5BFBF,0x0FBFBF0F,0x9E26A526,0x26260F0F,
	0x01BFA526,0xE0E03D6C,0xE0B6B6E0,0x6C2720B6,0xBFBFBFCB,0x0F26BFBF,0xBFBF0FBF,0xBF9E0F0F,
	0x0F26BFBF,0x0FBF0FA5,0xBF0FBFBF,0xCBA50FBF,0xE0E0276C,0xE020E0B6,0xD63D40E0,0x26BFBF6E,
	0x0F26A526,0x260F260F,0x0F0F0FBF,0x26BFA59E,0x26A50FBF,0x262626BF,0x0E4E2626,0xE0E0B5D6,
	0xE0E0E0E0,0xC11BE0E0,0x2626A5CB,0x9E0F0FBF,0x0F0F0FA5,0x2626A526,0x9E0F0F0F,0x0F262626,
	0x0F26A5A5,0xCBBFBFBF,0x20201B6C,0x8040E0E0,0x41A5B489,0x254E1179,0x4E4E3F4E,0xC6C65B40,

	0x204EC6C6,0x25874E4E,0x79D8C6C6,0x1B4EC641,0xE0E0E020,0x9789E0E0,0xF0F08AEF,0xF034F0F0,
	0xF08AF0F0,0x8A8A348A,0x8A8A8AF0,0x8A348A34,0x8A8A8AF0,0xEF8A8A8A,0xE0E089B6,0xE0E0E0E0,
	0x97F4E0E0,0x8A8AF08A,0xF08A8A8A,0xF0F0F08A,0x8AF08AF0,0x8AF03434,0x8A8A8A8A,0xF08A8A34,
	0xCB8AF0F0,0xE0E03D69,0xB6B6E0E0,0x9727B620,0x8A8A8A8A,0x8A8A8A8A,0x8A8A8A34,0x8AF08A8A,
	0x8AF0F08A,0x8A8A8A8A,0x8A8A8A8A,0x8A8A8A8A,0xE0E02797,0xE0E0E0E0,0x693DE0E0,0xF0F08A8A,
	0xF0F0F0F0,0x3434F08A,0x8AF0F08A,0x8A34348A,0x8A8AF08A,0xF08A8A8A,0x8A8AF08A,0xE0E02797,
	0xE0E0E0E0,0xB61BE0E0,0x8A8A8A8A,0xF08A8A8A,0x8A8A8A8A,0x8A8A8A34,0x8A348A8A,0x348A8A8A,
	0x8AF0F0F0,0xEF8A8A8A,0xE04089B6,0x20E0E0E0,0x4178F889,0x4E947579,0x4E4E404E,0x94949F40,

	0x801C9F94,0xC6872594,0x79D878C6,0x1BF7B441,0xE0E0E080,0x89F4E040,0x97B6B6B6,0x80B6B697,
	0x97979797,0xB6B6B697,0xB6B6B6B6,0xB6975697,0x97B6B680,0x9797B6B6,0xE0E0F4CC,0xE0E0E0E0,
	0xCC97E0E0,0x80B69797,0x9797B697,0x97979797,0xB6B69797,0xB6B6B6B6,0x97B6B680,0x97975697,
	0xB6979756,0xE0E015CC,0xB6B620E0,0xCC97B6B6,0xB6B6B6B6,0x979797B6,0x97979797,0x97B69797,
	0xB6979797,0xB697B697,0xB697B680,0x97B6B6B6,0xE0E015CC,0xE0E0E0E0,0xCC15E0E0,0xB6979797,
	0x97979797,0x97979797,0xB680B697,0xB6979756,0x97B6B6B6,0x97B6B6B6,0x979797B6,0xE0E056CC,
	0xB6E0B6B6,0x3DF420B6,0x9797B697,0xB6B6B6B6,0xB69797B6,0x97979797,0x97979797,0x97B6B6B6,
	0x979797B6,0xCEB6B6B6,0xE04015E2,0x20E0E0E0,0x485B4689,0x94DFBA3F,0x94C6F794,0xC6C64E40,

	0xFC1CC694,0xC6F5F5C6,0x52BF78C6,0x3D982148,0xE0E0E097,0x7FE0E040,0x3DCCCCCC,0xCCCCCC3D,
	0xCC3DCC3D,0xCCCCCC3D,0x3D3DCCCC,0xCC3D3DCC,0x3D3D3D3D,0x3DCC3DCC,0xE0E0B658,0xE040E0E0,
	0x58B6E0E0,0xCC3DCC00,0x3D3D3DCC,0xCCCC3D3D,0x3D3DCCCC,0x3D3D3D3D,0xCCCC3D3D,0xCCCCCC3D,
	0x3D3D3DCC,0xE0E0B627,0xB6B6B6E0,0x58B620B6,0xCC3DCC00,0x3DCCCC3D,0x3D3D3DCC,0x3D3D003D,
	0x3DCC3D3D,0x3D3DCCCC,0x3DCCCCCC,0x3DCC3D3D,0x2020B658,0xE0E0E0E0,0x7FE04020,0xCC00CC3D,
	0x3DCCCCCC,0x3D3DCCCC,0xCC3DCC3D,0x3DCCCC3D,0x3D3D3D3D,0x3DCCCCCC,0x3D3DCCCC,0xE0E0B658,
	0xB6B62020,0x58B62080,0x00CCCC00,0xCCCCCCCC,0xCCCCCCCC,0xCC3D3DCC,0xCCCCCCCC,0xCCCCCCCC,
	0xCCCCCCCC,0xCCCCCCCC,0xE0E0E07F,0x15E0E0E0,0xE2B4F789,0x94785D40,0x94C6F7C6,0x4EC66E87,

	0xF752C64E,0xC646F59F,0x22CB78C6,0x1B8725E2,0xE0E0B615,0xE0E0E0E0,0x7E7E1515,0x7E151515,
	0x7E7E7E7E,0x7E7E7E7E,0x7E7E7E7E,0x7E7E7E7E,0x7E7E7E7E,0x7E7E7E7E,0x40E0E0E0,0x404040E0,
	0x20B64040,0x15157E7E,0x15157E15,0x7E7E1515,0x7E15157E,0x7E7E7E7E,0x15157E7E,0x1515157E,
	0x7E7E7E7E,0xE0E080E0,0xE0E0E0E0,0xE0E040B6,0x7E7E7E7E,0x7E7E157E,0x7E15157E,0x7E7E7E7E,
	0x7E7E7E7E,0x7E7E7E7E,0x157E7E15,0x157E157E,0x2040E0B6,0x4040E0B6,0xB6404020,0x7E7E7E7E,
	0x7E7E15F1,0x7E7E7E7E,0x7E7E7E7E,0x7E7E7E7E,0x7E7E7E7E,0x7E7E7E15,0x7E7E7E7E,0xE0E0E0B6,
	0x20E0E0E0,0xB62020B6,0x7E157EF1,0x7E7E7E7E,0x7E7E7E7E,0x7E7E7E7E,0x7E7E7E7E,0x157E7E7E,
	0x7E157E7E,0x157E7E7E,0xE0E0E0E0,0x15B6E0E0,0xE2F7881B,0x949E34E0,0x4E2551C6,0x4EC63F87,

	0x4DB6254E,0xC646404D,0x27CB1178,0x3D985115,0xE0E015B0,0xB6E0E0E0,0xB6B6B6E0,0xE0E0E0E0,
	0xB620E0E0,0xB6B6B6B6,0xB6B6B6B6,0x80202020,0xB680B620,0x40B620B6,0x20E0E0E0,0xE0E020E0,
	0x20E0E0E0,0xE020E0B6,0xB6B6B620,0x20B6E0E0,0xE0B620B6,0x20B6B6B6,0xE0E0B6E0,0x20E0E0B6,
	0x402020E0,0x20204020,0x40E0E040,0x20202040,0xE0B6E0E0,0xE0E0E0E0,0xB6E040E0,0xB6B6B6E0,
	0x20B6E020,0xB6E0B620,0xE0B6B6E0,0xE0E0E0E0,0xE0E0E040,0x2020E0E0,0xE020E0E0,0xB6E0B620,
	0xB6E0E0E0,0xB6B6E0B6,0xB62020B6,0x20202020,0x2020B620,0xB6B6B620,0xB6B6E0B6,0x40E020B6,
	0xB6E0E0E0,0xB6E0B6B6,0xE0B6B6E0,0xB6B6E0E0,0x20E0B6B6,0x20202080,0xB62080B6,0xE0E0E0B6,
	0x20B6E0E0,0xB6B6B6B6,0xE0E0E0E0,0xB656B6E0,0x6988881B,0xDF758A89,0xC64646C6,0xB4252021,

	0xD852255C,0xD1C2B5C2,0xE28A11D8,0x8998F7D9,0xE015E097,0x3DB6B6E0,0x3D3D3D00,0x3D3D3D3D,
	0x3D3D3D3D,0x3D3D3D3D,0x3D3D3D3D,0x3D3D3D3D,0x3D3D3D3D,0x3D3DCC3D,0x3D3D3D3D,0x3D3D3D3D,
	0x3D3D3D3D,0x3D3D3D3D,0x3D3D3D3D,0x3D3D3D3D,0x3D3D3D3D,0x3D3D3D3D,0x3D3D3D3D,0x3D3D3D3D,
	0x3D3D3D3D,0x3D3D3D3D,0x3D3D3D3D,0x3D3D3D3D,0x3D3D3D3D,0x3D3D3D3D,0x3D3D3D3D,0x3D3D3D3D,
	0x3D3D3D3D,0x3D3D3D3D,0x3D3D3D3D,0x3D3D3D3D,0x3D3D3D3D,0x3D3D3D3D,0x3D3D3D3D,0x3D3D3D3D,
	0x3D3D3D3D,0x3D3D3D3D,0x3D3D3D3D,0x3D3D3D3D,0x3D3D3D3D,0x3D3D3D3D,0x3D3D3D3D,0x3D3D3D3D,
	0x3D1B891B,0x3D3D3D3D,0x3D3D3D3D,0x3D3D3D3D,0x3D3D3D3D,0x3D3D3D3D,0x3D3D3D3D,0x3D3D3D3D,
	0x3D3D3D3D,0x00003D3D,0xE0E0E03D,0x97E015E0,0x70883A89,0xD811CBE2,0xD12B2BD1,0x11462075,

	0xC29A66C2,0x1AA727C1,0x89551AC2,0x1B52F8F8,0x89898989,0x3D003D89,0x3EA7E9A7,0x3EA73E3E,
	0x9595E93E,0xE9E99595,0xA7E9E9E9,0xE9E9E9E9,0x1AA7E9E9,0xE9E9003D,0xE9E9E995,0xE9A7A7E9,
	0xA7A7A7A7,0xE9E9E9A7,0x3EA7A7A7,0xA7A7A7A7,0xA7A7A7A7,0xA7A73E3E,0xA73EA7A7,0xA7A73EA7,
	0xA7A7A7A7,0xA7A7A7A7,0x3EA7A7A7,0x3E3EA7A7,0x3E3E3EA7,0xA73E3E3E,0xA7A7A7A7,0x3EA73E3E,
	0xA7A7A7A7,0x3EA73EA7,0xA7A7A7A7,0xA7A73E3E,0xA7A7A73E,0x3E3EA7A7,0x3E3EA73E,0x3E3E3E3E,
	0xA73E3E3E,0xA72B3E3E,0x3EA73E3E,0xA7A73EA7,0xA7A7A73E,0xE9A7A7A7,0xE9A7A7A7,0xA7A7A7A7,
	0xE93D3DA7,0xE9E9E995,0xA7A7E9E9,0xE9E9A7A7,0xE99595E9,0xE9E9E9E9,0xE9E9E9E9,0xE9A7E9E9,
	0xA7A7A7A7,0x9595E9E9,0x893D003D,0xE2898989,0x88465289,0x1A1A40E2,0xA7E9661A,0x1A66E0A7,

	0x97971597,0x97979997,0xE2979797,0x4E884EB4,0x514E4E4E,0x951B5151,0x05C59255,0x99B5FAFA,
	0xF6AF9999,0xE2F691F6,0xF11792F1,0x92921792,0x7017F1F1,0xF11C1B2B,0xF1F1F1F1,0x1792F117,
	0x58999999,0x17991758,0x99999999,0x58175817,0x999917F1,0x17171717,0x99999999,0x17179999,
	0x99179917,0x99991799,0x99585817,0x99171717,0x17999999,0x99171717,0x99179999,0x99999999,
	0x99999999,0x99999917,0x99999999,0x99999917,0x99F15899,0x99179999,0xF1171717,0x999917F1,
	0x99999999,0x17179999,0x17179917,0x99999917,0x99991799,0x17171799,0x92929292,0x58929292,
	0x4090E120,0x17F19958,0xF1999999,0x99F19292,0x99995899,0x17171717,0x99589999,0x60921717,
	0x92179292,0x9D99F192,0x5198BD95,0xF7F7F7F7,0x952588A5,0x569797E2,0x97419797,0x97979797,

	0x971597B6,0x97975897,0xE2979797,0xBF4E4ED9,0x5151F74E,0x951B5151,0xDA184858,0x4837DADA,
	0x02026099,0x3B960202,0xF1929231,0x92179292,0x58179292,0x92551B3E,0xF192F160,0x99179292,
	0x60999999,0x991717F1,0x99999999,0x99999999,0x92999999,0x9917F117,0x99999999,0x99179999,
	0x17999999,0x99171717,0x99999999,0x17179999,0x99991717,0x60179999,0x991799B1,0x99999999,
	0x58F19999,0x99999999,0x17999999,0x99991717,0x99171799,0x999917F1,0x17991799,0x2F99F117,
	0x67009999,0x99999999,0x17179999,0x17171717,0x67009999,0x179217FB,0x17179217,0xF11792F1,
	0x2790E127,0x92601760,0x276E0458,0x58929292,0x41417A17,0x17991789,0x080D99F1,0x929217FB,
	0x083B9292,0x58589292,0x8888BD95,0xA5A55126,0x204EBF4E,0x979797E2,0x97589756,0x56971597,

	0x97F19797,0x97151597,0xE2978097,0xF8B45B7F,0xB4B4B4F8,0x1A1BB495,0xDADDBD7F,0x486818DA,
	0xAB8FF699,0x02ABADAD,0xF192F131,0x92929292,0x92F19292,0x92551B3E,0x92921717,0x00F1F1F1,
	0xAD485757,0xADFB60D7,0xFBADE2AD,0xADAD2FAD,0x00ADAD00,0x0085F117,0xADFBC87A,0x992A7A57,
	0xC8ADAD57,0x9217FB99,0xE2ADADAD,0x86171799,0xADAF1799,0x92996BAD,0xCCF160AD,0x007A08C8,
	0xADFBADAD,0xC8000008,0x99FB73AD,0xCC449917,0x9957AD00,0xAD000099,0xADAD0000,0xAD9292CC,
	0x67719917,0x001E1E06,0x08C71E67,0x677B1E1E,0x33673333,0x9217F108,0xF11717F1,0x92F1F192,
	0xF490E127,0x48929292,0xDDDDDADD,0x17F117FB,0x428C491B,0x5817BD36,0xEBE2EBCC,0x92929914,
	0x03020808,0x58921708,0xB4B4BD95,0x21952195,0xF1B4B4B4,0x569797E2,0x97151597,0x56977E97,

	0x97159797,0x97151597,0x97979797,0x1597E008,0x15151515,0x5F1B1515,0xDADDB57F,0x1B9FDDDD,
	0x578FF660,0x02AB5457,0x92929231,0x92929292,0x58606092,0x92553D3E,0x92929292,0x00171792,
	0xAD57002F,0x004492D7,0x00ADAF00,0x0000E7AD,0xAD7AA900,0x7A851717,0x00ADA900,0x00444853,
	0x5308AD86,0xD7F16B7A,0xFB7A00AD,0xAD081799,0x00D71760,0x6099FB7A,0x7A1760AD,0x00AF6157,
	0xADAD7A6B,0xD3000057,0x00B1AD00,0x7A6BCC99,0x00B17AAD,0x86FBAD7A,0x007AAD00,0xAD92F100,
	0x00711717,0x4A67677B,0x67330033,0x33677A67,0x33E28267,0x9292177A,0x17929292,0x60929217,
	0x27B0E127,0xDD929260,0xDA1818DD,0x60171748,0x363642BD,0x92994936,0x14141431,0x5817FB14,
	0x96962308,0x7E920823,0x151589A7,0x15151515,0x08971515,0x97979797,0x97157F97,0x97809797,

	0x97979797,0x97E29797,0x97979797,0x15157FE2,0x15151515,0x5F3D1515,0xDD68BD7F,0xBD3963DD,
	0xAD8FF692,0x02ABADAD,0x92929231,0x17929292,0x58929260,0x92553D3E,0x92929292,0x00179292,
	0xAD00ADAD,0xAD441799,0xAD00AFAD,0xADAD4400,0x2AADAD31,0x57D21717,0xAD57A9AD,0x57737A57,
	0x5308AD86,0x9999997A,0xE2A9ADAD,0x006BD7F1,0xADFB1717,0x99992AAD,0xCC17D7AD,0x0000AFC8,
	0xADADADAD,0x5700AD7A,0x997AADAD,0x006B9999,0x312F7AAD,0x5317D7C8,0x007AAD00,0xAD929900,
	0x00716092,0x671E3306,0x67331E33,0x71671E1E,0x1E7A7133,0x92F1F17A,0x60929292,0x92179292,
	0x2790E127,0xDD929292,0xDADA18DA,0xF1179248,0x3636361B,0x9292CC8C,0x6F6FEB31,0x17171714,
	0xE6A2AB60,0x58F1F1FB,0x151589A7,0x15151515,0x08151515,0x56975697,0x9715E256,0x97569797,

	0x58979797,0x97E29797,0x97979797,0x1515997F,0x15151515,0x5F891515,0x9E39BD7E,0xBD685B78,
	0x8E2D1D92,0x028FABAB,0x92929231,0x17929217,0x58929292,0x92551BA7,0x92929292,0x00179292,
	0xAD99FB2F,0x7AB12AD2,0xAD99AF00,0x6B85B199,0xAD993C00,0x00D2F199,0x08ADA9FB,0xCC617A86,
	0x572AAD86,0x9999D700,0x31AD856B,0xD74408F1,0xD27A9917,0x99992F85,0x0099FBAD,0x0000993C,
	0xADAD0844,0xA9000099,0x31AFADFB,0x6BA9CC17,0x00C82A86,0x8699172F,0x6B6B5385,0xAD999900,
	0x00719917,0xFBFB6706,0x6733D733,0xC31E6771,0x1E671E82,0x9292927A,0x92929292,0x92179217,
	0x7E70E127,0xFA926092,0x0ADDDADA,0x17921741,0x0F018999,0x60D71758,0xF66F9992,0x99F19999,
	0x2D451931,0x7E929902,0x1515895F,0x15151515,0x7E581515,0x97979797,0x9756E258,0x97565699,

	0xF1979797,0xE2E2977E,0x97979797,0x15974197,0x15151515,0xA7891515,0x68BCCC7E,0xCC3E6868,
	0x028F3199,0x31020202,0x1792F100,0x92929292,0x58929299,0x92551B3E,0x929217F1,0x99F11792,
	0x7A999908,0x99E2087A,0xCC997AE2,0xCC7A08F1,0xCC9900CC,0xFB081799,0x99CCCC99,0xFBCC08CC,
	0x7ACCCC31,0x99991799,0x99E2087A,0x17FB0899,0x7AE21717,0x9999997A,0xE299FBAD,0x08081731,
	0x080899E2,0x317AE299,0x1799CCE2,0x7A7A9917,0xE2E2CC48,0x7A1717FB,0xCCCCFB08,0x57999999,
	0x3371FBFB,0x99997A7A,0xFB7A9982,0x7AFB677A,0x4A67087A,0xF1F1177A,0x60929217,0x92929292,
	0xF43AE127,0x58999917,0x3D0C0C1B,0x60929217,0xCCE29999,0x60601799,0xE2CC6060,0x99179999,
	0x17993100,0x7EF19931,0x15158995,0x15151515,0x97991515,0x97979797,0x979741E2,0xE2979797,

	0x7E9797E2,0xE29797F1,0x97979797,0xB6154197,0x15151515,0xE9891515,0x4848413E,0x99484848,
	0xE2E29999,0xFBE2E2E2,0x92929258,0x92929292,0xE9585892,0x58211B2B,0x58F15858,0x58925858,
	0x58585858,0x41994199,0x99999941,0x99999999,0x99999941,0x99999999,0x58999999,0x41999999,
	0x99FB4141,0x58589999,0x99995858,0x99999999,0x99419999,0x99999999,0x99994148,0x99999999,
	0x99999999,0x41999999,0x99999999,0x99995899,0x99994141,0x99589999,0x99999999,0x7A995858,
	0x7A48E2FB,0x99999999,0x99999999,0x99999999,0x7A414199,0x585892E2,0x92925892,0x58929292,
	0xA790E166,0x58585858,0x58274158,0x58589292,0x58585858,0x9292F158,0x99995892,0x99999999,
	0x99999999,0xE9585899,0x151589E9,0x15151515,0x97E21597,0x97975697,0x975697E2,0xE2979799,

	0x15977FE2,0xFB97B215,0x979797FB,0x975808E2,0x15B29797,0xCCCC1515,0xB73EB73E,0xB73E3EB7,
	0x2BB7B7B7,0x2BB72BB7,0xB7B7B7B7,0xB7B7B7B7,0x3EB7B7B7,0x3EA3CC3D,0x3E3E3E3E,0x2BB7B7B7,
	0x2BC1C1C1,0x2BB7B7B7,0x2B2B3EB7,0x2B2B2B2B,0x2BC12B2B,0xB7B7B72B,0x2B2B2B2B,0x2B2B2B2B,
	0xB7B72BB7,0x62C1C12B,0xC1C16262,0xC1B7C1C1,0xC1C1C1C1,0x3EC162C1,0x3EB73E3E,0x3E3E3EB7,
	0x2B3E3E3E,0x2B2BB73E,0x2B2B2B2B,0x2BC12B2B,0x3E2B2B2B,0xC12B2B3E,0x2B2BC1C1,0xA73E2B2B,
	0x2B3E3E3E,0xC162622B,0x2B2B2BC1,0x2BC1C12B,0x2B2B2BC1,0xB7B72B2B,0xB7B7B7B7,0xB73EB73E,
	0xE90000B7,0xB7B7E9E9,0xC1C1B73E,0xB7B7B72B,0x3E2BB73E,0xB73E3EB7,0xB73EB7B7,0x3EB73E3E,
	0x3E3E3E3E,0x3EA73E3E,0x15B289CC,0x15151515,0xE20899B2,0xE2979797,0x9915B2E2,0x0858B299,
};

const unsigned short touch_bgPal[256] __attribute__((aligned(4))) __attribute__((visibility("hidden")))=
{
	0x0000,0x088C,0x520D,0x1883,0x094C,0x0027,0x2167,0x2DCD,
	0x0821,0x776D,0x018E,0x4D83,0x25D6,0x28E4,0x046A,0x10CF,
	0x5B5E,0x1973,0x18E4,0x1532,0x59F7,0x0C66,0x5E89,0x1043,
	0x1EDE,0x4586,0x2173,0x0002,0x10CC,0x1CA3,0x3AAC,0x7FFA,
	0x0C68,0x1D52,0x108A,0x668F,0x3E55,0x150F,0x10CE,0x0844,
	0x2170,0x4ADE,0x1D09,0x2593,0x2D05,0x49A7,0x1D2F,0x39EF,
	0x7FF4,0x0400,0x14A3,0x3AAA,0x0469,0x1D93,0x18B9,0x2A18,
	0x2927,0x0953,0x14CC,0x24E5,0x5AF8,0x0001,0x2592,0x0C8A,

	0x0C89,0x0823,0x2536,0x51C7,0x4E72,0x24C4,0x190F,0x18CA,
	0x0423,0x2977,0x2E0A,0x1D30,0x6AE7,0x2194,0x14EF,0x1932,
	0x2DF0,0x14CE,0x10AB,0x6B5A,0x3969,0x0447,0x0C67,0x7BDE,
	0x0C44,0x5609,0x3632,0x1531,0x1952,0x0CCD,0x4AB8,0x1D72,
	0x1063,0x1CE5,0x25B4,0x3EDD,0x20A3,0x5A04,0x1D50,0x0020,
	0x227B,0x14A8,0x3A59,0x318D,0x2DD4,0x0448,0x088B,0x5152,
	0x18ED,0x14C3,0x1069,0x18C6,0x25A9,0x1D73,0x7BB1,0x2532,
	0x1110,0x0C8B,0x0421,0x2146,0x21B5,0x3924,0x0C45,0x1065,

	0x1068,0x1D95,0x0841,0x36AE,0x7FF7,0x294A,0x739C,0x10AC,
	0x10CD,0x0402,0x0869,0x6F2A,0x2113,0x362F,0x2CE4,0x3D89,
	0x14CB,0x20C4,0x1064,0x3211,0x14F0,0x1D51,0x6EF3,0x1067,
	0x14CD,0x0C43,0x190E,0x5E27,0x56F0,0x1D0B,0x0CEF,0x1511,
	0x1D05,0x1533,0x55E9,0x216E,0x10A9,0x10EE,0x18A3,0x2172,
	0x10ED,0x5AD6,0x1553,0x3147,0x25B5,0x7FFF,0x0081,0x1484,
	0x14AA,0x4631,0x1086,0x6265,0x1931,0x0424,0x1088,0x2992,
	0x1464,0x3259,0x1953,0x0021,0x3E99,0x0003,0x0CAC,0x10EF,

	0x2152,0x25B3,0x2193,0x3A8F,0x1CCB,0x0867,0x1510,0x2188,
	0x6739,0x18A4,0x2E38,0x086A,0x0401,0x192F,0x1488,0x533E,
	0x14C7,0x1D94,0x2D6B,0x3A31,0x1489,0x29AE,0x29F6,0x0C63,
	0x1D74,0x10AA,0x275F,0x18EF,0x6AEA,0x379F,0x51C3,0x10F0,
	0x1089,0x0CAA,0x0822,0x1D06,0x20A4,0x21B4,0x55C7,0x5294,
	0x1D53,0x2171,0x3A30,0x6A5A,0x6A88,0x7BAE,0x214E,0x0889,
	0x0868,0x1044,0x6B0D,0x1552,0x0845,0x1910,0x1CA4,0x14EE,
	0x1930,0x6243,0x00C9,0x0842,0x14ED,0x3104,0x14AB,0x0000,
};

//}}BLOCK(touch_bg)
